patient_id,label,label_name,section,status_folder,sequence_suffix,frame,filename,image_path,fold
49,0,Healthy,Desenvolvimento da Metodologia,SAUDAΓòá├╝VEIS,dir,0,PAC_13_DN0-dir.png,C:\Users\LENOVO\OneDrive\medtech project\Imagens e Matrizes da Tese de Thiago Alves Elias da Silva\Desenvolvimento da Metodologia\SAUDAΓòá├╝VEIS\49\Segmentadas\PAC_13_DN0-dir.png,1
49,0,Healthy,Desenvolvimento da Metodologia,SAUDAΓòá├╝VEIS,dir,1,PAC_13_DN1-dir.png,C:\Users\LENOVO\OneDrive\medtech project\Imagens e Matrizes da Tese de Thiago Alves Elias da Silva\Desenvolvimento da Metodologia\SAUDAΓòá├╝VEIS\49\Segmentadas\PAC_13_DN1-dir.png,1
49,0,Healthy,Desenvolvimento da Metodologia,SAUDAΓòá├╝VEIS,dir,2,PAC_13_DN2-dir.png,C:\Users\LENOVO\OneDrive\medtech project\Imagens e Matrizes da Tese de Thiago Alves Elias da Silva\Desenvolvimento da Metodologia\SAUDAΓòá├╝VEIS\49\Segmentadas\PAC_13_DN2-dir.png,1
49,0,Healthy,Desenvolvimento da Metodologia,SAUDAΓòá├╝VEIS,dir,3,PAC_13_DN3-dir.png,C:\Users\LENOVO\OneDrive\medtech project\Imagens e Matrizes da Tese de Thiago Alves Elias da Silva\Desenvolvimento da Metodologia\SAUDAΓòá├╝VEIS\49\Segmentadas\PAC_13_DN3-dir.png,1
49,0,Healthy,Desenvolvimento da Metodologia,SAUDAΓòá├╝VEIS,dir,4,PAC_13_DN4-dir.png,C:\Users\LENOVO\OneDrive\medtech project\Imagens e Matrizes da Tese de Thiago Alves Elias da Silva\Desenvolvimento da Metodologia\SAUDAΓòá├╝VEIS\49\Segmentadas\PAC_13_DN4-dir.png,1
49,0,Healthy,Desenvolvimento da Metodologia,SAUDAΓòá├╝VEIS,dir,5,PAC_13_DN5-dir.png,C:\Users\LENOVO\OneDrive\medtech project\Imagens e Matrizes da Tese de Thiago Alves Elias da Silva\Desenvolvimento da Metodologia\SAUDAΓòá├╝VEIS\49\Segmentadas\PAC_13_DN5-dir.png,1
49,0,Healthy,Desenvolvimento da Metodologia,SAUDAΓòá├╝VEIS,dir,6,PAC_13_DN6-dir.png,C:\Users\LENOVO\OneDrive\medtech project\Imagens e Matrizes da Tese de Thiago Alves Elias da Silva\Desenvolvimento da Metodologia\SAUDAΓòá├╝VEIS\49\Segmentadas\PAC_13_DN6-dir.png,1
49,0,Healthy,Desenvolvimento da Metodologia,SAUDAΓòá├╝VEIS,dir,7,PAC_13_DN7-dir.png,C:\Users\LENOVO\OneDrive\medtech project\Imagens e Matrizes da Tese de Thiago Alves Elias da Silva\Desenvolvimento da Metodologia\SAUDAΓòá├╝VEIS\49\Segmentadas\PAC_13_DN7-dir.png,1
49,0,Healthy,Desenvolvimento da Metodologia,SAUDAΓòá├╝VEIS,dir,8,PAC_13_DN8-dir.png,C:\Users\LENOVO\OneDrive\medtech project\Imagens e Matrizes da Tese de Thiago Alves Elias da Silva\Desenvolvimento da Metodologia\SAUDAΓòá├╝VEIS\49\Segmentadas\PAC_13_DN8-dir.png,1
49,0,Healthy,Desenvolvimento da Metodologia,SAUDAΓòá├╝VEIS,dir,9,PAC_13_DN9-dir.png,C:\Users\LENOVO\OneDrive\medtech project\Imagens e Matrizes da Tese de Thiago Alves Elias da Silva\Desenvolvimento da Metodologia\SAUDAΓòá├╝VEIS\49\Segmentadas\PAC_13_DN9-dir.png,1
49,0,Healthy,Desenvolvimento da Metodologia,SAUDAΓòá├╝VEIS,dir,10,PAC_13_DN10-dir.png,C:\Users\LENOVO\OneDrive\medtech project\Imagens e Matrizes da Tese de Thiago Alves Elias da Silva\Desenvolvimento da Metodologia\SAUDAΓòá├╝VEIS\49\Segmentadas\PAC_13_DN10-dir.png,1
49,0,Healthy,Desenvolvimento da Metodologia,SAUDAΓòá├╝VEIS,dir,11,PAC_13_DN11-dir.png,C:\Users\LENOVO\OneDrive\medtech project\Imagens e Matrizes da Tese de Thiago Alves Elias da Silva\Desenvolvimento da Metodologia\SAUDAΓòá├╝VEIS\49\Segmentadas\PAC_13_DN11-dir.png,1
49,0,Healthy,Desenvolvimento da Metodologia,SAUDAΓòá├╝VEIS,dir,12,PAC_13_DN12-dir.png,C:\Users\LENOVO\OneDrive\medtech project\Imagens e Matrizes da Tese de Thiago Alves Elias da Silva\Desenvolvimento da Metodologia\SAUDAΓòá├╝VEIS\49\Segmentadas\PAC_13_DN12-dir.png,1
49,0,Healthy,Desenvolvimento da Metodologia,SAUDAΓòá├╝VEIS,dir,13,PAC_13_DN13-dir.png,C:\Users\LENOVO\OneDrive\medtech project\Imagens e Matrizes da Tese de Thiago Alves Elias da Silva\Desenvolvimento da Metodologia\SAUDAΓòá├╝VEIS\49\Segmentadas\PAC_13_DN13-dir.png,1
49,0,Healthy,Desenvolvimento da Metodologia,SAUDAΓòá├╝VEIS,dir,14,PAC_13_DN14-dir.png,C:\Users\LENOVO\OneDrive\medtech project\Imagens e Matrizes da Tese de Thiago Alves Elias da Silva\Desenvolvimento da Metodologia\SAUDAΓòá├╝VEIS\49\Segmentadas\PAC_13_DN14-dir.png,1
49,0,Healthy,Desenvolvimento da Metodologia,SAUDAΓòá├╝VEIS,dir,15,PAC_13_DN15-dir.png,C:\Users\LENOVO\OneDrive\medtech project\Imagens e Matrizes da Tese de Thiago Alves Elias da Silva\Desenvolvimento da Metodologia\SAUDAΓòá├╝VEIS\49\Segmentadas\PAC_13_DN15-dir.png,1
49,0,Healthy,Desenvolvimento da Metodologia,SAUDAΓòá├╝VEIS,dir,16,PAC_13_DN16-dir.png,C:\Users\LENOVO\OneDrive\medtech project\Imagens e Matrizes da Tese de Thiago Alves Elias da Silva\Desenvolvimento da Metodologia\SAUDAΓòá├╝VEIS\49\Segmentadas\PAC_13_DN16-dir.png,1
49,0,Healthy,Desenvolvimento da Metodologia,SAUDAΓòá├╝VEIS,dir,17,PAC_13_DN17-dir.png,C:\Users\LENOVO\OneDrive\medtech project\Imagens e Matrizes da Tese de Thiago Alves Elias da Silva\Desenvolvimento da Metodologia\SAUDAΓòá├╝VEIS\49\Segmentadas\PAC_13_DN17-dir.png,1
49,0,Healthy,Desenvolvimento da Metodologia,SAUDAΓòá├╝VEIS,dir,18,PAC_13_DN18-dir.png,C:\Users\LENOVO\OneDrive\medtech project\Imagens e Matrizes da Tese de Thiago Alves Elias da Silva\Desenvolvimento da Metodologia\SAUDAΓòá├╝VEIS\49\Segmentadas\PAC_13_DN18-dir.png,1
49,0,Healthy,Desenvolvimento da Metodologia,SAUDAΓòá├╝VEIS,dir,19,PAC_13_DN19-dir.png,C:\Users\LENOVO\OneDrive\medtech project\Imagens e Matrizes da Tese de Thiago Alves Elias da Silva\Desenvolvimento da Metodologia\SAUDAΓòá├╝VEIS\49\Segmentadas\PAC_13_DN19-dir.png,1
55,0,Healthy,Desenvolvimento da Metodologia,SAUDAΓòá├╝VEIS,dir,0,PAC_44_DN0-dir.png,C:\Users\LENOVO\OneDrive\medtech project\Imagens e Matrizes da Tese de Thiago Alves Elias da Silva\Desenvolvimento da Metodologia\SAUDAΓòá├╝VEIS\55\Segmentadas\PAC_44_DN0-dir.png,1
55,0,Healthy,Desenvolvimento da Metodologia,SAUDAΓòá├╝VEIS,dir,1,PAC_44_DN1-dir.png,C:\Users\LENOVO\OneDrive\medtech project\Imagens e Matrizes da Tese de Thiago Alves Elias da Silva\Desenvolvimento da Metodologia\SAUDAΓòá├╝VEIS\55\Segmentadas\PAC_44_DN1-dir.png,1
55,0,Healthy,Desenvolvimento da Metodologia,SAUDAΓòá├╝VEIS,dir,2,PAC_44_DN2-dir.png,C:\Users\LENOVO\OneDrive\medtech project\Imagens e Matrizes da Tese de Thiago Alves Elias da Silva\Desenvolvimento da Metodologia\SAUDAΓòá├╝VEIS\55\Segmentadas\PAC_44_DN2-dir.png,1
55,0,Healthy,Desenvolvimento da Metodologia,SAUDAΓòá├╝VEIS,dir,3,PAC_44_DN3-dir.png,C:\Users\LENOVO\OneDrive\medtech project\Imagens e Matrizes da Tese de Thiago Alves Elias da Silva\Desenvolvimento da Metodologia\SAUDAΓòá├╝VEIS\55\Segmentadas\PAC_44_DN3-dir.png,1
55,0,Healthy,Desenvolvimento da Metodologia,SAUDAΓòá├╝VEIS,dir,4,PAC_44_DN4-dir.png,C:\Users\LENOVO\OneDrive\medtech project\Imagens e Matrizes da Tese de Thiago Alves Elias da Silva\Desenvolvimento da Metodologia\SAUDAΓòá├╝VEIS\55\Segmentadas\PAC_44_DN4-dir.png,1
55,0,Healthy,Desenvolvimento da Metodologia,SAUDAΓòá├╝VEIS,dir,5,PAC_44_DN5-dir.png,C:\Users\LENOVO\OneDrive\medtech project\Imagens e Matrizes da Tese de Thiago Alves Elias da Silva\Desenvolvimento da Metodologia\SAUDAΓòá├╝VEIS\55\Segmentadas\PAC_44_DN5-dir.png,1
55,0,Healthy,Desenvolvimento da Metodologia,SAUDAΓòá├╝VEIS,dir,6,PAC_44_DN6-dir.png,C:\Users\LENOVO\OneDrive\medtech project\Imagens e Matrizes da Tese de Thiago Alves Elias da Silva\Desenvolvimento da Metodologia\SAUDAΓòá├╝VEIS\55\Segmentadas\PAC_44_DN6-dir.png,1
55,0,Healthy,Desenvolvimento da Metodologia,SAUDAΓòá├╝VEIS,dir,7,PAC_44_DN7-dir.png,C:\Users\LENOVO\OneDrive\medtech project\Imagens e Matrizes da Tese de Thiago Alves Elias da Silva\Desenvolvimento da Metodologia\SAUDAΓòá├╝VEIS\55\Segmentadas\PAC_44_DN7-dir.png,1
55,0,Healthy,Desenvolvimento da Metodologia,SAUDAΓòá├╝VEIS,dir,8,PAC_44_DN8-dir.png,C:\Users\LENOVO\OneDrive\medtech project\Imagens e Matrizes da Tese de Thiago Alves Elias da Silva\Desenvolvimento da Metodologia\SAUDAΓòá├╝VEIS\55\Segmentadas\PAC_44_DN8-dir.png,1
55,0,Healthy,Desenvolvimento da Metodologia,SAUDAΓòá├╝VEIS,dir,9,PAC_44_DN9-dir.png,C:\Users\LENOVO\OneDrive\medtech project\Imagens e Matrizes da Tese de Thiago Alves Elias da Silva\Desenvolvimento da Metodologia\SAUDAΓòá├╝VEIS\55\Segmentadas\PAC_44_DN9-dir.png,1
55,0,Healthy,Desenvolvimento da Metodologia,SAUDAΓòá├╝VEIS,dir,10,PAC_44_DN10-dir.png,C:\Users\LENOVO\OneDrive\medtech project\Imagens e Matrizes da Tese de Thiago Alves Elias da Silva\Desenvolvimento da Metodologia\SAUDAΓòá├╝VEIS\55\Segmentadas\PAC_44_DN10-dir.png,1
55,0,Healthy,Desenvolvimento da Metodologia,SAUDAΓòá├╝VEIS,dir,11,PAC_44_DN11-dir.png,C:\Users\LENOVO\OneDrive\medtech project\Imagens e Matrizes da Tese de Thiago Alves Elias da Silva\Desenvolvimento da Metodologia\SAUDAΓòá├╝VEIS\55\Segmentadas\PAC_44_DN11-dir.png,1
55,0,Healthy,Desenvolvimento da Metodologia,SAUDAΓòá├╝VEIS,dir,12,PAC_44_DN12-dir.png,C:\Users\LENOVO\OneDrive\medtech project\Imagens e Matrizes da Tese de Thiago Alves Elias da Silva\Desenvolvimento da Metodologia\SAUDAΓòá├╝VEIS\55\Segmentadas\PAC_44_DN12-dir.png,1
55,0,Healthy,Desenvolvimento da Metodologia,SAUDAΓòá├╝VEIS,dir,13,PAC_44_DN13-dir.png,C:\Users\LENOVO\OneDrive\medtech project\Imagens e Matrizes da Tese de Thiago Alves Elias da Silva\Desenvolvimento da Metodologia\SAUDAΓòá├╝VEIS\55\Segmentadas\PAC_44_DN13-dir.png,1
55,0,Healthy,Desenvolvimento da Metodologia,SAUDAΓòá├╝VEIS,dir,14,PAC_44_DN14-dir.png,C:\Users\LENOVO\OneDrive\medtech project\Imagens e Matrizes da Tese de Thiago Alves Elias da Silva\Desenvolvimento da Metodologia\SAUDAΓòá├╝VEIS\55\Segmentadas\PAC_44_DN14-dir.png,1
55,0,Healthy,Desenvolvimento da Metodologia,SAUDAΓòá├╝VEIS,dir,15,PAC_44_DN15-dir.png,C:\Users\LENOVO\OneDrive\medtech project\Imagens e Matrizes da Tese de Thiago Alves Elias da Silva\Desenvolvimento da Metodologia\SAUDAΓòá├╝VEIS\55\Segmentadas\PAC_44_DN15-dir.png,1
55,0,Healthy,Desenvolvimento da Metodologia,SAUDAΓòá├╝VEIS,dir,16,PAC_44_DN16-dir.png,C:\Users\LENOVO\OneDrive\medtech project\Imagens e Matrizes da Tese de Thiago Alves Elias da Silva\Desenvolvimento da Metodologia\SAUDAΓòá├╝VEIS\55\Segmentadas\PAC_44_DN16-dir.png,1
55,0,Healthy,Desenvolvimento da Metodologia,SAUDAΓòá├╝VEIS,dir,17,PAC_44_DN17-dir.png,C:\Users\LENOVO\OneDrive\medtech project\Imagens e Matrizes da Tese de Thiago Alves Elias da Silva\Desenvolvimento da Metodologia\SAUDAΓòá├╝VEIS\55\Segmentadas\PAC_44_DN17-dir.png,1
55,0,Healthy,Desenvolvimento da Metodologia,SAUDAΓòá├╝VEIS,dir,18,PAC_44_DN18-dir.png,C:\Users\LENOVO\OneDrive\medtech project\Imagens e Matrizes da Tese de Thiago Alves Elias da Silva\Desenvolvimento da Metodologia\SAUDAΓòá├╝VEIS\55\Segmentadas\PAC_44_DN18-dir.png,1
55,0,Healthy,Desenvolvimento da Metodologia,SAUDAΓòá├╝VEIS,dir,19,PAC_44_DN19-dir.png,C:\Users\LENOVO\OneDrive\medtech project\Imagens e Matrizes da Tese de Thiago Alves Elias da Silva\Desenvolvimento da Metodologia\SAUDAΓòá├╝VEIS\55\Segmentadas\PAC_44_DN19-dir.png,1
750,0,Healthy,Desenvolvimento da Metodologia,SAUDAΓòá├╝VEIS,dir,0,PAC_46_DN0-dir.png,C:\Users\LENOVO\OneDrive\medtech project\Imagens e Matrizes da Tese de Thiago Alves Elias da Silva\Desenvolvimento da Metodologia\SAUDAΓòá├╝VEIS\750\Segmentadas\PAC_46_DN0-dir.png,1
750,0,Healthy,Desenvolvimento da Metodologia,SAUDAΓòá├╝VEIS,dir,1,PAC_46_DN1-dir.png,C:\Users\LENOVO\OneDrive\medtech project\Imagens e Matrizes da Tese de Thiago Alves Elias da Silva\Desenvolvimento da Metodologia\SAUDAΓòá├╝VEIS\750\Segmentadas\PAC_46_DN1-dir.png,1
750,0,Healthy,Desenvolvimento da Metodologia,SAUDAΓòá├╝VEIS,dir,2,PAC_46_DN2-dir.png,C:\Users\LENOVO\OneDrive\medtech project\Imagens e Matrizes da Tese de Thiago Alves Elias da Silva\Desenvolvimento da Metodologia\SAUDAΓòá├╝VEIS\750\Segmentadas\PAC_46_DN2-dir.png,1
750,0,Healthy,Desenvolvimento da Metodologia,SAUDAΓòá├╝VEIS,dir,3,PAC_46_DN3-dir.png,C:\Users\LENOVO\OneDrive\medtech project\Imagens e Matrizes da Tese de Thiago Alves Elias da Silva\Desenvolvimento da Metodologia\SAUDAΓòá├╝VEIS\750\Segmentadas\PAC_46_DN3-dir.png,1
750,0,Healthy,Desenvolvimento da Metodologia,SAUDAΓòá├╝VEIS,dir,4,PAC_46_DN4-dir.png,C:\Users\LENOVO\OneDrive\medtech project\Imagens e Matrizes da Tese de Thiago Alves Elias da Silva\Desenvolvimento da Metodologia\SAUDAΓòá├╝VEIS\750\Segmentadas\PAC_46_DN4-dir.png,1
750,0,Healthy,Desenvolvimento da Metodologia,SAUDAΓòá├╝VEIS,dir,5,PAC_46_DN5-dir.png,C:\Users\LENOVO\OneDrive\medtech project\Imagens e Matrizes da Tese de Thiago Alves Elias da Silva\Desenvolvimento da Metodologia\SAUDAΓòá├╝VEIS\750\Segmentadas\PAC_46_DN5-dir.png,1
750,0,Healthy,Desenvolvimento da Metodologia,SAUDAΓòá├╝VEIS,dir,6,PAC_46_DN6-dir.png,C:\Users\LENOVO\OneDrive\medtech project\Imagens e Matrizes da Tese de Thiago Alves Elias da Silva\Desenvolvimento da Metodologia\SAUDAΓòá├╝VEIS\750\Segmentadas\PAC_46_DN6-dir.png,1
750,0,Healthy,Desenvolvimento da Metodologia,SAUDAΓòá├╝VEIS,dir,7,PAC_46_DN7-dir.png,C:\Users\LENOVO\OneDrive\medtech project\Imagens e Matrizes da Tese de Thiago Alves Elias da Silva\Desenvolvimento da Metodologia\SAUDAΓòá├╝VEIS\750\Segmentadas\PAC_46_DN7-dir.png,1
750,0,Healthy,Desenvolvimento da Metodologia,SAUDAΓòá├╝VEIS,dir,8,PAC_46_DN8-dir.png,C:\Users\LENOVO\OneDrive\medtech project\Imagens e Matrizes da Tese de Thiago Alves Elias da Silva\Desenvolvimento da Metodologia\SAUDAΓòá├╝VEIS\750\Segmentadas\PAC_46_DN8-dir.png,1
750,0,Healthy,Desenvolvimento da Metodologia,SAUDAΓòá├╝VEIS,dir,9,PAC_46_DN9-dir.png,C:\Users\LENOVO\OneDrive\medtech project\Imagens e Matrizes da Tese de Thiago Alves Elias da Silva\Desenvolvimento da Metodologia\SAUDAΓòá├╝VEIS\750\Segmentadas\PAC_46_DN9-dir.png,1
750,0,Healthy,Desenvolvimento da Metodologia,SAUDAΓòá├╝VEIS,dir,10,PAC_46_DN10-dir.png,C:\Users\LENOVO\OneDrive\medtech project\Imagens e Matrizes da Tese de Thiago Alves Elias da Silva\Desenvolvimento da Metodologia\SAUDAΓòá├╝VEIS\750\Segmentadas\PAC_46_DN10-dir.png,1
750,0,Healthy,Desenvolvimento da Metodologia,SAUDAΓòá├╝VEIS,dir,11,PAC_46_DN11-dir.png,C:\Users\LENOVO\OneDrive\medtech project\Imagens e Matrizes da Tese de Thiago Alves Elias da Silva\Desenvolvimento da Metodologia\SAUDAΓòá├╝VEIS\750\Segmentadas\PAC_46_DN11-dir.png,1
750,0,Healthy,Desenvolvimento da Metodologia,SAUDAΓòá├╝VEIS,dir,12,PAC_46_DN12-dir.png,C:\Users\LENOVO\OneDrive\medtech project\Imagens e Matrizes da Tese de Thiago Alves Elias da Silva\Desenvolvimento da Metodologia\SAUDAΓòá├╝VEIS\750\Segmentadas\PAC_46_DN12-dir.png,1
750,0,Healthy,Desenvolvimento da Metodologia,SAUDAΓòá├╝VEIS,dir,13,PAC_46_DN13-dir.png,C:\Users\LENOVO\OneDrive\medtech project\Imagens e Matrizes da Tese de Thiago Alves Elias da Silva\Desenvolvimento da Metodologia\SAUDAΓòá├╝VEIS\750\Segmentadas\PAC_46_DN13-dir.png,1
750,0,Healthy,Desenvolvimento da Metodologia,SAUDAΓòá├╝VEIS,dir,14,PAC_46_DN14-dir.png,C:\Users\LENOVO\OneDrive\medtech project\Imagens e Matrizes da Tese de Thiago Alves Elias da Silva\Desenvolvimento da Metodologia\SAUDAΓòá├╝VEIS\750\Segmentadas\PAC_46_DN14-dir.png,1
750,0,Healthy,Desenvolvimento da Metodologia,SAUDAΓòá├╝VEIS,dir,15,PAC_46_DN15-dir.png,C:\Users\LENOVO\OneDrive\medtech project\Imagens e Matrizes da Tese de Thiago Alves Elias da Silva\Desenvolvimento da Metodologia\SAUDAΓòá├╝VEIS\750\Segmentadas\PAC_46_DN15-dir.png,1
750,0,Healthy,Desenvolvimento da Metodologia,SAUDAΓòá├╝VEIS,dir,16,PAC_46_DN16-dir.png,C:\Users\LENOVO\OneDrive\medtech project\Imagens e Matrizes da Tese de Thiago Alves Elias da Silva\Desenvolvimento da Metodologia\SAUDAΓòá├╝VEIS\750\Segmentadas\PAC_46_DN16-dir.png,1
750,0,Healthy,Desenvolvimento da Metodologia,SAUDAΓòá├╝VEIS,dir,17,PAC_46_DN17-dir.png,C:\Users\LENOVO\OneDrive\medtech project\Imagens e Matrizes da Tese de Thiago Alves Elias da Silva\Desenvolvimento da Metodologia\SAUDAΓòá├╝VEIS\750\Segmentadas\PAC_46_DN17-dir.png,1
750,0,Healthy,Desenvolvimento da Metodologia,SAUDAΓòá├╝VEIS,dir,18,PAC_46_DN18-dir.png,C:\Users\LENOVO\OneDrive\medtech project\Imagens e Matrizes da Tese de Thiago Alves Elias da Silva\Desenvolvimento da Metodologia\SAUDAΓòá├╝VEIS\750\Segmentadas\PAC_46_DN18-dir.png,1
750,0,Healthy,Desenvolvimento da Metodologia,SAUDAΓòá├╝VEIS,dir,19,PAC_46_DN19-dir.png,C:\Users\LENOVO\OneDrive\medtech project\Imagens e Matrizes da Tese de Thiago Alves Elias da Silva\Desenvolvimento da Metodologia\SAUDAΓòá├╝VEIS\750\Segmentadas\PAC_46_DN19-dir.png,1
800,0,Healthy,Desenvolvimento da Metodologia,SAUDAΓòá├╝VEIS,dir,0,PAC_43_DN0-dir.png,C:\Users\LENOVO\OneDrive\medtech project\Imagens e Matrizes da Tese de Thiago Alves Elias da Silva\Desenvolvimento da Metodologia\SAUDAΓòá├╝VEIS\800\Segmentadas\PAC_43_DN0-dir.png,1
800,0,Healthy,Desenvolvimento da Metodologia,SAUDAΓòá├╝VEIS,dir,1,PAC_43_DN1-dir.png,C:\Users\LENOVO\OneDrive\medtech project\Imagens e Matrizes da Tese de Thiago Alves Elias da Silva\Desenvolvimento da Metodologia\SAUDAΓòá├╝VEIS\800\Segmentadas\PAC_43_DN1-dir.png,1
800,0,Healthy,Desenvolvimento da Metodologia,SAUDAΓòá├╝VEIS,dir,2,PAC_43_DN2-dir.png,C:\Users\LENOVO\OneDrive\medtech project\Imagens e Matrizes da Tese de Thiago Alves Elias da Silva\Desenvolvimento da Metodologia\SAUDAΓòá├╝VEIS\800\Segmentadas\PAC_43_DN2-dir.png,1
800,0,Healthy,Desenvolvimento da Metodologia,SAUDAΓòá├╝VEIS,dir,3,PAC_43_DN3-dir.png,C:\Users\LENOVO\OneDrive\medtech project\Imagens e Matrizes da Tese de Thiago Alves Elias da Silva\Desenvolvimento da Metodologia\SAUDAΓòá├╝VEIS\800\Segmentadas\PAC_43_DN3-dir.png,1
800,0,Healthy,Desenvolvimento da Metodologia,SAUDAΓòá├╝VEIS,dir,4,PAC_43_DN4-dir.png,C:\Users\LENOVO\OneDrive\medtech project\Imagens e Matrizes da Tese de Thiago Alves Elias da Silva\Desenvolvimento da Metodologia\SAUDAΓòá├╝VEIS\800\Segmentadas\PAC_43_DN4-dir.png,1
800,0,Healthy,Desenvolvimento da Metodologia,SAUDAΓòá├╝VEIS,dir,5,PAC_43_DN5-dir.png,C:\Users\LENOVO\OneDrive\medtech project\Imagens e Matrizes da Tese de Thiago Alves Elias da Silva\Desenvolvimento da Metodologia\SAUDAΓòá├╝VEIS\800\Segmentadas\PAC_43_DN5-dir.png,1
800,0,Healthy,Desenvolvimento da Metodologia,SAUDAΓòá├╝VEIS,dir,6,PAC_43_DN6-dir.png,C:\Users\LENOVO\OneDrive\medtech project\Imagens e Matrizes da Tese de Thiago Alves Elias da Silva\Desenvolvimento da Metodologia\SAUDAΓòá├╝VEIS\800\Segmentadas\PAC_43_DN6-dir.png,1
800,0,Healthy,Desenvolvimento da Metodologia,SAUDAΓòá├╝VEIS,dir,7,PAC_43_DN7-dir.png,C:\Users\LENOVO\OneDrive\medtech project\Imagens e Matrizes da Tese de Thiago Alves Elias da Silva\Desenvolvimento da Metodologia\SAUDAΓòá├╝VEIS\800\Segmentadas\PAC_43_DN7-dir.png,1
800,0,Healthy,Desenvolvimento da Metodologia,SAUDAΓòá├╝VEIS,dir,8,PAC_43_DN8-dir.png,C:\Users\LENOVO\OneDrive\medtech project\Imagens e Matrizes da Tese de Thiago Alves Elias da Silva\Desenvolvimento da Metodologia\SAUDAΓòá├╝VEIS\800\Segmentadas\PAC_43_DN8-dir.png,1
800,0,Healthy,Desenvolvimento da Metodologia,SAUDAΓòá├╝VEIS,dir,9,PAC_43_DN9-dir.png,C:\Users\LENOVO\OneDrive\medtech project\Imagens e Matrizes da Tese de Thiago Alves Elias da Silva\Desenvolvimento da Metodologia\SAUDAΓòá├╝VEIS\800\Segmentadas\PAC_43_DN9-dir.png,1
800,0,Healthy,Desenvolvimento da Metodologia,SAUDAΓòá├╝VEIS,dir,10,PAC_43_DN10-dir.png,C:\Users\LENOVO\OneDrive\medtech project\Imagens e Matrizes da Tese de Thiago Alves Elias da Silva\Desenvolvimento da Metodologia\SAUDAΓòá├╝VEIS\800\Segmentadas\PAC_43_DN10-dir.png,1
800,0,Healthy,Desenvolvimento da Metodologia,SAUDAΓòá├╝VEIS,dir,11,PAC_43_DN11-dir.png,C:\Users\LENOVO\OneDrive\medtech project\Imagens e Matrizes da Tese de Thiago Alves Elias da Silva\Desenvolvimento da Metodologia\SAUDAΓòá├╝VEIS\800\Segmentadas\PAC_43_DN11-dir.png,1
800,0,Healthy,Desenvolvimento da Metodologia,SAUDAΓòá├╝VEIS,dir,12,PAC_43_DN12-dir.png,C:\Users\LENOVO\OneDrive\medtech project\Imagens e Matrizes da Tese de Thiago Alves Elias da Silva\Desenvolvimento da Metodologia\SAUDAΓòá├╝VEIS\800\Segmentadas\PAC_43_DN12-dir.png,1
800,0,Healthy,Desenvolvimento da Metodologia,SAUDAΓòá├╝VEIS,dir,13,PAC_43_DN13-dir.png,C:\Users\LENOVO\OneDrive\medtech project\Imagens e Matrizes da Tese de Thiago Alves Elias da Silva\Desenvolvimento da Metodologia\SAUDAΓòá├╝VEIS\800\Segmentadas\PAC_43_DN13-dir.png,1
800,0,Healthy,Desenvolvimento da Metodologia,SAUDAΓòá├╝VEIS,dir,14,PAC_43_DN14-dir.png,C:\Users\LENOVO\OneDrive\medtech project\Imagens e Matrizes da Tese de Thiago Alves Elias da Silva\Desenvolvimento da Metodologia\SAUDAΓòá├╝VEIS\800\Segmentadas\PAC_43_DN14-dir.png,1
800,0,Healthy,Desenvolvimento da Metodologia,SAUDAΓòá├╝VEIS,dir,15,PAC_43_DN15-dir.png,C:\Users\LENOVO\OneDrive\medtech project\Imagens e Matrizes da Tese de Thiago Alves Elias da Silva\Desenvolvimento da Metodologia\SAUDAΓòá├╝VEIS\800\Segmentadas\PAC_43_DN15-dir.png,1
800,0,Healthy,Desenvolvimento da Metodologia,SAUDAΓòá├╝VEIS,dir,16,PAC_43_DN16-dir.png,C:\Users\LENOVO\OneDrive\medtech project\Imagens e Matrizes da Tese de Thiago Alves Elias da Silva\Desenvolvimento da Metodologia\SAUDAΓòá├╝VEIS\800\Segmentadas\PAC_43_DN16-dir.png,1
800,0,Healthy,Desenvolvimento da Metodologia,SAUDAΓòá├╝VEIS,dir,17,PAC_43_DN17-dir.png,C:\Users\LENOVO\OneDrive\medtech project\Imagens e Matrizes da Tese de Thiago Alves Elias da Silva\Desenvolvimento da Metodologia\SAUDAΓòá├╝VEIS\800\Segmentadas\PAC_43_DN17-dir.png,1
800,0,Healthy,Desenvolvimento da Metodologia,SAUDAΓòá├╝VEIS,dir,18,PAC_43_DN18-dir.png,C:\Users\LENOVO\OneDrive\medtech project\Imagens e Matrizes da Tese de Thiago Alves Elias da Silva\Desenvolvimento da Metodologia\SAUDAΓòá├╝VEIS\800\Segmentadas\PAC_43_DN18-dir.png,1
800,0,Healthy,Desenvolvimento da Metodologia,SAUDAΓòá├╝VEIS,dir,19,PAC_43_DN19-dir.png,C:\Users\LENOVO\OneDrive\medtech project\Imagens e Matrizes da Tese de Thiago Alves Elias da Silva\Desenvolvimento da Metodologia\SAUDAΓòá├╝VEIS\800\Segmentadas\PAC_43_DN19-dir.png,1
179,1,Sick,Desenvolvimento da Metodologia,DOENTES,dir,0,PAC_00_DN0-dir.png,C:\Users\LENOVO\OneDrive\medtech project\Imagens e Matrizes da Tese de Thiago Alves Elias da Silva\Desenvolvimento da Metodologia\DOENTES\179\Segmentadas\PAC_00_DN0-dir.png,1
179,1,Sick,Desenvolvimento da Metodologia,DOENTES,dir,1,PAC_00_DN1-dir.png,C:\Users\LENOVO\OneDrive\medtech project\Imagens e Matrizes da Tese de Thiago Alves Elias da Silva\Desenvolvimento da Metodologia\DOENTES\179\Segmentadas\PAC_00_DN1-dir.png,1
179,1,Sick,Desenvolvimento da Metodologia,DOENTES,dir,2,PAC_00_DN2-dir.png,C:\Users\LENOVO\OneDrive\medtech project\Imagens e Matrizes da Tese de Thiago Alves Elias da Silva\Desenvolvimento da Metodologia\DOENTES\179\Segmentadas\PAC_00_DN2-dir.png,1
179,1,Sick,Desenvolvimento da Metodologia,DOENTES,dir,3,PAC_00_DN3-dir.png,C:\Users\LENOVO\OneDrive\medtech project\Imagens e Matrizes da Tese de Thiago Alves Elias da Silva\Desenvolvimento da Metodologia\DOENTES\179\Segmentadas\PAC_00_DN3-dir.png,1
179,1,Sick,Desenvolvimento da Metodologia,DOENTES,dir,4,PAC_00_DN4-dir.png,C:\Users\LENOVO\OneDrive\medtech project\Imagens e Matrizes da Tese de Thiago Alves Elias da Silva\Desenvolvimento da Metodologia\DOENTES\179\Segmentadas\PAC_00_DN4-dir.png,1
179,1,Sick,Desenvolvimento da Metodologia,DOENTES,dir,5,PAC_00_DN5-dir.png,C:\Users\LENOVO\OneDrive\medtech project\Imagens e Matrizes da Tese de Thiago Alves Elias da Silva\Desenvolvimento da Metodologia\DOENTES\179\Segmentadas\PAC_00_DN5-dir.png,1
179,1,Sick,Desenvolvimento da Metodologia,DOENTES,dir,6,PAC_00_DN6-dir.png,C:\Users\LENOVO\OneDrive\medtech project\Imagens e Matrizes da Tese de Thiago Alves Elias da Silva\Desenvolvimento da Metodologia\DOENTES\179\Segmentadas\PAC_00_DN6-dir.png,1
179,1,Sick,Desenvolvimento da Metodologia,DOENTES,dir,7,PAC_00_DN7-dir.png,C:\Users\LENOVO\OneDrive\medtech project\Imagens e Matrizes da Tese de Thiago Alves Elias da Silva\Desenvolvimento da Metodologia\DOENTES\179\Segmentadas\PAC_00_DN7-dir.png,1
179,1,Sick,Desenvolvimento da Metodologia,DOENTES,dir,8,PAC_00_DN8-dir.png,C:\Users\LENOVO\OneDrive\medtech project\Imagens e Matrizes da Tese de Thiago Alves Elias da Silva\Desenvolvimento da Metodologia\DOENTES\179\Segmentadas\PAC_00_DN8-dir.png,1
179,1,Sick,Desenvolvimento da Metodologia,DOENTES,dir,9,PAC_00_DN9-dir.png,C:\Users\LENOVO\OneDrive\medtech project\Imagens e Matrizes da Tese de Thiago Alves Elias da Silva\Desenvolvimento da Metodologia\DOENTES\179\Segmentadas\PAC_00_DN9-dir.png,1
179,1,Sick,Desenvolvimento da Metodologia,DOENTES,dir,10,PAC_00_DN10-dir.png,C:\Users\LENOVO\OneDrive\medtech project\Imagens e Matrizes da Tese de Thiago Alves Elias da Silva\Desenvolvimento da Metodologia\DOENTES\179\Segmentadas\PAC_00_DN10-dir.png,1
179,1,Sick,Desenvolvimento da Metodologia,DOENTES,dir,11,PAC_00_DN11-dir.png,C:\Users\LENOVO\OneDrive\medtech project\Imagens e Matrizes da Tese de Thiago Alves Elias da Silva\Desenvolvimento da Metodologia\DOENTES\179\Segmentadas\PAC_00_DN11-dir.png,1
179,1,Sick,Desenvolvimento da Metodologia,DOENTES,dir,12,PAC_00_DN12-dir.png,C:\Users\LENOVO\OneDrive\medtech project\Imagens e Matrizes da Tese de Thiago Alves Elias da Silva\Desenvolvimento da Metodologia\DOENTES\179\Segmentadas\PAC_00_DN12-dir.png,1
179,1,Sick,Desenvolvimento da Metodologia,DOENTES,dir,13,PAC_00_DN13-dir.png,C:\Users\LENOVO\OneDrive\medtech project\Imagens e Matrizes da Tese de Thiago Alves Elias da Silva\Desenvolvimento da Metodologia\DOENTES\179\Segmentadas\PAC_00_DN13-dir.png,1
179,1,Sick,Desenvolvimento da Metodologia,DOENTES,dir,14,PAC_00_DN14-dir.png,C:\Users\LENOVO\OneDrive\medtech project\Imagens e Matrizes da Tese de Thiago Alves Elias da Silva\Desenvolvimento da Metodologia\DOENTES\179\Segmentadas\PAC_00_DN14-dir.png,1
179,1,Sick,Desenvolvimento da Metodologia,DOENTES,dir,15,PAC_00_DN15-dir.png,C:\Users\LENOVO\OneDrive\medtech project\Imagens e Matrizes da Tese de Thiago Alves Elias da Silva\Desenvolvimento da Metodologia\DOENTES\179\Segmentadas\PAC_00_DN15-dir.png,1
179,1,Sick,Desenvolvimento da Metodologia,DOENTES,dir,16,PAC_00_DN16-dir.png,C:\Users\LENOVO\OneDrive\medtech project\Imagens e Matrizes da Tese de Thiago Alves Elias da Silva\Desenvolvimento da Metodologia\DOENTES\179\Segmentadas\PAC_00_DN16-dir.png,1
179,1,Sick,Desenvolvimento da Metodologia,DOENTES,dir,17,PAC_00_DN17-dir.png,C:\Users\LENOVO\OneDrive\medtech project\Imagens e Matrizes da Tese de Thiago Alves Elias da Silva\Desenvolvimento da Metodologia\DOENTES\179\Segmentadas\PAC_00_DN17-dir.png,1
179,1,Sick,Desenvolvimento da Metodologia,DOENTES,dir,18,PAC_00_DN18-dir.png,C:\Users\LENOVO\OneDrive\medtech project\Imagens e Matrizes da Tese de Thiago Alves Elias da Silva\Desenvolvimento da Metodologia\DOENTES\179\Segmentadas\PAC_00_DN18-dir.png,1
179,1,Sick,Desenvolvimento da Metodologia,DOENTES,dir,19,PAC_00_DN19-dir.png,C:\Users\LENOVO\OneDrive\medtech project\Imagens e Matrizes da Tese de Thiago Alves Elias da Silva\Desenvolvimento da Metodologia\DOENTES\179\Segmentadas\PAC_00_DN19-dir.png,1
209,1,Sick,Desenvolvimento da Metodologia,DOENTES,esq,0,PAC_09_DN0-esq.png,C:\Users\LENOVO\OneDrive\medtech project\Imagens e Matrizes da Tese de Thiago Alves Elias da Silva\Desenvolvimento da Metodologia\DOENTES\209\Segmentadas\PAC_09_DN0-esq.png,1
209,1,Sick,Desenvolvimento da Metodologia,DOENTES,esq,1,PAC_09_DN1-esq.png,C:\Users\LENOVO\OneDrive\medtech project\Imagens e Matrizes da Tese de Thiago Alves Elias da Silva\Desenvolvimento da Metodologia\DOENTES\209\Segmentadas\PAC_09_DN1-esq.png,1
209,1,Sick,Desenvolvimento da Metodologia,DOENTES,esq,2,PAC_09_DN2-esq.png,C:\Users\LENOVO\OneDrive\medtech project\Imagens e Matrizes da Tese de Thiago Alves Elias da Silva\Desenvolvimento da Metodologia\DOENTES\209\Segmentadas\PAC_09_DN2-esq.png,1
209,1,Sick,Desenvolvimento da Metodologia,DOENTES,esq,3,PAC_09_DN3-esq.png,C:\Users\LENOVO\OneDrive\medtech project\Imagens e Matrizes da Tese de Thiago Alves Elias da Silva\Desenvolvimento da Metodologia\DOENTES\209\Segmentadas\PAC_09_DN3-esq.png,1
209,1,Sick,Desenvolvimento da Metodologia,DOENTES,esq,4,PAC_09_DN4-esq.png,C:\Users\LENOVO\OneDrive\medtech project\Imagens e Matrizes da Tese de Thiago Alves Elias da Silva\Desenvolvimento da Metodologia\DOENTES\209\Segmentadas\PAC_09_DN4-esq.png,1
209,1,Sick,Desenvolvimento da Metodologia,DOENTES,esq,5,PAC_09_DN5-esq.png,C:\Users\LENOVO\OneDrive\medtech project\Imagens e Matrizes da Tese de Thiago Alves Elias da Silva\Desenvolvimento da Metodologia\DOENTES\209\Segmentadas\PAC_09_DN5-esq.png,1
209,1,Sick,Desenvolvimento da Metodologia,DOENTES,esq,6,PAC_09_DN6-esq.png,C:\Users\LENOVO\OneDrive\medtech project\Imagens e Matrizes da Tese de Thiago Alves Elias da Silva\Desenvolvimento da Metodologia\DOENTES\209\Segmentadas\PAC_09_DN6-esq.png,1
209,1,Sick,Desenvolvimento da Metodologia,DOENTES,esq,7,PAC_09_DN7-esq.png,C:\Users\LENOVO\OneDrive\medtech project\Imagens e Matrizes da Tese de Thiago Alves Elias da Silva\Desenvolvimento da Metodologia\DOENTES\209\Segmentadas\PAC_09_DN7-esq.png,1
209,1,Sick,Desenvolvimento da Metodologia,DOENTES,esq,8,PAC_09_DN8-esq.png,C:\Users\LENOVO\OneDrive\medtech project\Imagens e Matrizes da Tese de Thiago Alves Elias da Silva\Desenvolvimento da Metodologia\DOENTES\209\Segmentadas\PAC_09_DN8-esq.png,1
209,1,Sick,Desenvolvimento da Metodologia,DOENTES,esq,9,PAC_09_DN9-esq.png,C:\Users\LENOVO\OneDrive\medtech project\Imagens e Matrizes da Tese de Thiago Alves Elias da Silva\Desenvolvimento da Metodologia\DOENTES\209\Segmentadas\PAC_09_DN9-esq.png,1
209,1,Sick,Desenvolvimento da Metodologia,DOENTES,esq,10,PAC_09_DN10-esq.png,C:\Users\LENOVO\OneDrive\medtech project\Imagens e Matrizes da Tese de Thiago Alves Elias da Silva\Desenvolvimento da Metodologia\DOENTES\209\Segmentadas\PAC_09_DN10-esq.png,1
209,1,Sick,Desenvolvimento da Metodologia,DOENTES,esq,11,PAC_09_DN11-esq.png,C:\Users\LENOVO\OneDrive\medtech project\Imagens e Matrizes da Tese de Thiago Alves Elias da Silva\Desenvolvimento da Metodologia\DOENTES\209\Segmentadas\PAC_09_DN11-esq.png,1
209,1,Sick,Desenvolvimento da Metodologia,DOENTES,esq,12,PAC_09_DN12-esq.png,C:\Users\LENOVO\OneDrive\medtech project\Imagens e Matrizes da Tese de Thiago Alves Elias da Silva\Desenvolvimento da Metodologia\DOENTES\209\Segmentadas\PAC_09_DN12-esq.png,1
209,1,Sick,Desenvolvimento da Metodologia,DOENTES,esq,13,PAC_09_DN13-esq.png,C:\Users\LENOVO\OneDrive\medtech project\Imagens e Matrizes da Tese de Thiago Alves Elias da Silva\Desenvolvimento da Metodologia\DOENTES\209\Segmentadas\PAC_09_DN13-esq.png,1
209,1,Sick,Desenvolvimento da Metodologia,DOENTES,esq,14,PAC_09_DN14-esq.png,C:\Users\LENOVO\OneDrive\medtech project\Imagens e Matrizes da Tese de Thiago Alves Elias da Silva\Desenvolvimento da Metodologia\DOENTES\209\Segmentadas\PAC_09_DN14-esq.png,1
209,1,Sick,Desenvolvimento da Metodologia,DOENTES,esq,15,PAC_09_DN15-esq.png,C:\Users\LENOVO\OneDrive\medtech project\Imagens e Matrizes da Tese de Thiago Alves Elias da Silva\Desenvolvimento da Metodologia\DOENTES\209\Segmentadas\PAC_09_DN15-esq.png,1
209,1,Sick,Desenvolvimento da Metodologia,DOENTES,esq,16,PAC_09_DN16-esq.png,C:\Users\LENOVO\OneDrive\medtech project\Imagens e Matrizes da Tese de Thiago Alves Elias da Silva\Desenvolvimento da Metodologia\DOENTES\209\Segmentadas\PAC_09_DN16-esq.png,1
209,1,Sick,Desenvolvimento da Metodologia,DOENTES,esq,17,PAC_09_DN17-esq.png,C:\Users\LENOVO\OneDrive\medtech project\Imagens e Matrizes da Tese de Thiago Alves Elias da Silva\Desenvolvimento da Metodologia\DOENTES\209\Segmentadas\PAC_09_DN17-esq.png,1
209,1,Sick,Desenvolvimento da Metodologia,DOENTES,esq,18,PAC_09_DN18-esq.png,C:\Users\LENOVO\OneDrive\medtech project\Imagens e Matrizes da Tese de Thiago Alves Elias da Silva\Desenvolvimento da Metodologia\DOENTES\209\Segmentadas\PAC_09_DN18-esq.png,1
209,1,Sick,Desenvolvimento da Metodologia,DOENTES,esq,19,PAC_09_DN19-esq.png,C:\Users\LENOVO\OneDrive\medtech project\Imagens e Matrizes da Tese de Thiago Alves Elias da Silva\Desenvolvimento da Metodologia\DOENTES\209\Segmentadas\PAC_09_DN19-esq.png,1
240,1,Sick,Desenvolvimento da Metodologia,DOENTES,dir,0,PAC_24_DN0-dir.png,C:\Users\LENOVO\OneDrive\medtech project\Imagens e Matrizes da Tese de Thiago Alves Elias da Silva\Desenvolvimento da Metodologia\DOENTES\240\Segmentadas\PAC_24_DN0-dir.png,1
240,1,Sick,Desenvolvimento da Metodologia,DOENTES,dir,1,PAC_24_DN1-dir.png,C:\Users\LENOVO\OneDrive\medtech project\Imagens e Matrizes da Tese de Thiago Alves Elias da Silva\Desenvolvimento da Metodologia\DOENTES\240\Segmentadas\PAC_24_DN1-dir.png,1
240,1,Sick,Desenvolvimento da Metodologia,DOENTES,dir,2,PAC_24_DN2-dir.png,C:\Users\LENOVO\OneDrive\medtech project\Imagens e Matrizes da Tese de Thiago Alves Elias da Silva\Desenvolvimento da Metodologia\DOENTES\240\Segmentadas\PAC_24_DN2-dir.png,1
240,1,Sick,Desenvolvimento da Metodologia,DOENTES,dir,3,PAC_24_DN3-dir.png,C:\Users\LENOVO\OneDrive\medtech project\Imagens e Matrizes da Tese de Thiago Alves Elias da Silva\Desenvolvimento da Metodologia\DOENTES\240\Segmentadas\PAC_24_DN3-dir.png,1
240,1,Sick,Desenvolvimento da Metodologia,DOENTES,dir,4,PAC_24_DN4-dir.png,C:\Users\LENOVO\OneDrive\medtech project\Imagens e Matrizes da Tese de Thiago Alves Elias da Silva\Desenvolvimento da Metodologia\DOENTES\240\Segmentadas\PAC_24_DN4-dir.png,1
240,1,Sick,Desenvolvimento da Metodologia,DOENTES,dir,5,PAC_24_DN5-dir.png,C:\Users\LENOVO\OneDrive\medtech project\Imagens e Matrizes da Tese de Thiago Alves Elias da Silva\Desenvolvimento da Metodologia\DOENTES\240\Segmentadas\PAC_24_DN5-dir.png,1
240,1,Sick,Desenvolvimento da Metodologia,DOENTES,dir,6,PAC_24_DN6-dir.png,C:\Users\LENOVO\OneDrive\medtech project\Imagens e Matrizes da Tese de Thiago Alves Elias da Silva\Desenvolvimento da Metodologia\DOENTES\240\Segmentadas\PAC_24_DN6-dir.png,1
240,1,Sick,Desenvolvimento da Metodologia,DOENTES,dir,7,PAC_24_DN7-dir.png,C:\Users\LENOVO\OneDrive\medtech project\Imagens e Matrizes da Tese de Thiago Alves Elias da Silva\Desenvolvimento da Metodologia\DOENTES\240\Segmentadas\PAC_24_DN7-dir.png,1
240,1,Sick,Desenvolvimento da Metodologia,DOENTES,dir,8,PAC_24_DN8-dir.png,C:\Users\LENOVO\OneDrive\medtech project\Imagens e Matrizes da Tese de Thiago Alves Elias da Silva\Desenvolvimento da Metodologia\DOENTES\240\Segmentadas\PAC_24_DN8-dir.png,1
240,1,Sick,Desenvolvimento da Metodologia,DOENTES,dir,9,PAC_24_DN9-dir.png,C:\Users\LENOVO\OneDrive\medtech project\Imagens e Matrizes da Tese de Thiago Alves Elias da Silva\Desenvolvimento da Metodologia\DOENTES\240\Segmentadas\PAC_24_DN9-dir.png,1
240,1,Sick,Desenvolvimento da Metodologia,DOENTES,dir,10,PAC_24_DN10-dir.png,C:\Users\LENOVO\OneDrive\medtech project\Imagens e Matrizes da Tese de Thiago Alves Elias da Silva\Desenvolvimento da Metodologia\DOENTES\240\Segmentadas\PAC_24_DN10-dir.png,1
240,1,Sick,Desenvolvimento da Metodologia,DOENTES,dir,11,PAC_24_DN11-dir.png,C:\Users\LENOVO\OneDrive\medtech project\Imagens e Matrizes da Tese de Thiago Alves Elias da Silva\Desenvolvimento da Metodologia\DOENTES\240\Segmentadas\PAC_24_DN11-dir.png,1
240,1,Sick,Desenvolvimento da Metodologia,DOENTES,dir,12,PAC_24_DN12-dir.png,C:\Users\LENOVO\OneDrive\medtech project\Imagens e Matrizes da Tese de Thiago Alves Elias da Silva\Desenvolvimento da Metodologia\DOENTES\240\Segmentadas\PAC_24_DN12-dir.png,1
240,1,Sick,Desenvolvimento da Metodologia,DOENTES,dir,13,PAC_24_DN13-dir.png,C:\Users\LENOVO\OneDrive\medtech project\Imagens e Matrizes da Tese de Thiago Alves Elias da Silva\Desenvolvimento da Metodologia\DOENTES\240\Segmentadas\PAC_24_DN13-dir.png,1
240,1,Sick,Desenvolvimento da Metodologia,DOENTES,dir,14,PAC_24_DN14-dir.png,C:\Users\LENOVO\OneDrive\medtech project\Imagens e Matrizes da Tese de Thiago Alves Elias da Silva\Desenvolvimento da Metodologia\DOENTES\240\Segmentadas\PAC_24_DN14-dir.png,1
240,1,Sick,Desenvolvimento da Metodologia,DOENTES,dir,15,PAC_24_DN15-dir.png,C:\Users\LENOVO\OneDrive\medtech project\Imagens e Matrizes da Tese de Thiago Alves Elias da Silva\Desenvolvimento da Metodologia\DOENTES\240\Segmentadas\PAC_24_DN15-dir.png,1
240,1,Sick,Desenvolvimento da Metodologia,DOENTES,dir,16,PAC_24_DN16-dir.png,C:\Users\LENOVO\OneDrive\medtech project\Imagens e Matrizes da Tese de Thiago Alves Elias da Silva\Desenvolvimento da Metodologia\DOENTES\240\Segmentadas\PAC_24_DN16-dir.png,1
240,1,Sick,Desenvolvimento da Metodologia,DOENTES,dir,17,PAC_24_DN17-dir.png,C:\Users\LENOVO\OneDrive\medtech project\Imagens e Matrizes da Tese de Thiago Alves Elias da Silva\Desenvolvimento da Metodologia\DOENTES\240\Segmentadas\PAC_24_DN17-dir.png,1
240,1,Sick,Desenvolvimento da Metodologia,DOENTES,dir,18,PAC_24_DN18-dir.png,C:\Users\LENOVO\OneDrive\medtech project\Imagens e Matrizes da Tese de Thiago Alves Elias da Silva\Desenvolvimento da Metodologia\DOENTES\240\Segmentadas\PAC_24_DN18-dir.png,1
240,1,Sick,Desenvolvimento da Metodologia,DOENTES,dir,19,PAC_24_DN19-dir.png,C:\Users\LENOVO\OneDrive\medtech project\Imagens e Matrizes da Tese de Thiago Alves Elias da Silva\Desenvolvimento da Metodologia\DOENTES\240\Segmentadas\PAC_24_DN19-dir.png,1
255,1,Sick,Desenvolvimento da Metodologia,DOENTES,dir,0,PAC_54_DN0-dir.png,C:\Users\LENOVO\OneDrive\medtech project\Imagens e Matrizes da Tese de Thiago Alves Elias da Silva\Desenvolvimento da Metodologia\DOENTES\255\Segmentadas\PAC_54_DN0-dir.png,1
255,1,Sick,Desenvolvimento da Metodologia,DOENTES,dir,1,PAC_54_DN1-dir.png,C:\Users\LENOVO\OneDrive\medtech project\Imagens e Matrizes da Tese de Thiago Alves Elias da Silva\Desenvolvimento da Metodologia\DOENTES\255\Segmentadas\PAC_54_DN1-dir.png,1
255,1,Sick,Desenvolvimento da Metodologia,DOENTES,dir,2,PAC_54_DN2-dir.png,C:\Users\LENOVO\OneDrive\medtech project\Imagens e Matrizes da Tese de Thiago Alves Elias da Silva\Desenvolvimento da Metodologia\DOENTES\255\Segmentadas\PAC_54_DN2-dir.png,1
255,1,Sick,Desenvolvimento da Metodologia,DOENTES,dir,3,PAC_54_DN3-dir.png,C:\Users\LENOVO\OneDrive\medtech project\Imagens e Matrizes da Tese de Thiago Alves Elias da Silva\Desenvolvimento da Metodologia\DOENTES\255\Segmentadas\PAC_54_DN3-dir.png,1
255,1,Sick,Desenvolvimento da Metodologia,DOENTES,dir,4,PAC_54_DN4-dir.png,C:\Users\LENOVO\OneDrive\medtech project\Imagens e Matrizes da Tese de Thiago Alves Elias da Silva\Desenvolvimento da Metodologia\DOENTES\255\Segmentadas\PAC_54_DN4-dir.png,1
255,1,Sick,Desenvolvimento da Metodologia,DOENTES,dir,5,PAC_54_DN5-dir.png,C:\Users\LENOVO\OneDrive\medtech project\Imagens e Matrizes da Tese de Thiago Alves Elias da Silva\Desenvolvimento da Metodologia\DOENTES\255\Segmentadas\PAC_54_DN5-dir.png,1
255,1,Sick,Desenvolvimento da Metodologia,DOENTES,dir,6,PAC_54_DN6-dir.png,C:\Users\LENOVO\OneDrive\medtech project\Imagens e Matrizes da Tese de Thiago Alves Elias da Silva\Desenvolvimento da Metodologia\DOENTES\255\Segmentadas\PAC_54_DN6-dir.png,1
255,1,Sick,Desenvolvimento da Metodologia,DOENTES,dir,7,PAC_54_DN7-dir.png,C:\Users\LENOVO\OneDrive\medtech project\Imagens e Matrizes da Tese de Thiago Alves Elias da Silva\Desenvolvimento da Metodologia\DOENTES\255\Segmentadas\PAC_54_DN7-dir.png,1
255,1,Sick,Desenvolvimento da Metodologia,DOENTES,dir,8,PAC_54_DN8-dir.png,C:\Users\LENOVO\OneDrive\medtech project\Imagens e Matrizes da Tese de Thiago Alves Elias da Silva\Desenvolvimento da Metodologia\DOENTES\255\Segmentadas\PAC_54_DN8-dir.png,1
255,1,Sick,Desenvolvimento da Metodologia,DOENTES,dir,9,PAC_54_DN9-dir.png,C:\Users\LENOVO\OneDrive\medtech project\Imagens e Matrizes da Tese de Thiago Alves Elias da Silva\Desenvolvimento da Metodologia\DOENTES\255\Segmentadas\PAC_54_DN9-dir.png,1
255,1,Sick,Desenvolvimento da Metodologia,DOENTES,dir,10,PAC_54_DN10-dir.png,C:\Users\LENOVO\OneDrive\medtech project\Imagens e Matrizes da Tese de Thiago Alves Elias da Silva\Desenvolvimento da Metodologia\DOENTES\255\Segmentadas\PAC_54_DN10-dir.png,1
255,1,Sick,Desenvolvimento da Metodologia,DOENTES,dir,11,PAC_54_DN11-dir.png,C:\Users\LENOVO\OneDrive\medtech project\Imagens e Matrizes da Tese de Thiago Alves Elias da Silva\Desenvolvimento da Metodologia\DOENTES\255\Segmentadas\PAC_54_DN11-dir.png,1
255,1,Sick,Desenvolvimento da Metodologia,DOENTES,dir,12,PAC_54_DN12-dir.png,C:\Users\LENOVO\OneDrive\medtech project\Imagens e Matrizes da Tese de Thiago Alves Elias da Silva\Desenvolvimento da Metodologia\DOENTES\255\Segmentadas\PAC_54_DN12-dir.png,1
255,1,Sick,Desenvolvimento da Metodologia,DOENTES,dir,13,PAC_54_DN13-dir.png,C:\Users\LENOVO\OneDrive\medtech project\Imagens e Matrizes da Tese de Thiago Alves Elias da Silva\Desenvolvimento da Metodologia\DOENTES\255\Segmentadas\PAC_54_DN13-dir.png,1
255,1,Sick,Desenvolvimento da Metodologia,DOENTES,dir,14,PAC_54_DN14-dir.png,C:\Users\LENOVO\OneDrive\medtech project\Imagens e Matrizes da Tese de Thiago Alves Elias da Silva\Desenvolvimento da Metodologia\DOENTES\255\Segmentadas\PAC_54_DN14-dir.png,1
255,1,Sick,Desenvolvimento da Metodologia,DOENTES,dir,15,PAC_54_DN15-dir.png,C:\Users\LENOVO\OneDrive\medtech project\Imagens e Matrizes da Tese de Thiago Alves Elias da Silva\Desenvolvimento da Metodologia\DOENTES\255\Segmentadas\PAC_54_DN15-dir.png,1
255,1,Sick,Desenvolvimento da Metodologia,DOENTES,dir,16,PAC_54_DN16-dir.png,C:\Users\LENOVO\OneDrive\medtech project\Imagens e Matrizes da Tese de Thiago Alves Elias da Silva\Desenvolvimento da Metodologia\DOENTES\255\Segmentadas\PAC_54_DN16-dir.png,1
255,1,Sick,Desenvolvimento da Metodologia,DOENTES,dir,17,PAC_54_DN17-dir.png,C:\Users\LENOVO\OneDrive\medtech project\Imagens e Matrizes da Tese de Thiago Alves Elias da Silva\Desenvolvimento da Metodologia\DOENTES\255\Segmentadas\PAC_54_DN17-dir.png,1
255,1,Sick,Desenvolvimento da Metodologia,DOENTES,dir,18,PAC_54_DN18-dir.png,C:\Users\LENOVO\OneDrive\medtech project\Imagens e Matrizes da Tese de Thiago Alves Elias da Silva\Desenvolvimento da Metodologia\DOENTES\255\Segmentadas\PAC_54_DN18-dir.png,1
255,1,Sick,Desenvolvimento da Metodologia,DOENTES,dir,19,PAC_54_DN19-dir.png,C:\Users\LENOVO\OneDrive\medtech project\Imagens e Matrizes da Tese de Thiago Alves Elias da Silva\Desenvolvimento da Metodologia\DOENTES\255\Segmentadas\PAC_54_DN19-dir.png,1
257,1,Sick,Desenvolvimento da Metodologia,DOENTES,esq,0,PAC_29_DN0-esq.png,C:\Users\LENOVO\OneDrive\medtech project\Imagens e Matrizes da Tese de Thiago Alves Elias da Silva\Desenvolvimento da Metodologia\DOENTES\257\Segmentadas\PAC_29_DN0-esq.png,1
257,1,Sick,Desenvolvimento da Metodologia,DOENTES,esq,1,PAC_29_DN1-esq.png,C:\Users\LENOVO\OneDrive\medtech project\Imagens e Matrizes da Tese de Thiago Alves Elias da Silva\Desenvolvimento da Metodologia\DOENTES\257\Segmentadas\PAC_29_DN1-esq.png,1
257,1,Sick,Desenvolvimento da Metodologia,DOENTES,esq,2,PAC_29_DN2-esq.png,C:\Users\LENOVO\OneDrive\medtech project\Imagens e Matrizes da Tese de Thiago Alves Elias da Silva\Desenvolvimento da Metodologia\DOENTES\257\Segmentadas\PAC_29_DN2-esq.png,1
257,1,Sick,Desenvolvimento da Metodologia,DOENTES,esq,3,PAC_29_DN3-esq.png,C:\Users\LENOVO\OneDrive\medtech project\Imagens e Matrizes da Tese de Thiago Alves Elias da Silva\Desenvolvimento da Metodologia\DOENTES\257\Segmentadas\PAC_29_DN3-esq.png,1
257,1,Sick,Desenvolvimento da Metodologia,DOENTES,esq,4,PAC_29_DN4-esq.png,C:\Users\LENOVO\OneDrive\medtech project\Imagens e Matrizes da Tese de Thiago Alves Elias da Silva\Desenvolvimento da Metodologia\DOENTES\257\Segmentadas\PAC_29_DN4-esq.png,1
257,1,Sick,Desenvolvimento da Metodologia,DOENTES,esq,5,PAC_29_DN5-esq.png,C:\Users\LENOVO\OneDrive\medtech project\Imagens e Matrizes da Tese de Thiago Alves Elias da Silva\Desenvolvimento da Metodologia\DOENTES\257\Segmentadas\PAC_29_DN5-esq.png,1
257,1,Sick,Desenvolvimento da Metodologia,DOENTES,esq,6,PAC_29_DN6-esq.png,C:\Users\LENOVO\OneDrive\medtech project\Imagens e Matrizes da Tese de Thiago Alves Elias da Silva\Desenvolvimento da Metodologia\DOENTES\257\Segmentadas\PAC_29_DN6-esq.png,1
257,1,Sick,Desenvolvimento da Metodologia,DOENTES,esq,7,PAC_29_DN7-esq.png,C:\Users\LENOVO\OneDrive\medtech project\Imagens e Matrizes da Tese de Thiago Alves Elias da Silva\Desenvolvimento da Metodologia\DOENTES\257\Segmentadas\PAC_29_DN7-esq.png,1
257,1,Sick,Desenvolvimento da Metodologia,DOENTES,esq,8,PAC_29_DN8-esq.png,C:\Users\LENOVO\OneDrive\medtech project\Imagens e Matrizes da Tese de Thiago Alves Elias da Silva\Desenvolvimento da Metodologia\DOENTES\257\Segmentadas\PAC_29_DN8-esq.png,1
257,1,Sick,Desenvolvimento da Metodologia,DOENTES,esq,9,PAC_29_DN9-esq.png,C:\Users\LENOVO\OneDrive\medtech project\Imagens e Matrizes da Tese de Thiago Alves Elias da Silva\Desenvolvimento da Metodologia\DOENTES\257\Segmentadas\PAC_29_DN9-esq.png,1
257,1,Sick,Desenvolvimento da Metodologia,DOENTES,esq,10,PAC_29_DN10-esq.png,C:\Users\LENOVO\OneDrive\medtech project\Imagens e Matrizes da Tese de Thiago Alves Elias da Silva\Desenvolvimento da Metodologia\DOENTES\257\Segmentadas\PAC_29_DN10-esq.png,1
257,1,Sick,Desenvolvimento da Metodologia,DOENTES,esq,11,PAC_29_DN11-esq.png,C:\Users\LENOVO\OneDrive\medtech project\Imagens e Matrizes da Tese de Thiago Alves Elias da Silva\Desenvolvimento da Metodologia\DOENTES\257\Segmentadas\PAC_29_DN11-esq.png,1
257,1,Sick,Desenvolvimento da Metodologia,DOENTES,esq,12,PAC_29_DN12-esq.png,C:\Users\LENOVO\OneDrive\medtech project\Imagens e Matrizes da Tese de Thiago Alves Elias da Silva\Desenvolvimento da Metodologia\DOENTES\257\Segmentadas\PAC_29_DN12-esq.png,1
257,1,Sick,Desenvolvimento da Metodologia,DOENTES,esq,13,PAC_29_DN13-esq.png,C:\Users\LENOVO\OneDrive\medtech project\Imagens e Matrizes da Tese de Thiago Alves Elias da Silva\Desenvolvimento da Metodologia\DOENTES\257\Segmentadas\PAC_29_DN13-esq.png,1
257,1,Sick,Desenvolvimento da Metodologia,DOENTES,esq,14,PAC_29_DN14-esq.png,C:\Users\LENOVO\OneDrive\medtech project\Imagens e Matrizes da Tese de Thiago Alves Elias da Silva\Desenvolvimento da Metodologia\DOENTES\257\Segmentadas\PAC_29_DN14-esq.png,1
257,1,Sick,Desenvolvimento da Metodologia,DOENTES,esq,15,PAC_29_DN15-esq.png,C:\Users\LENOVO\OneDrive\medtech project\Imagens e Matrizes da Tese de Thiago Alves Elias da Silva\Desenvolvimento da Metodologia\DOENTES\257\Segmentadas\PAC_29_DN15-esq.png,1
257,1,Sick,Desenvolvimento da Metodologia,DOENTES,esq,16,PAC_29_DN16-esq.png,C:\Users\LENOVO\OneDrive\medtech project\Imagens e Matrizes da Tese de Thiago Alves Elias da Silva\Desenvolvimento da Metodologia\DOENTES\257\Segmentadas\PAC_29_DN16-esq.png,1
257,1,Sick,Desenvolvimento da Metodologia,DOENTES,esq,17,PAC_29_DN17-esq.png,C:\Users\LENOVO\OneDrive\medtech project\Imagens e Matrizes da Tese de Thiago Alves Elias da Silva\Desenvolvimento da Metodologia\DOENTES\257\Segmentadas\PAC_29_DN17-esq.png,1
257,1,Sick,Desenvolvimento da Metodologia,DOENTES,esq,18,PAC_29_DN18-esq.png,C:\Users\LENOVO\OneDrive\medtech project\Imagens e Matrizes da Tese de Thiago Alves Elias da Silva\Desenvolvimento da Metodologia\DOENTES\257\Segmentadas\PAC_29_DN18-esq.png,1
257,1,Sick,Desenvolvimento da Metodologia,DOENTES,esq,19,PAC_29_DN19-esq.png,C:\Users\LENOVO\OneDrive\medtech project\Imagens e Matrizes da Tese de Thiago Alves Elias da Silva\Desenvolvimento da Metodologia\DOENTES\257\Segmentadas\PAC_29_DN19-esq.png,1
264,1,Sick,Desenvolvimento da Metodologia,DOENTES,esq,0,PAC_32_DN0-esq.png,C:\Users\LENOVO\OneDrive\medtech project\Imagens e Matrizes da Tese de Thiago Alves Elias da Silva\Desenvolvimento da Metodologia\DOENTES\264\Segmentadas\PAC_32_DN0-esq.png,1
264,1,Sick,Desenvolvimento da Metodologia,DOENTES,esq,1,PAC_32_DN1-esq.png,C:\Users\LENOVO\OneDrive\medtech project\Imagens e Matrizes da Tese de Thiago Alves Elias da Silva\Desenvolvimento da Metodologia\DOENTES\264\Segmentadas\PAC_32_DN1-esq.png,1
264,1,Sick,Desenvolvimento da Metodologia,DOENTES,esq,2,PAC_32_DN2-esq.png,C:\Users\LENOVO\OneDrive\medtech project\Imagens e Matrizes da Tese de Thiago Alves Elias da Silva\Desenvolvimento da Metodologia\DOENTES\264\Segmentadas\PAC_32_DN2-esq.png,1
264,1,Sick,Desenvolvimento da Metodologia,DOENTES,esq,3,PAC_32_DN3-esq.png,C:\Users\LENOVO\OneDrive\medtech project\Imagens e Matrizes da Tese de Thiago Alves Elias da Silva\Desenvolvimento da Metodologia\DOENTES\264\Segmentadas\PAC_32_DN3-esq.png,1
264,1,Sick,Desenvolvimento da Metodologia,DOENTES,esq,4,PAC_32_DN4-esq.png,C:\Users\LENOVO\OneDrive\medtech project\Imagens e Matrizes da Tese de Thiago Alves Elias da Silva\Desenvolvimento da Metodologia\DOENTES\264\Segmentadas\PAC_32_DN4-esq.png,1
264,1,Sick,Desenvolvimento da Metodologia,DOENTES,esq,5,PAC_32_DN5-esq.png,C:\Users\LENOVO\OneDrive\medtech project\Imagens e Matrizes da Tese de Thiago Alves Elias da Silva\Desenvolvimento da Metodologia\DOENTES\264\Segmentadas\PAC_32_DN5-esq.png,1
264,1,Sick,Desenvolvimento da Metodologia,DOENTES,esq,6,PAC_32_DN6-esq.png,C:\Users\LENOVO\OneDrive\medtech project\Imagens e Matrizes da Tese de Thiago Alves Elias da Silva\Desenvolvimento da Metodologia\DOENTES\264\Segmentadas\PAC_32_DN6-esq.png,1
264,1,Sick,Desenvolvimento da Metodologia,DOENTES,esq,7,PAC_32_DN7-esq.png,C:\Users\LENOVO\OneDrive\medtech project\Imagens e Matrizes da Tese de Thiago Alves Elias da Silva\Desenvolvimento da Metodologia\DOENTES\264\Segmentadas\PAC_32_DN7-esq.png,1
264,1,Sick,Desenvolvimento da Metodologia,DOENTES,esq,8,PAC_32_DN8-esq.png,C:\Users\LENOVO\OneDrive\medtech project\Imagens e Matrizes da Tese de Thiago Alves Elias da Silva\Desenvolvimento da Metodologia\DOENTES\264\Segmentadas\PAC_32_DN8-esq.png,1
264,1,Sick,Desenvolvimento da Metodologia,DOENTES,esq,9,PAC_32_DN9-esq.png,C:\Users\LENOVO\OneDrive\medtech project\Imagens e Matrizes da Tese de Thiago Alves Elias da Silva\Desenvolvimento da Metodologia\DOENTES\264\Segmentadas\PAC_32_DN9-esq.png,1
264,1,Sick,Desenvolvimento da Metodologia,DOENTES,esq,10,PAC_32_DN10-esq.png,C:\Users\LENOVO\OneDrive\medtech project\Imagens e Matrizes da Tese de Thiago Alves Elias da Silva\Desenvolvimento da Metodologia\DOENTES\264\Segmentadas\PAC_32_DN10-esq.png,1
264,1,Sick,Desenvolvimento da Metodologia,DOENTES,esq,11,PAC_32_DN11-esq.png,C:\Users\LENOVO\OneDrive\medtech project\Imagens e Matrizes da Tese de Thiago Alves Elias da Silva\Desenvolvimento da Metodologia\DOENTES\264\Segmentadas\PAC_32_DN11-esq.png,1
264,1,Sick,Desenvolvimento da Metodologia,DOENTES,esq,12,PAC_32_DN12-esq.png,C:\Users\LENOVO\OneDrive\medtech project\Imagens e Matrizes da Tese de Thiago Alves Elias da Silva\Desenvolvimento da Metodologia\DOENTES\264\Segmentadas\PAC_32_DN12-esq.png,1
264,1,Sick,Desenvolvimento da Metodologia,DOENTES,esq,13,PAC_32_DN13-esq.png,C:\Users\LENOVO\OneDrive\medtech project\Imagens e Matrizes da Tese de Thiago Alves Elias da Silva\Desenvolvimento da Metodologia\DOENTES\264\Segmentadas\PAC_32_DN13-esq.png,1
264,1,Sick,Desenvolvimento da Metodologia,DOENTES,esq,14,PAC_32_DN14-esq.png,C:\Users\LENOVO\OneDrive\medtech project\Imagens e Matrizes da Tese de Thiago Alves Elias da Silva\Desenvolvimento da Metodologia\DOENTES\264\Segmentadas\PAC_32_DN14-esq.png,1
264,1,Sick,Desenvolvimento da Metodologia,DOENTES,esq,15,PAC_32_DN15-esq.png,C:\Users\LENOVO\OneDrive\medtech project\Imagens e Matrizes da Tese de Thiago Alves Elias da Silva\Desenvolvimento da Metodologia\DOENTES\264\Segmentadas\PAC_32_DN15-esq.png,1
264,1,Sick,Desenvolvimento da Metodologia,DOENTES,esq,16,PAC_32_DN16-esq.png,C:\Users\LENOVO\OneDrive\medtech project\Imagens e Matrizes da Tese de Thiago Alves Elias da Silva\Desenvolvimento da Metodologia\DOENTES\264\Segmentadas\PAC_32_DN16-esq.png,1
264,1,Sick,Desenvolvimento da Metodologia,DOENTES,esq,17,PAC_32_DN17-esq.png,C:\Users\LENOVO\OneDrive\medtech project\Imagens e Matrizes da Tese de Thiago Alves Elias da Silva\Desenvolvimento da Metodologia\DOENTES\264\Segmentadas\PAC_32_DN17-esq.png,1
264,1,Sick,Desenvolvimento da Metodologia,DOENTES,esq,18,PAC_32_DN18-esq.png,C:\Users\LENOVO\OneDrive\medtech project\Imagens e Matrizes da Tese de Thiago Alves Elias da Silva\Desenvolvimento da Metodologia\DOENTES\264\Segmentadas\PAC_32_DN18-esq.png,1
264,1,Sick,Desenvolvimento da Metodologia,DOENTES,esq,19,PAC_32_DN19-esq.png,C:\Users\LENOVO\OneDrive\medtech project\Imagens e Matrizes da Tese de Thiago Alves Elias da Silva\Desenvolvimento da Metodologia\DOENTES\264\Segmentadas\PAC_32_DN19-esq.png,1
286,1,Sick,12 Novos Casos de Testes,DOENTES,esq,0,PAC_63_DN0-esq.png,C:\Users\LENOVO\OneDrive\medtech project\Imagens e Matrizes da Tese de Thiago Alves Elias da Silva\12 Novos Casos de Testes\DOENTES\286\Segmentadas\PAC_63_DN0-esq.png,1
286,1,Sick,12 Novos Casos de Testes,DOENTES,esq,1,PAC_63_DN1-esq.png,C:\Users\LENOVO\OneDrive\medtech project\Imagens e Matrizes da Tese de Thiago Alves Elias da Silva\12 Novos Casos de Testes\DOENTES\286\Segmentadas\PAC_63_DN1-esq.png,1
286,1,Sick,12 Novos Casos de Testes,DOENTES,esq,2,PAC_63_DN2-esq.png,C:\Users\LENOVO\OneDrive\medtech project\Imagens e Matrizes da Tese de Thiago Alves Elias da Silva\12 Novos Casos de Testes\DOENTES\286\Segmentadas\PAC_63_DN2-esq.png,1
286,1,Sick,12 Novos Casos de Testes,DOENTES,esq,3,PAC_63_DN3-esq.png,C:\Users\LENOVO\OneDrive\medtech project\Imagens e Matrizes da Tese de Thiago Alves Elias da Silva\12 Novos Casos de Testes\DOENTES\286\Segmentadas\PAC_63_DN3-esq.png,1
286,1,Sick,12 Novos Casos de Testes,DOENTES,esq,4,PAC_63_DN4-esq.png,C:\Users\LENOVO\OneDrive\medtech project\Imagens e Matrizes da Tese de Thiago Alves Elias da Silva\12 Novos Casos de Testes\DOENTES\286\Segmentadas\PAC_63_DN4-esq.png,1
286,1,Sick,12 Novos Casos de Testes,DOENTES,esq,5,PAC_63_DN5-esq.png,C:\Users\LENOVO\OneDrive\medtech project\Imagens e Matrizes da Tese de Thiago Alves Elias da Silva\12 Novos Casos de Testes\DOENTES\286\Segmentadas\PAC_63_DN5-esq.png,1
286,1,Sick,12 Novos Casos de Testes,DOENTES,esq,6,PAC_63_DN6-esq.png,C:\Users\LENOVO\OneDrive\medtech project\Imagens e Matrizes da Tese de Thiago Alves Elias da Silva\12 Novos Casos de Testes\DOENTES\286\Segmentadas\PAC_63_DN6-esq.png,1
286,1,Sick,12 Novos Casos de Testes,DOENTES,esq,7,PAC_63_DN7-esq.png,C:\Users\LENOVO\OneDrive\medtech project\Imagens e Matrizes da Tese de Thiago Alves Elias da Silva\12 Novos Casos de Testes\DOENTES\286\Segmentadas\PAC_63_DN7-esq.png,1
286,1,Sick,12 Novos Casos de Testes,DOENTES,esq,8,PAC_63_DN8-esq.png,C:\Users\LENOVO\OneDrive\medtech project\Imagens e Matrizes da Tese de Thiago Alves Elias da Silva\12 Novos Casos de Testes\DOENTES\286\Segmentadas\PAC_63_DN8-esq.png,1
286,1,Sick,12 Novos Casos de Testes,DOENTES,esq,9,PAC_63_DN9-esq.png,C:\Users\LENOVO\OneDrive\medtech project\Imagens e Matrizes da Tese de Thiago Alves Elias da Silva\12 Novos Casos de Testes\DOENTES\286\Segmentadas\PAC_63_DN9-esq.png,1
286,1,Sick,12 Novos Casos de Testes,DOENTES,esq,10,PAC_63_DN10-esq.png,C:\Users\LENOVO\OneDrive\medtech project\Imagens e Matrizes da Tese de Thiago Alves Elias da Silva\12 Novos Casos de Testes\DOENTES\286\Segmentadas\PAC_63_DN10-esq.png,1
286,1,Sick,12 Novos Casos de Testes,DOENTES,esq,11,PAC_63_DN11-esq.png,C:\Users\LENOVO\OneDrive\medtech project\Imagens e Matrizes da Tese de Thiago Alves Elias da Silva\12 Novos Casos de Testes\DOENTES\286\Segmentadas\PAC_63_DN11-esq.png,1
286,1,Sick,12 Novos Casos de Testes,DOENTES,esq,12,PAC_63_DN12-esq.png,C:\Users\LENOVO\OneDrive\medtech project\Imagens e Matrizes da Tese de Thiago Alves Elias da Silva\12 Novos Casos de Testes\DOENTES\286\Segmentadas\PAC_63_DN12-esq.png,1
286,1,Sick,12 Novos Casos de Testes,DOENTES,esq,13,PAC_63_DN13-esq.png,C:\Users\LENOVO\OneDrive\medtech project\Imagens e Matrizes da Tese de Thiago Alves Elias da Silva\12 Novos Casos de Testes\DOENTES\286\Segmentadas\PAC_63_DN13-esq.png,1
286,1,Sick,12 Novos Casos de Testes,DOENTES,esq,14,PAC_63_DN14-esq.png,C:\Users\LENOVO\OneDrive\medtech project\Imagens e Matrizes da Tese de Thiago Alves Elias da Silva\12 Novos Casos de Testes\DOENTES\286\Segmentadas\PAC_63_DN14-esq.png,1
286,1,Sick,12 Novos Casos de Testes,DOENTES,esq,15,PAC_63_DN15-esq.png,C:\Users\LENOVO\OneDrive\medtech project\Imagens e Matrizes da Tese de Thiago Alves Elias da Silva\12 Novos Casos de Testes\DOENTES\286\Segmentadas\PAC_63_DN15-esq.png,1
286,1,Sick,12 Novos Casos de Testes,DOENTES,esq,16,PAC_63_DN16-esq.png,C:\Users\LENOVO\OneDrive\medtech project\Imagens e Matrizes da Tese de Thiago Alves Elias da Silva\12 Novos Casos de Testes\DOENTES\286\Segmentadas\PAC_63_DN16-esq.png,1
286,1,Sick,12 Novos Casos de Testes,DOENTES,esq,17,PAC_63_DN17-esq.png,C:\Users\LENOVO\OneDrive\medtech project\Imagens e Matrizes da Tese de Thiago Alves Elias da Silva\12 Novos Casos de Testes\DOENTES\286\Segmentadas\PAC_63_DN17-esq.png,1
286,1,Sick,12 Novos Casos de Testes,DOENTES,esq,18,PAC_63_DN18-esq.png,C:\Users\LENOVO\OneDrive\medtech project\Imagens e Matrizes da Tese de Thiago Alves Elias da Silva\12 Novos Casos de Testes\DOENTES\286\Segmentadas\PAC_63_DN18-esq.png,1
286,1,Sick,12 Novos Casos de Testes,DOENTES,esq,19,PAC_63_DN19-esq.png,C:\Users\LENOVO\OneDrive\medtech project\Imagens e Matrizes da Tese de Thiago Alves Elias da Silva\12 Novos Casos de Testes\DOENTES\286\Segmentadas\PAC_63_DN19-esq.png,1
500,1,Sick,Desenvolvimento da Metodologia,DOENTES,dir,0,PAC_28_DN0-dir.png,C:\Users\LENOVO\OneDrive\medtech project\Imagens e Matrizes da Tese de Thiago Alves Elias da Silva\Desenvolvimento da Metodologia\DOENTES\500\Segmentadas\PAC_28_DN0-dir.png,1
500,1,Sick,Desenvolvimento da Metodologia,DOENTES,dir,1,PAC_28_DN1-dir.png,C:\Users\LENOVO\OneDrive\medtech project\Imagens e Matrizes da Tese de Thiago Alves Elias da Silva\Desenvolvimento da Metodologia\DOENTES\500\Segmentadas\PAC_28_DN1-dir.png,1
500,1,Sick,Desenvolvimento da Metodologia,DOENTES,dir,2,PAC_28_DN2-dir.png,C:\Users\LENOVO\OneDrive\medtech project\Imagens e Matrizes da Tese de Thiago Alves Elias da Silva\Desenvolvimento da Metodologia\DOENTES\500\Segmentadas\PAC_28_DN2-dir.png,1
500,1,Sick,Desenvolvimento da Metodologia,DOENTES,dir,3,PAC_28_DN3-dir.png,C:\Users\LENOVO\OneDrive\medtech project\Imagens e Matrizes da Tese de Thiago Alves Elias da Silva\Desenvolvimento da Metodologia\DOENTES\500\Segmentadas\PAC_28_DN3-dir.png,1
500,1,Sick,Desenvolvimento da Metodologia,DOENTES,dir,4,PAC_28_DN4-dir.png,C:\Users\LENOVO\OneDrive\medtech project\Imagens e Matrizes da Tese de Thiago Alves Elias da Silva\Desenvolvimento da Metodologia\DOENTES\500\Segmentadas\PAC_28_DN4-dir.png,1
500,1,Sick,Desenvolvimento da Metodologia,DOENTES,dir,5,PAC_28_DN5-dir.png,C:\Users\LENOVO\OneDrive\medtech project\Imagens e Matrizes da Tese de Thiago Alves Elias da Silva\Desenvolvimento da Metodologia\DOENTES\500\Segmentadas\PAC_28_DN5-dir.png,1
500,1,Sick,Desenvolvimento da Metodologia,DOENTES,dir,6,PAC_28_DN6-dir.png,C:\Users\LENOVO\OneDrive\medtech project\Imagens e Matrizes da Tese de Thiago Alves Elias da Silva\Desenvolvimento da Metodologia\DOENTES\500\Segmentadas\PAC_28_DN6-dir.png,1
500,1,Sick,Desenvolvimento da Metodologia,DOENTES,dir,7,PAC_28_DN7-dir.png,C:\Users\LENOVO\OneDrive\medtech project\Imagens e Matrizes da Tese de Thiago Alves Elias da Silva\Desenvolvimento da Metodologia\DOENTES\500\Segmentadas\PAC_28_DN7-dir.png,1
500,1,Sick,Desenvolvimento da Metodologia,DOENTES,dir,8,PAC_28_DN8-dir.png,C:\Users\LENOVO\OneDrive\medtech project\Imagens e Matrizes da Tese de Thiago Alves Elias da Silva\Desenvolvimento da Metodologia\DOENTES\500\Segmentadas\PAC_28_DN8-dir.png,1
500,1,Sick,Desenvolvimento da Metodologia,DOENTES,dir,9,PAC_28_DN9-dir.png,C:\Users\LENOVO\OneDrive\medtech project\Imagens e Matrizes da Tese de Thiago Alves Elias da Silva\Desenvolvimento da Metodologia\DOENTES\500\Segmentadas\PAC_28_DN9-dir.png,1
500,1,Sick,Desenvolvimento da Metodologia,DOENTES,dir,10,PAC_28_DN10-dir.png,C:\Users\LENOVO\OneDrive\medtech project\Imagens e Matrizes da Tese de Thiago Alves Elias da Silva\Desenvolvimento da Metodologia\DOENTES\500\Segmentadas\PAC_28_DN10-dir.png,1
500,1,Sick,Desenvolvimento da Metodologia,DOENTES,dir,11,PAC_28_DN11-dir.png,C:\Users\LENOVO\OneDrive\medtech project\Imagens e Matrizes da Tese de Thiago Alves Elias da Silva\Desenvolvimento da Metodologia\DOENTES\500\Segmentadas\PAC_28_DN11-dir.png,1
500,1,Sick,Desenvolvimento da Metodologia,DOENTES,dir,12,PAC_28_DN12-dir.png,C:\Users\LENOVO\OneDrive\medtech project\Imagens e Matrizes da Tese de Thiago Alves Elias da Silva\Desenvolvimento da Metodologia\DOENTES\500\Segmentadas\PAC_28_DN12-dir.png,1
500,1,Sick,Desenvolvimento da Metodologia,DOENTES,dir,13,PAC_28_DN13-dir.png,C:\Users\LENOVO\OneDrive\medtech project\Imagens e Matrizes da Tese de Thiago Alves Elias da Silva\Desenvolvimento da Metodologia\DOENTES\500\Segmentadas\PAC_28_DN13-dir.png,1
500,1,Sick,Desenvolvimento da Metodologia,DOENTES,dir,14,PAC_28_DN14-dir.png,C:\Users\LENOVO\OneDrive\medtech project\Imagens e Matrizes da Tese de Thiago Alves Elias da Silva\Desenvolvimento da Metodologia\DOENTES\500\Segmentadas\PAC_28_DN14-dir.png,1
500,1,Sick,Desenvolvimento da Metodologia,DOENTES,dir,15,PAC_28_DN15-dir.png,C:\Users\LENOVO\OneDrive\medtech project\Imagens e Matrizes da Tese de Thiago Alves Elias da Silva\Desenvolvimento da Metodologia\DOENTES\500\Segmentadas\PAC_28_DN15-dir.png,1
500,1,Sick,Desenvolvimento da Metodologia,DOENTES,dir,16,PAC_28_DN16-dir.png,C:\Users\LENOVO\OneDrive\medtech project\Imagens e Matrizes da Tese de Thiago Alves Elias da Silva\Desenvolvimento da Metodologia\DOENTES\500\Segmentadas\PAC_28_DN16-dir.png,1
500,1,Sick,Desenvolvimento da Metodologia,DOENTES,dir,17,PAC_28_DN17-dir.png,C:\Users\LENOVO\OneDrive\medtech project\Imagens e Matrizes da Tese de Thiago Alves Elias da Silva\Desenvolvimento da Metodologia\DOENTES\500\Segmentadas\PAC_28_DN17-dir.png,1
500,1,Sick,Desenvolvimento da Metodologia,DOENTES,dir,18,PAC_28_DN18-dir.png,C:\Users\LENOVO\OneDrive\medtech project\Imagens e Matrizes da Tese de Thiago Alves Elias da Silva\Desenvolvimento da Metodologia\DOENTES\500\Segmentadas\PAC_28_DN18-dir.png,1
500,1,Sick,Desenvolvimento da Metodologia,DOENTES,dir,19,PAC_28_DN19-dir.png,C:\Users\LENOVO\OneDrive\medtech project\Imagens e Matrizes da Tese de Thiago Alves Elias da Silva\Desenvolvimento da Metodologia\DOENTES\500\Segmentadas\PAC_28_DN19-dir.png,1
50,0,Healthy,12 Novos Casos de Testes,SAUDAΓòá├╝VEIS,dir,0,PAC_14_DN0-dir.png,C:\Users\LENOVO\OneDrive\medtech project\Imagens e Matrizes da Tese de Thiago Alves Elias da Silva\12 Novos Casos de Testes\SAUDAΓòá├╝VEIS\50\Segmentadas\PAC_14_DN0-dir.png,2
50,0,Healthy,12 Novos Casos de Testes,SAUDAΓòá├╝VEIS,dir,1,PAC_14_DN1-dir.png,C:\Users\LENOVO\OneDrive\medtech project\Imagens e Matrizes da Tese de Thiago Alves Elias da Silva\12 Novos Casos de Testes\SAUDAΓòá├╝VEIS\50\Segmentadas\PAC_14_DN1-dir.png,2
50,0,Healthy,12 Novos Casos de Testes,SAUDAΓòá├╝VEIS,dir,2,PAC_14_DN2-dir.png,C:\Users\LENOVO\OneDrive\medtech project\Imagens e Matrizes da Tese de Thiago Alves Elias da Silva\12 Novos Casos de Testes\SAUDAΓòá├╝VEIS\50\Segmentadas\PAC_14_DN2-dir.png,2
50,0,Healthy,12 Novos Casos de Testes,SAUDAΓòá├╝VEIS,dir,3,PAC_14_DN3-dir.png,C:\Users\LENOVO\OneDrive\medtech project\Imagens e Matrizes da Tese de Thiago Alves Elias da Silva\12 Novos Casos de Testes\SAUDAΓòá├╝VEIS\50\Segmentadas\PAC_14_DN3-dir.png,2
50,0,Healthy,12 Novos Casos de Testes,SAUDAΓòá├╝VEIS,dir,4,PAC_14_DN4-dir.png,C:\Users\LENOVO\OneDrive\medtech project\Imagens e Matrizes da Tese de Thiago Alves Elias da Silva\12 Novos Casos de Testes\SAUDAΓòá├╝VEIS\50\Segmentadas\PAC_14_DN4-dir.png,2
50,0,Healthy,12 Novos Casos de Testes,SAUDAΓòá├╝VEIS,dir,5,PAC_14_DN5-dir.png,C:\Users\LENOVO\OneDrive\medtech project\Imagens e Matrizes da Tese de Thiago Alves Elias da Silva\12 Novos Casos de Testes\SAUDAΓòá├╝VEIS\50\Segmentadas\PAC_14_DN5-dir.png,2
50,0,Healthy,12 Novos Casos de Testes,SAUDAΓòá├╝VEIS,dir,6,PAC_14_DN6-dir.png,C:\Users\LENOVO\OneDrive\medtech project\Imagens e Matrizes da Tese de Thiago Alves Elias da Silva\12 Novos Casos de Testes\SAUDAΓòá├╝VEIS\50\Segmentadas\PAC_14_DN6-dir.png,2
50,0,Healthy,12 Novos Casos de Testes,SAUDAΓòá├╝VEIS,dir,7,PAC_14_DN7-dir.png,C:\Users\LENOVO\OneDrive\medtech project\Imagens e Matrizes da Tese de Thiago Alves Elias da Silva\12 Novos Casos de Testes\SAUDAΓòá├╝VEIS\50\Segmentadas\PAC_14_DN7-dir.png,2
50,0,Healthy,12 Novos Casos de Testes,SAUDAΓòá├╝VEIS,dir,8,PAC_14_DN8-dir.png,C:\Users\LENOVO\OneDrive\medtech project\Imagens e Matrizes da Tese de Thiago Alves Elias da Silva\12 Novos Casos de Testes\SAUDAΓòá├╝VEIS\50\Segmentadas\PAC_14_DN8-dir.png,2
50,0,Healthy,12 Novos Casos de Testes,SAUDAΓòá├╝VEIS,dir,9,PAC_14_DN9-dir.png,C:\Users\LENOVO\OneDrive\medtech project\Imagens e Matrizes da Tese de Thiago Alves Elias da Silva\12 Novos Casos de Testes\SAUDAΓòá├╝VEIS\50\Segmentadas\PAC_14_DN9-dir.png,2
50,0,Healthy,12 Novos Casos de Testes,SAUDAΓòá├╝VEIS,dir,10,PAC_14_DN10-dir.png,C:\Users\LENOVO\OneDrive\medtech project\Imagens e Matrizes da Tese de Thiago Alves Elias da Silva\12 Novos Casos de Testes\SAUDAΓòá├╝VEIS\50\Segmentadas\PAC_14_DN10-dir.png,2
50,0,Healthy,12 Novos Casos de Testes,SAUDAΓòá├╝VEIS,dir,11,PAC_14_DN11-dir.png,C:\Users\LENOVO\OneDrive\medtech project\Imagens e Matrizes da Tese de Thiago Alves Elias da Silva\12 Novos Casos de Testes\SAUDAΓòá├╝VEIS\50\Segmentadas\PAC_14_DN11-dir.png,2
50,0,Healthy,12 Novos Casos de Testes,SAUDAΓòá├╝VEIS,dir,12,PAC_14_DN12-dir.png,C:\Users\LENOVO\OneDrive\medtech project\Imagens e Matrizes da Tese de Thiago Alves Elias da Silva\12 Novos Casos de Testes\SAUDAΓòá├╝VEIS\50\Segmentadas\PAC_14_DN12-dir.png,2
50,0,Healthy,12 Novos Casos de Testes,SAUDAΓòá├╝VEIS,dir,13,PAC_14_DN13-dir.png,C:\Users\LENOVO\OneDrive\medtech project\Imagens e Matrizes da Tese de Thiago Alves Elias da Silva\12 Novos Casos de Testes\SAUDAΓòá├╝VEIS\50\Segmentadas\PAC_14_DN13-dir.png,2
50,0,Healthy,12 Novos Casos de Testes,SAUDAΓòá├╝VEIS,dir,14,PAC_14_DN14-dir.png,C:\Users\LENOVO\OneDrive\medtech project\Imagens e Matrizes da Tese de Thiago Alves Elias da Silva\12 Novos Casos de Testes\SAUDAΓòá├╝VEIS\50\Segmentadas\PAC_14_DN14-dir.png,2
50,0,Healthy,12 Novos Casos de Testes,SAUDAΓòá├╝VEIS,dir,15,PAC_14_DN15-dir.png,C:\Users\LENOVO\OneDrive\medtech project\Imagens e Matrizes da Tese de Thiago Alves Elias da Silva\12 Novos Casos de Testes\SAUDAΓòá├╝VEIS\50\Segmentadas\PAC_14_DN15-dir.png,2
50,0,Healthy,12 Novos Casos de Testes,SAUDAΓòá├╝VEIS,dir,16,PAC_14_DN16-dir.png,C:\Users\LENOVO\OneDrive\medtech project\Imagens e Matrizes da Tese de Thiago Alves Elias da Silva\12 Novos Casos de Testes\SAUDAΓòá├╝VEIS\50\Segmentadas\PAC_14_DN16-dir.png,2
50,0,Healthy,12 Novos Casos de Testes,SAUDAΓòá├╝VEIS,dir,17,PAC_14_DN17-dir.png,C:\Users\LENOVO\OneDrive\medtech project\Imagens e Matrizes da Tese de Thiago Alves Elias da Silva\12 Novos Casos de Testes\SAUDAΓòá├╝VEIS\50\Segmentadas\PAC_14_DN17-dir.png,2
50,0,Healthy,12 Novos Casos de Testes,SAUDAΓòá├╝VEIS,dir,18,PAC_14_DN18-dir.png,C:\Users\LENOVO\OneDrive\medtech project\Imagens e Matrizes da Tese de Thiago Alves Elias da Silva\12 Novos Casos de Testes\SAUDAΓòá├╝VEIS\50\Segmentadas\PAC_14_DN18-dir.png,2
50,0,Healthy,12 Novos Casos de Testes,SAUDAΓòá├╝VEIS,dir,19,PAC_14_DN19-dir.png,C:\Users\LENOVO\OneDrive\medtech project\Imagens e Matrizes da Tese de Thiago Alves Elias da Silva\12 Novos Casos de Testes\SAUDAΓòá├╝VEIS\50\Segmentadas\PAC_14_DN19-dir.png,2
68,0,Healthy,Desenvolvimento da Metodologia,SAUDAΓòá├╝VEIS,dir,0,PAC_17_DN0-dir.png,C:\Users\LENOVO\OneDrive\medtech project\Imagens e Matrizes da Tese de Thiago Alves Elias da Silva\Desenvolvimento da Metodologia\SAUDAΓòá├╝VEIS\68\Segmentadas\PAC_17_DN0-dir.png,2
68,0,Healthy,Desenvolvimento da Metodologia,SAUDAΓòá├╝VEIS,dir,1,PAC_17_DN1-dir.png,C:\Users\LENOVO\OneDrive\medtech project\Imagens e Matrizes da Tese de Thiago Alves Elias da Silva\Desenvolvimento da Metodologia\SAUDAΓòá├╝VEIS\68\Segmentadas\PAC_17_DN1-dir.png,2
68,0,Healthy,Desenvolvimento da Metodologia,SAUDAΓòá├╝VEIS,dir,2,PAC_17_DN2-dir.png,C:\Users\LENOVO\OneDrive\medtech project\Imagens e Matrizes da Tese de Thiago Alves Elias da Silva\Desenvolvimento da Metodologia\SAUDAΓòá├╝VEIS\68\Segmentadas\PAC_17_DN2-dir.png,2
68,0,Healthy,Desenvolvimento da Metodologia,SAUDAΓòá├╝VEIS,dir,3,PAC_17_DN3-dir.png,C:\Users\LENOVO\OneDrive\medtech project\Imagens e Matrizes da Tese de Thiago Alves Elias da Silva\Desenvolvimento da Metodologia\SAUDAΓòá├╝VEIS\68\Segmentadas\PAC_17_DN3-dir.png,2
68,0,Healthy,Desenvolvimento da Metodologia,SAUDAΓòá├╝VEIS,dir,4,PAC_17_DN4-dir.png,C:\Users\LENOVO\OneDrive\medtech project\Imagens e Matrizes da Tese de Thiago Alves Elias da Silva\Desenvolvimento da Metodologia\SAUDAΓòá├╝VEIS\68\Segmentadas\PAC_17_DN4-dir.png,2
68,0,Healthy,Desenvolvimento da Metodologia,SAUDAΓòá├╝VEIS,dir,5,PAC_17_DN5-dir.png,C:\Users\LENOVO\OneDrive\medtech project\Imagens e Matrizes da Tese de Thiago Alves Elias da Silva\Desenvolvimento da Metodologia\SAUDAΓòá├╝VEIS\68\Segmentadas\PAC_17_DN5-dir.png,2
68,0,Healthy,Desenvolvimento da Metodologia,SAUDAΓòá├╝VEIS,dir,6,PAC_17_DN6-dir.png,C:\Users\LENOVO\OneDrive\medtech project\Imagens e Matrizes da Tese de Thiago Alves Elias da Silva\Desenvolvimento da Metodologia\SAUDAΓòá├╝VEIS\68\Segmentadas\PAC_17_DN6-dir.png,2
68,0,Healthy,Desenvolvimento da Metodologia,SAUDAΓòá├╝VEIS,dir,7,PAC_17_DN7-dir.png,C:\Users\LENOVO\OneDrive\medtech project\Imagens e Matrizes da Tese de Thiago Alves Elias da Silva\Desenvolvimento da Metodologia\SAUDAΓòá├╝VEIS\68\Segmentadas\PAC_17_DN7-dir.png,2
68,0,Healthy,Desenvolvimento da Metodologia,SAUDAΓòá├╝VEIS,dir,8,PAC_17_DN8-dir.png,C:\Users\LENOVO\OneDrive\medtech project\Imagens e Matrizes da Tese de Thiago Alves Elias da Silva\Desenvolvimento da Metodologia\SAUDAΓòá├╝VEIS\68\Segmentadas\PAC_17_DN8-dir.png,2
68,0,Healthy,Desenvolvimento da Metodologia,SAUDAΓòá├╝VEIS,dir,9,PAC_17_DN9-dir.png,C:\Users\LENOVO\OneDrive\medtech project\Imagens e Matrizes da Tese de Thiago Alves Elias da Silva\Desenvolvimento da Metodologia\SAUDAΓòá├╝VEIS\68\Segmentadas\PAC_17_DN9-dir.png,2
68,0,Healthy,Desenvolvimento da Metodologia,SAUDAΓòá├╝VEIS,dir,10,PAC_17_DN10-dir.png,C:\Users\LENOVO\OneDrive\medtech project\Imagens e Matrizes da Tese de Thiago Alves Elias da Silva\Desenvolvimento da Metodologia\SAUDAΓòá├╝VEIS\68\Segmentadas\PAC_17_DN10-dir.png,2
68,0,Healthy,Desenvolvimento da Metodologia,SAUDAΓòá├╝VEIS,dir,11,PAC_17_DN11-dir.png,C:\Users\LENOVO\OneDrive\medtech project\Imagens e Matrizes da Tese de Thiago Alves Elias da Silva\Desenvolvimento da Metodologia\SAUDAΓòá├╝VEIS\68\Segmentadas\PAC_17_DN11-dir.png,2
68,0,Healthy,Desenvolvimento da Metodologia,SAUDAΓòá├╝VEIS,dir,12,PAC_17_DN12-dir.png,C:\Users\LENOVO\OneDrive\medtech project\Imagens e Matrizes da Tese de Thiago Alves Elias da Silva\Desenvolvimento da Metodologia\SAUDAΓòá├╝VEIS\68\Segmentadas\PAC_17_DN12-dir.png,2
68,0,Healthy,Desenvolvimento da Metodologia,SAUDAΓòá├╝VEIS,dir,13,PAC_17_DN13-dir.png,C:\Users\LENOVO\OneDrive\medtech project\Imagens e Matrizes da Tese de Thiago Alves Elias da Silva\Desenvolvimento da Metodologia\SAUDAΓòá├╝VEIS\68\Segmentadas\PAC_17_DN13-dir.png,2
68,0,Healthy,Desenvolvimento da Metodologia,SAUDAΓòá├╝VEIS,dir,14,PAC_17_DN14-dir.png,C:\Users\LENOVO\OneDrive\medtech project\Imagens e Matrizes da Tese de Thiago Alves Elias da Silva\Desenvolvimento da Metodologia\SAUDAΓòá├╝VEIS\68\Segmentadas\PAC_17_DN14-dir.png,2
68,0,Healthy,Desenvolvimento da Metodologia,SAUDAΓòá├╝VEIS,dir,15,PAC_17_DN15-dir.png,C:\Users\LENOVO\OneDrive\medtech project\Imagens e Matrizes da Tese de Thiago Alves Elias da Silva\Desenvolvimento da Metodologia\SAUDAΓòá├╝VEIS\68\Segmentadas\PAC_17_DN15-dir.png,2
68,0,Healthy,Desenvolvimento da Metodologia,SAUDAΓòá├╝VEIS,dir,16,PAC_17_DN16-dir.png,C:\Users\LENOVO\OneDrive\medtech project\Imagens e Matrizes da Tese de Thiago Alves Elias da Silva\Desenvolvimento da Metodologia\SAUDAΓòá├╝VEIS\68\Segmentadas\PAC_17_DN16-dir.png,2
68,0,Healthy,Desenvolvimento da Metodologia,SAUDAΓòá├╝VEIS,dir,17,PAC_17_DN17-dir.png,C:\Users\LENOVO\OneDrive\medtech project\Imagens e Matrizes da Tese de Thiago Alves Elias da Silva\Desenvolvimento da Metodologia\SAUDAΓòá├╝VEIS\68\Segmentadas\PAC_17_DN17-dir.png,2
68,0,Healthy,Desenvolvimento da Metodologia,SAUDAΓòá├╝VEIS,dir,18,PAC_17_DN18-dir.png,C:\Users\LENOVO\OneDrive\medtech project\Imagens e Matrizes da Tese de Thiago Alves Elias da Silva\Desenvolvimento da Metodologia\SAUDAΓòá├╝VEIS\68\Segmentadas\PAC_17_DN18-dir.png,2
68,0,Healthy,Desenvolvimento da Metodologia,SAUDAΓòá├╝VEIS,dir,19,PAC_17_DN19-dir.png,C:\Users\LENOVO\OneDrive\medtech project\Imagens e Matrizes da Tese de Thiago Alves Elias da Silva\Desenvolvimento da Metodologia\SAUDAΓòá├╝VEIS\68\Segmentadas\PAC_17_DN19-dir.png,2
108,0,Healthy,12 Novos Casos de Testes,SAUDAΓòá├╝VEIS,dir,0,PAC_69_DN0-dir.png,C:\Users\LENOVO\OneDrive\medtech project\Imagens e Matrizes da Tese de Thiago Alves Elias da Silva\12 Novos Casos de Testes\SAUDAΓòá├╝VEIS\108\Segmentadas\PAC_69_DN0-dir.png,2
108,0,Healthy,12 Novos Casos de Testes,SAUDAΓòá├╝VEIS,dir,1,PAC_69_DN1-dir.png,C:\Users\LENOVO\OneDrive\medtech project\Imagens e Matrizes da Tese de Thiago Alves Elias da Silva\12 Novos Casos de Testes\SAUDAΓòá├╝VEIS\108\Segmentadas\PAC_69_DN1-dir.png,2
108,0,Healthy,12 Novos Casos de Testes,SAUDAΓòá├╝VEIS,dir,2,PAC_69_DN2-dir.png,C:\Users\LENOVO\OneDrive\medtech project\Imagens e Matrizes da Tese de Thiago Alves Elias da Silva\12 Novos Casos de Testes\SAUDAΓòá├╝VEIS\108\Segmentadas\PAC_69_DN2-dir.png,2
108,0,Healthy,12 Novos Casos de Testes,SAUDAΓòá├╝VEIS,dir,3,PAC_69_DN3-dir.png,C:\Users\LENOVO\OneDrive\medtech project\Imagens e Matrizes da Tese de Thiago Alves Elias da Silva\12 Novos Casos de Testes\SAUDAΓòá├╝VEIS\108\Segmentadas\PAC_69_DN3-dir.png,2
108,0,Healthy,12 Novos Casos de Testes,SAUDAΓòá├╝VEIS,dir,4,PAC_69_DN4-dir.png,C:\Users\LENOVO\OneDrive\medtech project\Imagens e Matrizes da Tese de Thiago Alves Elias da Silva\12 Novos Casos de Testes\SAUDAΓòá├╝VEIS\108\Segmentadas\PAC_69_DN4-dir.png,2
108,0,Healthy,12 Novos Casos de Testes,SAUDAΓòá├╝VEIS,dir,5,PAC_69_DN5-dir.png,C:\Users\LENOVO\OneDrive\medtech project\Imagens e Matrizes da Tese de Thiago Alves Elias da Silva\12 Novos Casos de Testes\SAUDAΓòá├╝VEIS\108\Segmentadas\PAC_69_DN5-dir.png,2
108,0,Healthy,12 Novos Casos de Testes,SAUDAΓòá├╝VEIS,dir,6,PAC_69_DN6-dir.png,C:\Users\LENOVO\OneDrive\medtech project\Imagens e Matrizes da Tese de Thiago Alves Elias da Silva\12 Novos Casos de Testes\SAUDAΓòá├╝VEIS\108\Segmentadas\PAC_69_DN6-dir.png,2
108,0,Healthy,12 Novos Casos de Testes,SAUDAΓòá├╝VEIS,dir,7,PAC_69_DN7-dir.png,C:\Users\LENOVO\OneDrive\medtech project\Imagens e Matrizes da Tese de Thiago Alves Elias da Silva\12 Novos Casos de Testes\SAUDAΓòá├╝VEIS\108\Segmentadas\PAC_69_DN7-dir.png,2
108,0,Healthy,12 Novos Casos de Testes,SAUDAΓòá├╝VEIS,dir,8,PAC_69_DN8-dir.png,C:\Users\LENOVO\OneDrive\medtech project\Imagens e Matrizes da Tese de Thiago Alves Elias da Silva\12 Novos Casos de Testes\SAUDAΓòá├╝VEIS\108\Segmentadas\PAC_69_DN8-dir.png,2
108,0,Healthy,12 Novos Casos de Testes,SAUDAΓòá├╝VEIS,dir,9,PAC_69_DN9-dir.png,C:\Users\LENOVO\OneDrive\medtech project\Imagens e Matrizes da Tese de Thiago Alves Elias da Silva\12 Novos Casos de Testes\SAUDAΓòá├╝VEIS\108\Segmentadas\PAC_69_DN9-dir.png,2
108,0,Healthy,12 Novos Casos de Testes,SAUDAΓòá├╝VEIS,dir,10,PAC_69_DN10-dir.png,C:\Users\LENOVO\OneDrive\medtech project\Imagens e Matrizes da Tese de Thiago Alves Elias da Silva\12 Novos Casos de Testes\SAUDAΓòá├╝VEIS\108\Segmentadas\PAC_69_DN10-dir.png,2
108,0,Healthy,12 Novos Casos de Testes,SAUDAΓòá├╝VEIS,dir,11,PAC_69_DN11-dir.png,C:\Users\LENOVO\OneDrive\medtech project\Imagens e Matrizes da Tese de Thiago Alves Elias da Silva\12 Novos Casos de Testes\SAUDAΓòá├╝VEIS\108\Segmentadas\PAC_69_DN11-dir.png,2
108,0,Healthy,12 Novos Casos de Testes,SAUDAΓòá├╝VEIS,dir,12,PAC_69_DN12-dir.png,C:\Users\LENOVO\OneDrive\medtech project\Imagens e Matrizes da Tese de Thiago Alves Elias da Silva\12 Novos Casos de Testes\SAUDAΓòá├╝VEIS\108\Segmentadas\PAC_69_DN12-dir.png,2
108,0,Healthy,12 Novos Casos de Testes,SAUDAΓòá├╝VEIS,dir,13,PAC_69_DN13-dir.png,C:\Users\LENOVO\OneDrive\medtech project\Imagens e Matrizes da Tese de Thiago Alves Elias da Silva\12 Novos Casos de Testes\SAUDAΓòá├╝VEIS\108\Segmentadas\PAC_69_DN13-dir.png,2
108,0,Healthy,12 Novos Casos de Testes,SAUDAΓòá├╝VEIS,dir,14,PAC_69_DN14-dir.png,C:\Users\LENOVO\OneDrive\medtech project\Imagens e Matrizes da Tese de Thiago Alves Elias da Silva\12 Novos Casos de Testes\SAUDAΓòá├╝VEIS\108\Segmentadas\PAC_69_DN14-dir.png,2
108,0,Healthy,12 Novos Casos de Testes,SAUDAΓòá├╝VEIS,dir,15,PAC_69_DN15-dir.png,C:\Users\LENOVO\OneDrive\medtech project\Imagens e Matrizes da Tese de Thiago Alves Elias da Silva\12 Novos Casos de Testes\SAUDAΓòá├╝VEIS\108\Segmentadas\PAC_69_DN15-dir.png,2
108,0,Healthy,12 Novos Casos de Testes,SAUDAΓòá├╝VEIS,dir,16,PAC_69_DN16-dir.png,C:\Users\LENOVO\OneDrive\medtech project\Imagens e Matrizes da Tese de Thiago Alves Elias da Silva\12 Novos Casos de Testes\SAUDAΓòá├╝VEIS\108\Segmentadas\PAC_69_DN16-dir.png,2
108,0,Healthy,12 Novos Casos de Testes,SAUDAΓòá├╝VEIS,dir,17,PAC_69_DN17-dir.png,C:\Users\LENOVO\OneDrive\medtech project\Imagens e Matrizes da Tese de Thiago Alves Elias da Silva\12 Novos Casos de Testes\SAUDAΓòá├╝VEIS\108\Segmentadas\PAC_69_DN17-dir.png,2
108,0,Healthy,12 Novos Casos de Testes,SAUDAΓòá├╝VEIS,dir,18,PAC_69_DN18-dir.png,C:\Users\LENOVO\OneDrive\medtech project\Imagens e Matrizes da Tese de Thiago Alves Elias da Silva\12 Novos Casos de Testes\SAUDAΓòá├╝VEIS\108\Segmentadas\PAC_69_DN18-dir.png,2
108,0,Healthy,12 Novos Casos de Testes,SAUDAΓòá├╝VEIS,dir,19,PAC_69_DN19-dir.png,C:\Users\LENOVO\OneDrive\medtech project\Imagens e Matrizes da Tese de Thiago Alves Elias da Silva\12 Novos Casos de Testes\SAUDAΓòá├╝VEIS\108\Segmentadas\PAC_69_DN19-dir.png,2
900,0,Healthy,Desenvolvimento da Metodologia,SAUDAΓòá├╝VEIS,dir,0,PAC_39_DN0-dir.png,C:\Users\LENOVO\OneDrive\medtech project\Imagens e Matrizes da Tese de Thiago Alves Elias da Silva\Desenvolvimento da Metodologia\SAUDAΓòá├╝VEIS\900\Segmentadas\PAC_39_DN0-dir.png,2
900,0,Healthy,Desenvolvimento da Metodologia,SAUDAΓòá├╝VEIS,dir,1,PAC_39_DN1-dir.png,C:\Users\LENOVO\OneDrive\medtech project\Imagens e Matrizes da Tese de Thiago Alves Elias da Silva\Desenvolvimento da Metodologia\SAUDAΓòá├╝VEIS\900\Segmentadas\PAC_39_DN1-dir.png,2
900,0,Healthy,Desenvolvimento da Metodologia,SAUDAΓòá├╝VEIS,dir,2,PAC_39_DN2-dir.png,C:\Users\LENOVO\OneDrive\medtech project\Imagens e Matrizes da Tese de Thiago Alves Elias da Silva\Desenvolvimento da Metodologia\SAUDAΓòá├╝VEIS\900\Segmentadas\PAC_39_DN2-dir.png,2
900,0,Healthy,Desenvolvimento da Metodologia,SAUDAΓòá├╝VEIS,dir,3,PAC_39_DN3-dir.png,C:\Users\LENOVO\OneDrive\medtech project\Imagens e Matrizes da Tese de Thiago Alves Elias da Silva\Desenvolvimento da Metodologia\SAUDAΓòá├╝VEIS\900\Segmentadas\PAC_39_DN3-dir.png,2
900,0,Healthy,Desenvolvimento da Metodologia,SAUDAΓòá├╝VEIS,dir,4,PAC_39_DN4-dir.png,C:\Users\LENOVO\OneDrive\medtech project\Imagens e Matrizes da Tese de Thiago Alves Elias da Silva\Desenvolvimento da Metodologia\SAUDAΓòá├╝VEIS\900\Segmentadas\PAC_39_DN4-dir.png,2
900,0,Healthy,Desenvolvimento da Metodologia,SAUDAΓòá├╝VEIS,dir,5,PAC_39_DN5-dir.png,C:\Users\LENOVO\OneDrive\medtech project\Imagens e Matrizes da Tese de Thiago Alves Elias da Silva\Desenvolvimento da Metodologia\SAUDAΓòá├╝VEIS\900\Segmentadas\PAC_39_DN5-dir.png,2
900,0,Healthy,Desenvolvimento da Metodologia,SAUDAΓòá├╝VEIS,dir,6,PAC_39_DN6-dir.png,C:\Users\LENOVO\OneDrive\medtech project\Imagens e Matrizes da Tese de Thiago Alves Elias da Silva\Desenvolvimento da Metodologia\SAUDAΓòá├╝VEIS\900\Segmentadas\PAC_39_DN6-dir.png,2
900,0,Healthy,Desenvolvimento da Metodologia,SAUDAΓòá├╝VEIS,dir,7,PAC_39_DN7-dir.png,C:\Users\LENOVO\OneDrive\medtech project\Imagens e Matrizes da Tese de Thiago Alves Elias da Silva\Desenvolvimento da Metodologia\SAUDAΓòá├╝VEIS\900\Segmentadas\PAC_39_DN7-dir.png,2
900,0,Healthy,Desenvolvimento da Metodologia,SAUDAΓòá├╝VEIS,dir,8,PAC_39_DN8-dir.png,C:\Users\LENOVO\OneDrive\medtech project\Imagens e Matrizes da Tese de Thiago Alves Elias da Silva\Desenvolvimento da Metodologia\SAUDAΓòá├╝VEIS\900\Segmentadas\PAC_39_DN8-dir.png,2
900,0,Healthy,Desenvolvimento da Metodologia,SAUDAΓòá├╝VEIS,dir,9,PAC_39_DN9-dir.png,C:\Users\LENOVO\OneDrive\medtech project\Imagens e Matrizes da Tese de Thiago Alves Elias da Silva\Desenvolvimento da Metodologia\SAUDAΓòá├╝VEIS\900\Segmentadas\PAC_39_DN9-dir.png,2
900,0,Healthy,Desenvolvimento da Metodologia,SAUDAΓòá├╝VEIS,dir,10,PAC_39_DN10-dir.png,C:\Users\LENOVO\OneDrive\medtech project\Imagens e Matrizes da Tese de Thiago Alves Elias da Silva\Desenvolvimento da Metodologia\SAUDAΓòá├╝VEIS\900\Segmentadas\PAC_39_DN10-dir.png,2
900,0,Healthy,Desenvolvimento da Metodologia,SAUDAΓòá├╝VEIS,dir,11,PAC_39_DN11-dir.png,C:\Users\LENOVO\OneDrive\medtech project\Imagens e Matrizes da Tese de Thiago Alves Elias da Silva\Desenvolvimento da Metodologia\SAUDAΓòá├╝VEIS\900\Segmentadas\PAC_39_DN11-dir.png,2
900,0,Healthy,Desenvolvimento da Metodologia,SAUDAΓòá├╝VEIS,dir,12,PAC_39_DN12-dir.png,C:\Users\LENOVO\OneDrive\medtech project\Imagens e Matrizes da Tese de Thiago Alves Elias da Silva\Desenvolvimento da Metodologia\SAUDAΓòá├╝VEIS\900\Segmentadas\PAC_39_DN12-dir.png,2
900,0,Healthy,Desenvolvimento da Metodologia,SAUDAΓòá├╝VEIS,dir,13,PAC_39_DN13-dir.png,C:\Users\LENOVO\OneDrive\medtech project\Imagens e Matrizes da Tese de Thiago Alves Elias da Silva\Desenvolvimento da Metodologia\SAUDAΓòá├╝VEIS\900\Segmentadas\PAC_39_DN13-dir.png,2
900,0,Healthy,Desenvolvimento da Metodologia,SAUDAΓòá├╝VEIS,dir,14,PAC_39_DN14-dir.png,C:\Users\LENOVO\OneDrive\medtech project\Imagens e Matrizes da Tese de Thiago Alves Elias da Silva\Desenvolvimento da Metodologia\SAUDAΓòá├╝VEIS\900\Segmentadas\PAC_39_DN14-dir.png,2
900,0,Healthy,Desenvolvimento da Metodologia,SAUDAΓòá├╝VEIS,dir,15,PAC_39_DN15-dir.png,C:\Users\LENOVO\OneDrive\medtech project\Imagens e Matrizes da Tese de Thiago Alves Elias da Silva\Desenvolvimento da Metodologia\SAUDAΓòá├╝VEIS\900\Segmentadas\PAC_39_DN15-dir.png,2
900,0,Healthy,Desenvolvimento da Metodologia,SAUDAΓòá├╝VEIS,dir,16,PAC_39_DN16-dir.png,C:\Users\LENOVO\OneDrive\medtech project\Imagens e Matrizes da Tese de Thiago Alves Elias da Silva\Desenvolvimento da Metodologia\SAUDAΓòá├╝VEIS\900\Segmentadas\PAC_39_DN16-dir.png,2
900,0,Healthy,Desenvolvimento da Metodologia,SAUDAΓòá├╝VEIS,dir,17,PAC_39_DN17-dir.png,C:\Users\LENOVO\OneDrive\medtech project\Imagens e Matrizes da Tese de Thiago Alves Elias da Silva\Desenvolvimento da Metodologia\SAUDAΓòá├╝VEIS\900\Segmentadas\PAC_39_DN17-dir.png,2
900,0,Healthy,Desenvolvimento da Metodologia,SAUDAΓòá├╝VEIS,dir,18,PAC_39_DN18-dir.png,C:\Users\LENOVO\OneDrive\medtech project\Imagens e Matrizes da Tese de Thiago Alves Elias da Silva\Desenvolvimento da Metodologia\SAUDAΓòá├╝VEIS\900\Segmentadas\PAC_39_DN18-dir.png,2
900,0,Healthy,Desenvolvimento da Metodologia,SAUDAΓòá├╝VEIS,dir,19,PAC_39_DN19-dir.png,C:\Users\LENOVO\OneDrive\medtech project\Imagens e Matrizes da Tese de Thiago Alves Elias da Silva\Desenvolvimento da Metodologia\SAUDAΓòá├╝VEIS\900\Segmentadas\PAC_39_DN19-dir.png,2
180,1,Sick,Desenvolvimento da Metodologia,DOENTES,esq,0,PAC_01_DN0-esq.png,C:\Users\LENOVO\OneDrive\medtech project\Imagens e Matrizes da Tese de Thiago Alves Elias da Silva\Desenvolvimento da Metodologia\DOENTES\180\Segmentadas\PAC_01_DN0-esq.png,2
180,1,Sick,Desenvolvimento da Metodologia,DOENTES,esq,1,PAC_01_DN1-esq.png,C:\Users\LENOVO\OneDrive\medtech project\Imagens e Matrizes da Tese de Thiago Alves Elias da Silva\Desenvolvimento da Metodologia\DOENTES\180\Segmentadas\PAC_01_DN1-esq.png,2
180,1,Sick,Desenvolvimento da Metodologia,DOENTES,esq,2,PAC_01_DN2-esq.png,C:\Users\LENOVO\OneDrive\medtech project\Imagens e Matrizes da Tese de Thiago Alves Elias da Silva\Desenvolvimento da Metodologia\DOENTES\180\Segmentadas\PAC_01_DN2-esq.png,2
180,1,Sick,Desenvolvimento da Metodologia,DOENTES,esq,3,PAC_01_DN3-esq.png,C:\Users\LENOVO\OneDrive\medtech project\Imagens e Matrizes da Tese de Thiago Alves Elias da Silva\Desenvolvimento da Metodologia\DOENTES\180\Segmentadas\PAC_01_DN3-esq.png,2
180,1,Sick,Desenvolvimento da Metodologia,DOENTES,esq,4,PAC_01_DN4-esq.png,C:\Users\LENOVO\OneDrive\medtech project\Imagens e Matrizes da Tese de Thiago Alves Elias da Silva\Desenvolvimento da Metodologia\DOENTES\180\Segmentadas\PAC_01_DN4-esq.png,2
180,1,Sick,Desenvolvimento da Metodologia,DOENTES,esq,5,PAC_01_DN5-esq.png,C:\Users\LENOVO\OneDrive\medtech project\Imagens e Matrizes da Tese de Thiago Alves Elias da Silva\Desenvolvimento da Metodologia\DOENTES\180\Segmentadas\PAC_01_DN5-esq.png,2
180,1,Sick,Desenvolvimento da Metodologia,DOENTES,esq,6,PAC_01_DN6-esq.png,C:\Users\LENOVO\OneDrive\medtech project\Imagens e Matrizes da Tese de Thiago Alves Elias da Silva\Desenvolvimento da Metodologia\DOENTES\180\Segmentadas\PAC_01_DN6-esq.png,2
180,1,Sick,Desenvolvimento da Metodologia,DOENTES,esq,7,PAC_01_DN7-esq.png,C:\Users\LENOVO\OneDrive\medtech project\Imagens e Matrizes da Tese de Thiago Alves Elias da Silva\Desenvolvimento da Metodologia\DOENTES\180\Segmentadas\PAC_01_DN7-esq.png,2
180,1,Sick,Desenvolvimento da Metodologia,DOENTES,esq,8,PAC_01_DN8-esq.png,C:\Users\LENOVO\OneDrive\medtech project\Imagens e Matrizes da Tese de Thiago Alves Elias da Silva\Desenvolvimento da Metodologia\DOENTES\180\Segmentadas\PAC_01_DN8-esq.png,2
180,1,Sick,Desenvolvimento da Metodologia,DOENTES,esq,9,PAC_01_DN9-esq.png,C:\Users\LENOVO\OneDrive\medtech project\Imagens e Matrizes da Tese de Thiago Alves Elias da Silva\Desenvolvimento da Metodologia\DOENTES\180\Segmentadas\PAC_01_DN9-esq.png,2
180,1,Sick,Desenvolvimento da Metodologia,DOENTES,esq,10,PAC_01_DN10-esq.png,C:\Users\LENOVO\OneDrive\medtech project\Imagens e Matrizes da Tese de Thiago Alves Elias da Silva\Desenvolvimento da Metodologia\DOENTES\180\Segmentadas\PAC_01_DN10-esq.png,2
180,1,Sick,Desenvolvimento da Metodologia,DOENTES,esq,11,PAC_01_DN11-esq.png,C:\Users\LENOVO\OneDrive\medtech project\Imagens e Matrizes da Tese de Thiago Alves Elias da Silva\Desenvolvimento da Metodologia\DOENTES\180\Segmentadas\PAC_01_DN11-esq.png,2
180,1,Sick,Desenvolvimento da Metodologia,DOENTES,esq,12,PAC_01_DN12-esq.png,C:\Users\LENOVO\OneDrive\medtech project\Imagens e Matrizes da Tese de Thiago Alves Elias da Silva\Desenvolvimento da Metodologia\DOENTES\180\Segmentadas\PAC_01_DN12-esq.png,2
180,1,Sick,Desenvolvimento da Metodologia,DOENTES,esq,13,PAC_01_DN13-esq.png,C:\Users\LENOVO\OneDrive\medtech project\Imagens e Matrizes da Tese de Thiago Alves Elias da Silva\Desenvolvimento da Metodologia\DOENTES\180\Segmentadas\PAC_01_DN13-esq.png,2
180,1,Sick,Desenvolvimento da Metodologia,DOENTES,esq,14,PAC_01_DN14-esq.png,C:\Users\LENOVO\OneDrive\medtech project\Imagens e Matrizes da Tese de Thiago Alves Elias da Silva\Desenvolvimento da Metodologia\DOENTES\180\Segmentadas\PAC_01_DN14-esq.png,2
180,1,Sick,Desenvolvimento da Metodologia,DOENTES,esq,15,PAC_01_DN15-esq.png,C:\Users\LENOVO\OneDrive\medtech project\Imagens e Matrizes da Tese de Thiago Alves Elias da Silva\Desenvolvimento da Metodologia\DOENTES\180\Segmentadas\PAC_01_DN15-esq.png,2
180,1,Sick,Desenvolvimento da Metodologia,DOENTES,esq,16,PAC_01_DN16-esq.png,C:\Users\LENOVO\OneDrive\medtech project\Imagens e Matrizes da Tese de Thiago Alves Elias da Silva\Desenvolvimento da Metodologia\DOENTES\180\Segmentadas\PAC_01_DN16-esq.png,2
180,1,Sick,Desenvolvimento da Metodologia,DOENTES,esq,17,PAC_01_DN17-esq.png,C:\Users\LENOVO\OneDrive\medtech project\Imagens e Matrizes da Tese de Thiago Alves Elias da Silva\Desenvolvimento da Metodologia\DOENTES\180\Segmentadas\PAC_01_DN17-esq.png,2
180,1,Sick,Desenvolvimento da Metodologia,DOENTES,esq,18,PAC_01_DN18-esq.png,C:\Users\LENOVO\OneDrive\medtech project\Imagens e Matrizes da Tese de Thiago Alves Elias da Silva\Desenvolvimento da Metodologia\DOENTES\180\Segmentadas\PAC_01_DN18-esq.png,2
180,1,Sick,Desenvolvimento da Metodologia,DOENTES,esq,19,PAC_01_DN19-esq.png,C:\Users\LENOVO\OneDrive\medtech project\Imagens e Matrizes da Tese de Thiago Alves Elias da Silva\Desenvolvimento da Metodologia\DOENTES\180\Segmentadas\PAC_01_DN19-esq.png,2
210,1,Sick,Desenvolvimento da Metodologia,DOENTES,esq,0,PAC_07_DN0-esq.png,C:\Users\LENOVO\OneDrive\medtech project\Imagens e Matrizes da Tese de Thiago Alves Elias da Silva\Desenvolvimento da Metodologia\DOENTES\210\Segmentadas\PAC_07_DN0-esq.png,2
210,1,Sick,Desenvolvimento da Metodologia,DOENTES,esq,1,PAC_07_DN1-esq.png,C:\Users\LENOVO\OneDrive\medtech project\Imagens e Matrizes da Tese de Thiago Alves Elias da Silva\Desenvolvimento da Metodologia\DOENTES\210\Segmentadas\PAC_07_DN1-esq.png,2
210,1,Sick,Desenvolvimento da Metodologia,DOENTES,esq,2,PAC_07_DN2-esq.png,C:\Users\LENOVO\OneDrive\medtech project\Imagens e Matrizes da Tese de Thiago Alves Elias da Silva\Desenvolvimento da Metodologia\DOENTES\210\Segmentadas\PAC_07_DN2-esq.png,2
210,1,Sick,Desenvolvimento da Metodologia,DOENTES,esq,3,PAC_07_DN3-esq.png,C:\Users\LENOVO\OneDrive\medtech project\Imagens e Matrizes da Tese de Thiago Alves Elias da Silva\Desenvolvimento da Metodologia\DOENTES\210\Segmentadas\PAC_07_DN3-esq.png,2
210,1,Sick,Desenvolvimento da Metodologia,DOENTES,esq,4,PAC_07_DN4-esq.png,C:\Users\LENOVO\OneDrive\medtech project\Imagens e Matrizes da Tese de Thiago Alves Elias da Silva\Desenvolvimento da Metodologia\DOENTES\210\Segmentadas\PAC_07_DN4-esq.png,2
210,1,Sick,Desenvolvimento da Metodologia,DOENTES,esq,5,PAC_07_DN5-esq.png,C:\Users\LENOVO\OneDrive\medtech project\Imagens e Matrizes da Tese de Thiago Alves Elias da Silva\Desenvolvimento da Metodologia\DOENTES\210\Segmentadas\PAC_07_DN5-esq.png,2
210,1,Sick,Desenvolvimento da Metodologia,DOENTES,esq,6,PAC_07_DN6-esq.png,C:\Users\LENOVO\OneDrive\medtech project\Imagens e Matrizes da Tese de Thiago Alves Elias da Silva\Desenvolvimento da Metodologia\DOENTES\210\Segmentadas\PAC_07_DN6-esq.png,2
210,1,Sick,Desenvolvimento da Metodologia,DOENTES,esq,7,PAC_07_DN7-esq.png,C:\Users\LENOVO\OneDrive\medtech project\Imagens e Matrizes da Tese de Thiago Alves Elias da Silva\Desenvolvimento da Metodologia\DOENTES\210\Segmentadas\PAC_07_DN7-esq.png,2
210,1,Sick,Desenvolvimento da Metodologia,DOENTES,esq,8,PAC_07_DN8-esq.png,C:\Users\LENOVO\OneDrive\medtech project\Imagens e Matrizes da Tese de Thiago Alves Elias da Silva\Desenvolvimento da Metodologia\DOENTES\210\Segmentadas\PAC_07_DN8-esq.png,2
210,1,Sick,Desenvolvimento da Metodologia,DOENTES,esq,9,PAC_07_DN9-esq.png,C:\Users\LENOVO\OneDrive\medtech project\Imagens e Matrizes da Tese de Thiago Alves Elias da Silva\Desenvolvimento da Metodologia\DOENTES\210\Segmentadas\PAC_07_DN9-esq.png,2
210,1,Sick,Desenvolvimento da Metodologia,DOENTES,esq,10,PAC_07_DN10-esq.png,C:\Users\LENOVO\OneDrive\medtech project\Imagens e Matrizes da Tese de Thiago Alves Elias da Silva\Desenvolvimento da Metodologia\DOENTES\210\Segmentadas\PAC_07_DN10-esq.png,2
210,1,Sick,Desenvolvimento da Metodologia,DOENTES,esq,11,PAC_07_DN11-esq.png,C:\Users\LENOVO\OneDrive\medtech project\Imagens e Matrizes da Tese de Thiago Alves Elias da Silva\Desenvolvimento da Metodologia\DOENTES\210\Segmentadas\PAC_07_DN11-esq.png,2
210,1,Sick,Desenvolvimento da Metodologia,DOENTES,esq,12,PAC_07_DN12-esq.png,C:\Users\LENOVO\OneDrive\medtech project\Imagens e Matrizes da Tese de Thiago Alves Elias da Silva\Desenvolvimento da Metodologia\DOENTES\210\Segmentadas\PAC_07_DN12-esq.png,2
210,1,Sick,Desenvolvimento da Metodologia,DOENTES,esq,13,PAC_07_DN13-esq.png,C:\Users\LENOVO\OneDrive\medtech project\Imagens e Matrizes da Tese de Thiago Alves Elias da Silva\Desenvolvimento da Metodologia\DOENTES\210\Segmentadas\PAC_07_DN13-esq.png,2
210,1,Sick,Desenvolvimento da Metodologia,DOENTES,esq,14,PAC_07_DN14-esq.png,C:\Users\LENOVO\OneDrive\medtech project\Imagens e Matrizes da Tese de Thiago Alves Elias da Silva\Desenvolvimento da Metodologia\DOENTES\210\Segmentadas\PAC_07_DN14-esq.png,2
210,1,Sick,Desenvolvimento da Metodologia,DOENTES,esq,15,PAC_07_DN15-esq.png,C:\Users\LENOVO\OneDrive\medtech project\Imagens e Matrizes da Tese de Thiago Alves Elias da Silva\Desenvolvimento da Metodologia\DOENTES\210\Segmentadas\PAC_07_DN15-esq.png,2
210,1,Sick,Desenvolvimento da Metodologia,DOENTES,esq,16,PAC_07_DN16-esq.png,C:\Users\LENOVO\OneDrive\medtech project\Imagens e Matrizes da Tese de Thiago Alves Elias da Silva\Desenvolvimento da Metodologia\DOENTES\210\Segmentadas\PAC_07_DN16-esq.png,2
210,1,Sick,Desenvolvimento da Metodologia,DOENTES,esq,17,PAC_07_DN17-esq.png,C:\Users\LENOVO\OneDrive\medtech project\Imagens e Matrizes da Tese de Thiago Alves Elias da Silva\Desenvolvimento da Metodologia\DOENTES\210\Segmentadas\PAC_07_DN17-esq.png,2
210,1,Sick,Desenvolvimento da Metodologia,DOENTES,esq,18,PAC_07_DN18-esq.png,C:\Users\LENOVO\OneDrive\medtech project\Imagens e Matrizes da Tese de Thiago Alves Elias da Silva\Desenvolvimento da Metodologia\DOENTES\210\Segmentadas\PAC_07_DN18-esq.png,2
210,1,Sick,Desenvolvimento da Metodologia,DOENTES,esq,19,PAC_07_DN19-esq.png,C:\Users\LENOVO\OneDrive\medtech project\Imagens e Matrizes da Tese de Thiago Alves Elias da Silva\Desenvolvimento da Metodologia\DOENTES\210\Segmentadas\PAC_07_DN19-esq.png,2
251,1,Sick,Desenvolvimento da Metodologia,DOENTES,esq,0,PAC_53_DN0-esq.png,C:\Users\LENOVO\OneDrive\medtech project\Imagens e Matrizes da Tese de Thiago Alves Elias da Silva\Desenvolvimento da Metodologia\DOENTES\251\Segmentadas\PAC_53_DN0-esq.png,2
251,1,Sick,Desenvolvimento da Metodologia,DOENTES,esq,1,PAC_53_DN1-esq.png,C:\Users\LENOVO\OneDrive\medtech project\Imagens e Matrizes da Tese de Thiago Alves Elias da Silva\Desenvolvimento da Metodologia\DOENTES\251\Segmentadas\PAC_53_DN1-esq.png,2
251,1,Sick,Desenvolvimento da Metodologia,DOENTES,esq,2,PAC_53_DN2-esq.png,C:\Users\LENOVO\OneDrive\medtech project\Imagens e Matrizes da Tese de Thiago Alves Elias da Silva\Desenvolvimento da Metodologia\DOENTES\251\Segmentadas\PAC_53_DN2-esq.png,2
251,1,Sick,Desenvolvimento da Metodologia,DOENTES,esq,3,PAC_53_DN3-esq.png,C:\Users\LENOVO\OneDrive\medtech project\Imagens e Matrizes da Tese de Thiago Alves Elias da Silva\Desenvolvimento da Metodologia\DOENTES\251\Segmentadas\PAC_53_DN3-esq.png,2
251,1,Sick,Desenvolvimento da Metodologia,DOENTES,esq,4,PAC_53_DN4-esq.png,C:\Users\LENOVO\OneDrive\medtech project\Imagens e Matrizes da Tese de Thiago Alves Elias da Silva\Desenvolvimento da Metodologia\DOENTES\251\Segmentadas\PAC_53_DN4-esq.png,2
251,1,Sick,Desenvolvimento da Metodologia,DOENTES,esq,5,PAC_53_DN5-esq.png,C:\Users\LENOVO\OneDrive\medtech project\Imagens e Matrizes da Tese de Thiago Alves Elias da Silva\Desenvolvimento da Metodologia\DOENTES\251\Segmentadas\PAC_53_DN5-esq.png,2
251,1,Sick,Desenvolvimento da Metodologia,DOENTES,esq,6,PAC_53_DN6-esq.png,C:\Users\LENOVO\OneDrive\medtech project\Imagens e Matrizes da Tese de Thiago Alves Elias da Silva\Desenvolvimento da Metodologia\DOENTES\251\Segmentadas\PAC_53_DN6-esq.png,2
251,1,Sick,Desenvolvimento da Metodologia,DOENTES,esq,7,PAC_53_DN7-esq.png,C:\Users\LENOVO\OneDrive\medtech project\Imagens e Matrizes da Tese de Thiago Alves Elias da Silva\Desenvolvimento da Metodologia\DOENTES\251\Segmentadas\PAC_53_DN7-esq.png,2
251,1,Sick,Desenvolvimento da Metodologia,DOENTES,esq,8,PAC_53_DN8-esq.png,C:\Users\LENOVO\OneDrive\medtech project\Imagens e Matrizes da Tese de Thiago Alves Elias da Silva\Desenvolvimento da Metodologia\DOENTES\251\Segmentadas\PAC_53_DN8-esq.png,2
251,1,Sick,Desenvolvimento da Metodologia,DOENTES,esq,9,PAC_53_DN9-esq.png,C:\Users\LENOVO\OneDrive\medtech project\Imagens e Matrizes da Tese de Thiago Alves Elias da Silva\Desenvolvimento da Metodologia\DOENTES\251\Segmentadas\PAC_53_DN9-esq.png,2
251,1,Sick,Desenvolvimento da Metodologia,DOENTES,esq,10,PAC_53_DN10-esq.png,C:\Users\LENOVO\OneDrive\medtech project\Imagens e Matrizes da Tese de Thiago Alves Elias da Silva\Desenvolvimento da Metodologia\DOENTES\251\Segmentadas\PAC_53_DN10-esq.png,2
251,1,Sick,Desenvolvimento da Metodologia,DOENTES,esq,11,PAC_53_DN11-esq.png,C:\Users\LENOVO\OneDrive\medtech project\Imagens e Matrizes da Tese de Thiago Alves Elias da Silva\Desenvolvimento da Metodologia\DOENTES\251\Segmentadas\PAC_53_DN11-esq.png,2
251,1,Sick,Desenvolvimento da Metodologia,DOENTES,esq,12,PAC_53_DN12-esq.png,C:\Users\LENOVO\OneDrive\medtech project\Imagens e Matrizes da Tese de Thiago Alves Elias da Silva\Desenvolvimento da Metodologia\DOENTES\251\Segmentadas\PAC_53_DN12-esq.png,2
251,1,Sick,Desenvolvimento da Metodologia,DOENTES,esq,13,PAC_53_DN13-esq.png,C:\Users\LENOVO\OneDrive\medtech project\Imagens e Matrizes da Tese de Thiago Alves Elias da Silva\Desenvolvimento da Metodologia\DOENTES\251\Segmentadas\PAC_53_DN13-esq.png,2
251,1,Sick,Desenvolvimento da Metodologia,DOENTES,esq,14,PAC_53_DN14-esq.png,C:\Users\LENOVO\OneDrive\medtech project\Imagens e Matrizes da Tese de Thiago Alves Elias da Silva\Desenvolvimento da Metodologia\DOENTES\251\Segmentadas\PAC_53_DN14-esq.png,2
251,1,Sick,Desenvolvimento da Metodologia,DOENTES,esq,15,PAC_53_DN15-esq.png,C:\Users\LENOVO\OneDrive\medtech project\Imagens e Matrizes da Tese de Thiago Alves Elias da Silva\Desenvolvimento da Metodologia\DOENTES\251\Segmentadas\PAC_53_DN15-esq.png,2
251,1,Sick,Desenvolvimento da Metodologia,DOENTES,esq,16,PAC_53_DN16-esq.png,C:\Users\LENOVO\OneDrive\medtech project\Imagens e Matrizes da Tese de Thiago Alves Elias da Silva\Desenvolvimento da Metodologia\DOENTES\251\Segmentadas\PAC_53_DN16-esq.png,2
251,1,Sick,Desenvolvimento da Metodologia,DOENTES,esq,17,PAC_53_DN17-esq.png,C:\Users\LENOVO\OneDrive\medtech project\Imagens e Matrizes da Tese de Thiago Alves Elias da Silva\Desenvolvimento da Metodologia\DOENTES\251\Segmentadas\PAC_53_DN17-esq.png,2
251,1,Sick,Desenvolvimento da Metodologia,DOENTES,esq,18,PAC_53_DN18-esq.png,C:\Users\LENOVO\OneDrive\medtech project\Imagens e Matrizes da Tese de Thiago Alves Elias da Silva\Desenvolvimento da Metodologia\DOENTES\251\Segmentadas\PAC_53_DN18-esq.png,2
251,1,Sick,Desenvolvimento da Metodologia,DOENTES,esq,19,PAC_53_DN19-esq.png,C:\Users\LENOVO\OneDrive\medtech project\Imagens e Matrizes da Tese de Thiago Alves Elias da Silva\Desenvolvimento da Metodologia\DOENTES\251\Segmentadas\PAC_53_DN19-esq.png,2
263,1,Sick,Desenvolvimento da Metodologia,DOENTES,esq,0,PAC_51_DN0-esq.png,C:\Users\LENOVO\OneDrive\medtech project\Imagens e Matrizes da Tese de Thiago Alves Elias da Silva\Desenvolvimento da Metodologia\DOENTES\263\Segmentadas\PAC_51_DN0-esq.png,2
263,1,Sick,Desenvolvimento da Metodologia,DOENTES,esq,1,PAC_51_DN1-esq.png,C:\Users\LENOVO\OneDrive\medtech project\Imagens e Matrizes da Tese de Thiago Alves Elias da Silva\Desenvolvimento da Metodologia\DOENTES\263\Segmentadas\PAC_51_DN1-esq.png,2
263,1,Sick,Desenvolvimento da Metodologia,DOENTES,esq,2,PAC_51_DN2-esq.png,C:\Users\LENOVO\OneDrive\medtech project\Imagens e Matrizes da Tese de Thiago Alves Elias da Silva\Desenvolvimento da Metodologia\DOENTES\263\Segmentadas\PAC_51_DN2-esq.png,2
263,1,Sick,Desenvolvimento da Metodologia,DOENTES,esq,3,PAC_51_DN3-esq.png,C:\Users\LENOVO\OneDrive\medtech project\Imagens e Matrizes da Tese de Thiago Alves Elias da Silva\Desenvolvimento da Metodologia\DOENTES\263\Segmentadas\PAC_51_DN3-esq.png,2
263,1,Sick,Desenvolvimento da Metodologia,DOENTES,esq,4,PAC_51_DN4-esq.png,C:\Users\LENOVO\OneDrive\medtech project\Imagens e Matrizes da Tese de Thiago Alves Elias da Silva\Desenvolvimento da Metodologia\DOENTES\263\Segmentadas\PAC_51_DN4-esq.png,2
263,1,Sick,Desenvolvimento da Metodologia,DOENTES,esq,5,PAC_51_DN5-esq.png,C:\Users\LENOVO\OneDrive\medtech project\Imagens e Matrizes da Tese de Thiago Alves Elias da Silva\Desenvolvimento da Metodologia\DOENTES\263\Segmentadas\PAC_51_DN5-esq.png,2
263,1,Sick,Desenvolvimento da Metodologia,DOENTES,esq,6,PAC_51_DN6-esq.png,C:\Users\LENOVO\OneDrive\medtech project\Imagens e Matrizes da Tese de Thiago Alves Elias da Silva\Desenvolvimento da Metodologia\DOENTES\263\Segmentadas\PAC_51_DN6-esq.png,2
263,1,Sick,Desenvolvimento da Metodologia,DOENTES,esq,7,PAC_51_DN7-esq.png,C:\Users\LENOVO\OneDrive\medtech project\Imagens e Matrizes da Tese de Thiago Alves Elias da Silva\Desenvolvimento da Metodologia\DOENTES\263\Segmentadas\PAC_51_DN7-esq.png,2
263,1,Sick,Desenvolvimento da Metodologia,DOENTES,esq,8,PAC_51_DN8-esq.png,C:\Users\LENOVO\OneDrive\medtech project\Imagens e Matrizes da Tese de Thiago Alves Elias da Silva\Desenvolvimento da Metodologia\DOENTES\263\Segmentadas\PAC_51_DN8-esq.png,2
263,1,Sick,Desenvolvimento da Metodologia,DOENTES,esq,9,PAC_51_DN9-esq.png,C:\Users\LENOVO\OneDrive\medtech project\Imagens e Matrizes da Tese de Thiago Alves Elias da Silva\Desenvolvimento da Metodologia\DOENTES\263\Segmentadas\PAC_51_DN9-esq.png,2
263,1,Sick,Desenvolvimento da Metodologia,DOENTES,esq,10,PAC_51_DN10-esq.png,C:\Users\LENOVO\OneDrive\medtech project\Imagens e Matrizes da Tese de Thiago Alves Elias da Silva\Desenvolvimento da Metodologia\DOENTES\263\Segmentadas\PAC_51_DN10-esq.png,2
263,1,Sick,Desenvolvimento da Metodologia,DOENTES,esq,11,PAC_51_DN11-esq.png,C:\Users\LENOVO\OneDrive\medtech project\Imagens e Matrizes da Tese de Thiago Alves Elias da Silva\Desenvolvimento da Metodologia\DOENTES\263\Segmentadas\PAC_51_DN11-esq.png,2
263,1,Sick,Desenvolvimento da Metodologia,DOENTES,esq,12,PAC_51_DN12-esq.png,C:\Users\LENOVO\OneDrive\medtech project\Imagens e Matrizes da Tese de Thiago Alves Elias da Silva\Desenvolvimento da Metodologia\DOENTES\263\Segmentadas\PAC_51_DN12-esq.png,2
263,1,Sick,Desenvolvimento da Metodologia,DOENTES,esq,13,PAC_51_DN13-esq.png,C:\Users\LENOVO\OneDrive\medtech project\Imagens e Matrizes da Tese de Thiago Alves Elias da Silva\Desenvolvimento da Metodologia\DOENTES\263\Segmentadas\PAC_51_DN13-esq.png,2
263,1,Sick,Desenvolvimento da Metodologia,DOENTES,esq,14,PAC_51_DN14-esq.png,C:\Users\LENOVO\OneDrive\medtech project\Imagens e Matrizes da Tese de Thiago Alves Elias da Silva\Desenvolvimento da Metodologia\DOENTES\263\Segmentadas\PAC_51_DN14-esq.png,2
263,1,Sick,Desenvolvimento da Metodologia,DOENTES,esq,15,PAC_51_DN15-esq.png,C:\Users\LENOVO\OneDrive\medtech project\Imagens e Matrizes da Tese de Thiago Alves Elias da Silva\Desenvolvimento da Metodologia\DOENTES\263\Segmentadas\PAC_51_DN15-esq.png,2
263,1,Sick,Desenvolvimento da Metodologia,DOENTES,esq,16,PAC_51_DN16-esq.png,C:\Users\LENOVO\OneDrive\medtech project\Imagens e Matrizes da Tese de Thiago Alves Elias da Silva\Desenvolvimento da Metodologia\DOENTES\263\Segmentadas\PAC_51_DN16-esq.png,2
263,1,Sick,Desenvolvimento da Metodologia,DOENTES,esq,17,PAC_51_DN17-esq.png,C:\Users\LENOVO\OneDrive\medtech project\Imagens e Matrizes da Tese de Thiago Alves Elias da Silva\Desenvolvimento da Metodologia\DOENTES\263\Segmentadas\PAC_51_DN17-esq.png,2
263,1,Sick,Desenvolvimento da Metodologia,DOENTES,esq,18,PAC_51_DN18-esq.png,C:\Users\LENOVO\OneDrive\medtech project\Imagens e Matrizes da Tese de Thiago Alves Elias da Silva\Desenvolvimento da Metodologia\DOENTES\263\Segmentadas\PAC_51_DN18-esq.png,2
263,1,Sick,Desenvolvimento da Metodologia,DOENTES,esq,19,PAC_51_DN19-esq.png,C:\Users\LENOVO\OneDrive\medtech project\Imagens e Matrizes da Tese de Thiago Alves Elias da Silva\Desenvolvimento da Metodologia\DOENTES\263\Segmentadas\PAC_51_DN19-esq.png,2
283,1,Sick,12 Novos Casos de Testes,DOENTES,dir,0,PAC_66_DN0-dir.png,C:\Users\LENOVO\OneDrive\medtech project\Imagens e Matrizes da Tese de Thiago Alves Elias da Silva\12 Novos Casos de Testes\DOENTES\283\Segmentadas\PAC_66_DN0-dir.png,2
283,1,Sick,12 Novos Casos de Testes,DOENTES,dir,1,PAC_66_DN1-dir.png,C:\Users\LENOVO\OneDrive\medtech project\Imagens e Matrizes da Tese de Thiago Alves Elias da Silva\12 Novos Casos de Testes\DOENTES\283\Segmentadas\PAC_66_DN1-dir.png,2
283,1,Sick,12 Novos Casos de Testes,DOENTES,dir,2,PAC_66_DN2-dir.png,C:\Users\LENOVO\OneDrive\medtech project\Imagens e Matrizes da Tese de Thiago Alves Elias da Silva\12 Novos Casos de Testes\DOENTES\283\Segmentadas\PAC_66_DN2-dir.png,2
283,1,Sick,12 Novos Casos de Testes,DOENTES,dir,3,PAC_66_DN3-dir.png,C:\Users\LENOVO\OneDrive\medtech project\Imagens e Matrizes da Tese de Thiago Alves Elias da Silva\12 Novos Casos de Testes\DOENTES\283\Segmentadas\PAC_66_DN3-dir.png,2
283,1,Sick,12 Novos Casos de Testes,DOENTES,dir,4,PAC_66_DN4-dir.png,C:\Users\LENOVO\OneDrive\medtech project\Imagens e Matrizes da Tese de Thiago Alves Elias da Silva\12 Novos Casos de Testes\DOENTES\283\Segmentadas\PAC_66_DN4-dir.png,2
283,1,Sick,12 Novos Casos de Testes,DOENTES,dir,5,PAC_66_DN5-dir.png,C:\Users\LENOVO\OneDrive\medtech project\Imagens e Matrizes da Tese de Thiago Alves Elias da Silva\12 Novos Casos de Testes\DOENTES\283\Segmentadas\PAC_66_DN5-dir.png,2
283,1,Sick,12 Novos Casos de Testes,DOENTES,dir,6,PAC_66_DN6-dir.png,C:\Users\LENOVO\OneDrive\medtech project\Imagens e Matrizes da Tese de Thiago Alves Elias da Silva\12 Novos Casos de Testes\DOENTES\283\Segmentadas\PAC_66_DN6-dir.png,2
283,1,Sick,12 Novos Casos de Testes,DOENTES,dir,7,PAC_66_DN7-dir.png,C:\Users\LENOVO\OneDrive\medtech project\Imagens e Matrizes da Tese de Thiago Alves Elias da Silva\12 Novos Casos de Testes\DOENTES\283\Segmentadas\PAC_66_DN7-dir.png,2
283,1,Sick,12 Novos Casos de Testes,DOENTES,dir,8,PAC_66_DN8-dir.png,C:\Users\LENOVO\OneDrive\medtech project\Imagens e Matrizes da Tese de Thiago Alves Elias da Silva\12 Novos Casos de Testes\DOENTES\283\Segmentadas\PAC_66_DN8-dir.png,2
283,1,Sick,12 Novos Casos de Testes,DOENTES,dir,9,PAC_66_DN9-dir.png,C:\Users\LENOVO\OneDrive\medtech project\Imagens e Matrizes da Tese de Thiago Alves Elias da Silva\12 Novos Casos de Testes\DOENTES\283\Segmentadas\PAC_66_DN9-dir.png,2
283,1,Sick,12 Novos Casos de Testes,DOENTES,dir,10,PAC_66_DN10-dir.png,C:\Users\LENOVO\OneDrive\medtech project\Imagens e Matrizes da Tese de Thiago Alves Elias da Silva\12 Novos Casos de Testes\DOENTES\283\Segmentadas\PAC_66_DN10-dir.png,2
283,1,Sick,12 Novos Casos de Testes,DOENTES,dir,11,PAC_66_DN11-dir.png,C:\Users\LENOVO\OneDrive\medtech project\Imagens e Matrizes da Tese de Thiago Alves Elias da Silva\12 Novos Casos de Testes\DOENTES\283\Segmentadas\PAC_66_DN11-dir.png,2
283,1,Sick,12 Novos Casos de Testes,DOENTES,dir,12,PAC_66_DN12-dir.png,C:\Users\LENOVO\OneDrive\medtech project\Imagens e Matrizes da Tese de Thiago Alves Elias da Silva\12 Novos Casos de Testes\DOENTES\283\Segmentadas\PAC_66_DN12-dir.png,2
283,1,Sick,12 Novos Casos de Testes,DOENTES,dir,13,PAC_66_DN13-dir.png,C:\Users\LENOVO\OneDrive\medtech project\Imagens e Matrizes da Tese de Thiago Alves Elias da Silva\12 Novos Casos de Testes\DOENTES\283\Segmentadas\PAC_66_DN13-dir.png,2
283,1,Sick,12 Novos Casos de Testes,DOENTES,dir,14,PAC_66_DN14-dir.png,C:\Users\LENOVO\OneDrive\medtech project\Imagens e Matrizes da Tese de Thiago Alves Elias da Silva\12 Novos Casos de Testes\DOENTES\283\Segmentadas\PAC_66_DN14-dir.png,2
283,1,Sick,12 Novos Casos de Testes,DOENTES,dir,15,PAC_66_DN15-dir.png,C:\Users\LENOVO\OneDrive\medtech project\Imagens e Matrizes da Tese de Thiago Alves Elias da Silva\12 Novos Casos de Testes\DOENTES\283\Segmentadas\PAC_66_DN15-dir.png,2
283,1,Sick,12 Novos Casos de Testes,DOENTES,dir,16,PAC_66_DN16-dir.png,C:\Users\LENOVO\OneDrive\medtech project\Imagens e Matrizes da Tese de Thiago Alves Elias da Silva\12 Novos Casos de Testes\DOENTES\283\Segmentadas\PAC_66_DN16-dir.png,2
283,1,Sick,12 Novos Casos de Testes,DOENTES,dir,17,PAC_66_DN17-dir.png,C:\Users\LENOVO\OneDrive\medtech project\Imagens e Matrizes da Tese de Thiago Alves Elias da Silva\12 Novos Casos de Testes\DOENTES\283\Segmentadas\PAC_66_DN17-dir.png,2
283,1,Sick,12 Novos Casos de Testes,DOENTES,dir,18,PAC_66_DN18-dir.png,C:\Users\LENOVO\OneDrive\medtech project\Imagens e Matrizes da Tese de Thiago Alves Elias da Silva\12 Novos Casos de Testes\DOENTES\283\Segmentadas\PAC_66_DN18-dir.png,2
283,1,Sick,12 Novos Casos de Testes,DOENTES,dir,19,PAC_66_DN19-dir.png,C:\Users\LENOVO\OneDrive\medtech project\Imagens e Matrizes da Tese de Thiago Alves Elias da Silva\12 Novos Casos de Testes\DOENTES\283\Segmentadas\PAC_66_DN19-dir.png,2
650,1,Sick,Desenvolvimento da Metodologia,DOENTES,esq,0,PAC_59_DN0-esq.png,C:\Users\LENOVO\OneDrive\medtech project\Imagens e Matrizes da Tese de Thiago Alves Elias da Silva\Desenvolvimento da Metodologia\DOENTES\650\Segmentadas\PAC_59_DN0-esq.png,2
650,1,Sick,Desenvolvimento da Metodologia,DOENTES,esq,1,PAC_59_DN1-esq.png,C:\Users\LENOVO\OneDrive\medtech project\Imagens e Matrizes da Tese de Thiago Alves Elias da Silva\Desenvolvimento da Metodologia\DOENTES\650\Segmentadas\PAC_59_DN1-esq.png,2
650,1,Sick,Desenvolvimento da Metodologia,DOENTES,esq,2,PAC_59_DN2-esq.png,C:\Users\LENOVO\OneDrive\medtech project\Imagens e Matrizes da Tese de Thiago Alves Elias da Silva\Desenvolvimento da Metodologia\DOENTES\650\Segmentadas\PAC_59_DN2-esq.png,2
650,1,Sick,Desenvolvimento da Metodologia,DOENTES,esq,3,PAC_59_DN3-esq.png,C:\Users\LENOVO\OneDrive\medtech project\Imagens e Matrizes da Tese de Thiago Alves Elias da Silva\Desenvolvimento da Metodologia\DOENTES\650\Segmentadas\PAC_59_DN3-esq.png,2
650,1,Sick,Desenvolvimento da Metodologia,DOENTES,esq,4,PAC_59_DN4-esq.png,C:\Users\LENOVO\OneDrive\medtech project\Imagens e Matrizes da Tese de Thiago Alves Elias da Silva\Desenvolvimento da Metodologia\DOENTES\650\Segmentadas\PAC_59_DN4-esq.png,2
650,1,Sick,Desenvolvimento da Metodologia,DOENTES,esq,5,PAC_59_DN5-esq.png,C:\Users\LENOVO\OneDrive\medtech project\Imagens e Matrizes da Tese de Thiago Alves Elias da Silva\Desenvolvimento da Metodologia\DOENTES\650\Segmentadas\PAC_59_DN5-esq.png,2
650,1,Sick,Desenvolvimento da Metodologia,DOENTES,esq,6,PAC_59_DN6-esq.png,C:\Users\LENOVO\OneDrive\medtech project\Imagens e Matrizes da Tese de Thiago Alves Elias da Silva\Desenvolvimento da Metodologia\DOENTES\650\Segmentadas\PAC_59_DN6-esq.png,2
650,1,Sick,Desenvolvimento da Metodologia,DOENTES,esq,7,PAC_59_DN7-esq.png,C:\Users\LENOVO\OneDrive\medtech project\Imagens e Matrizes da Tese de Thiago Alves Elias da Silva\Desenvolvimento da Metodologia\DOENTES\650\Segmentadas\PAC_59_DN7-esq.png,2
650,1,Sick,Desenvolvimento da Metodologia,DOENTES,esq,8,PAC_59_DN8-esq.png,C:\Users\LENOVO\OneDrive\medtech project\Imagens e Matrizes da Tese de Thiago Alves Elias da Silva\Desenvolvimento da Metodologia\DOENTES\650\Segmentadas\PAC_59_DN8-esq.png,2
650,1,Sick,Desenvolvimento da Metodologia,DOENTES,esq,9,PAC_59_DN9-esq.png,C:\Users\LENOVO\OneDrive\medtech project\Imagens e Matrizes da Tese de Thiago Alves Elias da Silva\Desenvolvimento da Metodologia\DOENTES\650\Segmentadas\PAC_59_DN9-esq.png,2
650,1,Sick,Desenvolvimento da Metodologia,DOENTES,esq,10,PAC_59_DN10-esq.png,C:\Users\LENOVO\OneDrive\medtech project\Imagens e Matrizes da Tese de Thiago Alves Elias da Silva\Desenvolvimento da Metodologia\DOENTES\650\Segmentadas\PAC_59_DN10-esq.png,2
650,1,Sick,Desenvolvimento da Metodologia,DOENTES,esq,11,PAC_59_DN11-esq.png,C:\Users\LENOVO\OneDrive\medtech project\Imagens e Matrizes da Tese de Thiago Alves Elias da Silva\Desenvolvimento da Metodologia\DOENTES\650\Segmentadas\PAC_59_DN11-esq.png,2
650,1,Sick,Desenvolvimento da Metodologia,DOENTES,esq,12,PAC_59_DN12-esq.png,C:\Users\LENOVO\OneDrive\medtech project\Imagens e Matrizes da Tese de Thiago Alves Elias da Silva\Desenvolvimento da Metodologia\DOENTES\650\Segmentadas\PAC_59_DN12-esq.png,2
650,1,Sick,Desenvolvimento da Metodologia,DOENTES,esq,13,PAC_59_DN13-esq.png,C:\Users\LENOVO\OneDrive\medtech project\Imagens e Matrizes da Tese de Thiago Alves Elias da Silva\Desenvolvimento da Metodologia\DOENTES\650\Segmentadas\PAC_59_DN13-esq.png,2
650,1,Sick,Desenvolvimento da Metodologia,DOENTES,esq,14,PAC_59_DN14-esq.png,C:\Users\LENOVO\OneDrive\medtech project\Imagens e Matrizes da Tese de Thiago Alves Elias da Silva\Desenvolvimento da Metodologia\DOENTES\650\Segmentadas\PAC_59_DN14-esq.png,2
650,1,Sick,Desenvolvimento da Metodologia,DOENTES,esq,15,PAC_59_DN15-esq.png,C:\Users\LENOVO\OneDrive\medtech project\Imagens e Matrizes da Tese de Thiago Alves Elias da Silva\Desenvolvimento da Metodologia\DOENTES\650\Segmentadas\PAC_59_DN15-esq.png,2
650,1,Sick,Desenvolvimento da Metodologia,DOENTES,esq,16,PAC_59_DN16-esq.png,C:\Users\LENOVO\OneDrive\medtech project\Imagens e Matrizes da Tese de Thiago Alves Elias da Silva\Desenvolvimento da Metodologia\DOENTES\650\Segmentadas\PAC_59_DN16-esq.png,2
650,1,Sick,Desenvolvimento da Metodologia,DOENTES,esq,17,PAC_59_DN17-esq.png,C:\Users\LENOVO\OneDrive\medtech project\Imagens e Matrizes da Tese de Thiago Alves Elias da Silva\Desenvolvimento da Metodologia\DOENTES\650\Segmentadas\PAC_59_DN17-esq.png,2
650,1,Sick,Desenvolvimento da Metodologia,DOENTES,esq,18,PAC_59_DN18-esq.png,C:\Users\LENOVO\OneDrive\medtech project\Imagens e Matrizes da Tese de Thiago Alves Elias da Silva\Desenvolvimento da Metodologia\DOENTES\650\Segmentadas\PAC_59_DN18-esq.png,2
650,1,Sick,Desenvolvimento da Metodologia,DOENTES,esq,19,PAC_59_DN19-esq.png,C:\Users\LENOVO\OneDrive\medtech project\Imagens e Matrizes da Tese de Thiago Alves Elias da Silva\Desenvolvimento da Metodologia\DOENTES\650\Segmentadas\PAC_59_DN19-esq.png,2
700,1,Sick,Desenvolvimento da Metodologia,DOENTES,dir,0,PAC_60_DN0-dir.png,C:\Users\LENOVO\OneDrive\medtech project\Imagens e Matrizes da Tese de Thiago Alves Elias da Silva\Desenvolvimento da Metodologia\DOENTES\700\Segmentadas\PAC_60_DN0-dir.png,2
700,1,Sick,Desenvolvimento da Metodologia,DOENTES,dir,1,PAC_60_DN1-dir.png,C:\Users\LENOVO\OneDrive\medtech project\Imagens e Matrizes da Tese de Thiago Alves Elias da Silva\Desenvolvimento da Metodologia\DOENTES\700\Segmentadas\PAC_60_DN1-dir.png,2
700,1,Sick,Desenvolvimento da Metodologia,DOENTES,dir,2,PAC_60_DN2-dir.png,C:\Users\LENOVO\OneDrive\medtech project\Imagens e Matrizes da Tese de Thiago Alves Elias da Silva\Desenvolvimento da Metodologia\DOENTES\700\Segmentadas\PAC_60_DN2-dir.png,2
700,1,Sick,Desenvolvimento da Metodologia,DOENTES,dir,3,PAC_60_DN3-dir.png,C:\Users\LENOVO\OneDrive\medtech project\Imagens e Matrizes da Tese de Thiago Alves Elias da Silva\Desenvolvimento da Metodologia\DOENTES\700\Segmentadas\PAC_60_DN3-dir.png,2
700,1,Sick,Desenvolvimento da Metodologia,DOENTES,dir,4,PAC_60_DN4-dir.png,C:\Users\LENOVO\OneDrive\medtech project\Imagens e Matrizes da Tese de Thiago Alves Elias da Silva\Desenvolvimento da Metodologia\DOENTES\700\Segmentadas\PAC_60_DN4-dir.png,2
700,1,Sick,Desenvolvimento da Metodologia,DOENTES,dir,5,PAC_60_DN5-dir.png,C:\Users\LENOVO\OneDrive\medtech project\Imagens e Matrizes da Tese de Thiago Alves Elias da Silva\Desenvolvimento da Metodologia\DOENTES\700\Segmentadas\PAC_60_DN5-dir.png,2
700,1,Sick,Desenvolvimento da Metodologia,DOENTES,dir,6,PAC_60_DN6-dir.png,C:\Users\LENOVO\OneDrive\medtech project\Imagens e Matrizes da Tese de Thiago Alves Elias da Silva\Desenvolvimento da Metodologia\DOENTES\700\Segmentadas\PAC_60_DN6-dir.png,2
700,1,Sick,Desenvolvimento da Metodologia,DOENTES,dir,7,PAC_60_DN7-dir.png,C:\Users\LENOVO\OneDrive\medtech project\Imagens e Matrizes da Tese de Thiago Alves Elias da Silva\Desenvolvimento da Metodologia\DOENTES\700\Segmentadas\PAC_60_DN7-dir.png,2
700,1,Sick,Desenvolvimento da Metodologia,DOENTES,dir,8,PAC_60_DN8-dir.png,C:\Users\LENOVO\OneDrive\medtech project\Imagens e Matrizes da Tese de Thiago Alves Elias da Silva\Desenvolvimento da Metodologia\DOENTES\700\Segmentadas\PAC_60_DN8-dir.png,2
700,1,Sick,Desenvolvimento da Metodologia,DOENTES,dir,9,PAC_60_DN9-dir.png,C:\Users\LENOVO\OneDrive\medtech project\Imagens e Matrizes da Tese de Thiago Alves Elias da Silva\Desenvolvimento da Metodologia\DOENTES\700\Segmentadas\PAC_60_DN9-dir.png,2
700,1,Sick,Desenvolvimento da Metodologia,DOENTES,dir,10,PAC_60_DN10-dir.png,C:\Users\LENOVO\OneDrive\medtech project\Imagens e Matrizes da Tese de Thiago Alves Elias da Silva\Desenvolvimento da Metodologia\DOENTES\700\Segmentadas\PAC_60_DN10-dir.png,2
700,1,Sick,Desenvolvimento da Metodologia,DOENTES,dir,11,PAC_60_DN11-dir.png,C:\Users\LENOVO\OneDrive\medtech project\Imagens e Matrizes da Tese de Thiago Alves Elias da Silva\Desenvolvimento da Metodologia\DOENTES\700\Segmentadas\PAC_60_DN11-dir.png,2
700,1,Sick,Desenvolvimento da Metodologia,DOENTES,dir,12,PAC_60_DN12-dir.png,C:\Users\LENOVO\OneDrive\medtech project\Imagens e Matrizes da Tese de Thiago Alves Elias da Silva\Desenvolvimento da Metodologia\DOENTES\700\Segmentadas\PAC_60_DN12-dir.png,2
700,1,Sick,Desenvolvimento da Metodologia,DOENTES,dir,13,PAC_60_DN13-dir.png,C:\Users\LENOVO\OneDrive\medtech project\Imagens e Matrizes da Tese de Thiago Alves Elias da Silva\Desenvolvimento da Metodologia\DOENTES\700\Segmentadas\PAC_60_DN13-dir.png,2
700,1,Sick,Desenvolvimento da Metodologia,DOENTES,dir,14,PAC_60_DN14-dir.png,C:\Users\LENOVO\OneDrive\medtech project\Imagens e Matrizes da Tese de Thiago Alves Elias da Silva\Desenvolvimento da Metodologia\DOENTES\700\Segmentadas\PAC_60_DN14-dir.png,2
700,1,Sick,Desenvolvimento da Metodologia,DOENTES,dir,15,PAC_60_DN15-dir.png,C:\Users\LENOVO\OneDrive\medtech project\Imagens e Matrizes da Tese de Thiago Alves Elias da Silva\Desenvolvimento da Metodologia\DOENTES\700\Segmentadas\PAC_60_DN15-dir.png,2
700,1,Sick,Desenvolvimento da Metodologia,DOENTES,dir,16,PAC_60_DN16-dir.png,C:\Users\LENOVO\OneDrive\medtech project\Imagens e Matrizes da Tese de Thiago Alves Elias da Silva\Desenvolvimento da Metodologia\DOENTES\700\Segmentadas\PAC_60_DN16-dir.png,2
700,1,Sick,Desenvolvimento da Metodologia,DOENTES,dir,17,PAC_60_DN17-dir.png,C:\Users\LENOVO\OneDrive\medtech project\Imagens e Matrizes da Tese de Thiago Alves Elias da Silva\Desenvolvimento da Metodologia\DOENTES\700\Segmentadas\PAC_60_DN17-dir.png,2
700,1,Sick,Desenvolvimento da Metodologia,DOENTES,dir,18,PAC_60_DN18-dir.png,C:\Users\LENOVO\OneDrive\medtech project\Imagens e Matrizes da Tese de Thiago Alves Elias da Silva\Desenvolvimento da Metodologia\DOENTES\700\Segmentadas\PAC_60_DN18-dir.png,2
700,1,Sick,Desenvolvimento da Metodologia,DOENTES,dir,19,PAC_60_DN19-dir.png,C:\Users\LENOVO\OneDrive\medtech project\Imagens e Matrizes da Tese de Thiago Alves Elias da Silva\Desenvolvimento da Metodologia\DOENTES\700\Segmentadas\PAC_60_DN19-dir.png,2
1050,1,Sick,12 Novos Casos de Testes,DOENTES,esq,0,PAC_65_DN0-esq.png,C:\Users\LENOVO\OneDrive\medtech project\Imagens e Matrizes da Tese de Thiago Alves Elias da Silva\12 Novos Casos de Testes\DOENTES\1050\Segmentadas\PAC_65_DN0-esq.png,2
1050,1,Sick,12 Novos Casos de Testes,DOENTES,esq,1,PAC_65_DN1-esq.png,C:\Users\LENOVO\OneDrive\medtech project\Imagens e Matrizes da Tese de Thiago Alves Elias da Silva\12 Novos Casos de Testes\DOENTES\1050\Segmentadas\PAC_65_DN1-esq.png,2
1050,1,Sick,12 Novos Casos de Testes,DOENTES,esq,2,PAC_65_DN2-esq.png,C:\Users\LENOVO\OneDrive\medtech project\Imagens e Matrizes da Tese de Thiago Alves Elias da Silva\12 Novos Casos de Testes\DOENTES\1050\Segmentadas\PAC_65_DN2-esq.png,2
1050,1,Sick,12 Novos Casos de Testes,DOENTES,esq,3,PAC_65_DN3-esq.png,C:\Users\LENOVO\OneDrive\medtech project\Imagens e Matrizes da Tese de Thiago Alves Elias da Silva\12 Novos Casos de Testes\DOENTES\1050\Segmentadas\PAC_65_DN3-esq.png,2
1050,1,Sick,12 Novos Casos de Testes,DOENTES,esq,4,PAC_65_DN4-esq.png,C:\Users\LENOVO\OneDrive\medtech project\Imagens e Matrizes da Tese de Thiago Alves Elias da Silva\12 Novos Casos de Testes\DOENTES\1050\Segmentadas\PAC_65_DN4-esq.png,2
1050,1,Sick,12 Novos Casos de Testes,DOENTES,esq,5,PAC_65_DN5-esq.png,C:\Users\LENOVO\OneDrive\medtech project\Imagens e Matrizes da Tese de Thiago Alves Elias da Silva\12 Novos Casos de Testes\DOENTES\1050\Segmentadas\PAC_65_DN5-esq.png,2
1050,1,Sick,12 Novos Casos de Testes,DOENTES,esq,6,PAC_65_DN6-esq.png,C:\Users\LENOVO\OneDrive\medtech project\Imagens e Matrizes da Tese de Thiago Alves Elias da Silva\12 Novos Casos de Testes\DOENTES\1050\Segmentadas\PAC_65_DN6-esq.png,2
1050,1,Sick,12 Novos Casos de Testes,DOENTES,esq,7,PAC_65_DN7-esq.png,C:\Users\LENOVO\OneDrive\medtech project\Imagens e Matrizes da Tese de Thiago Alves Elias da Silva\12 Novos Casos de Testes\DOENTES\1050\Segmentadas\PAC_65_DN7-esq.png,2
1050,1,Sick,12 Novos Casos de Testes,DOENTES,esq,8,PAC_65_DN8-esq.png,C:\Users\LENOVO\OneDrive\medtech project\Imagens e Matrizes da Tese de Thiago Alves Elias da Silva\12 Novos Casos de Testes\DOENTES\1050\Segmentadas\PAC_65_DN8-esq.png,2
1050,1,Sick,12 Novos Casos de Testes,DOENTES,esq,9,PAC_65_DN9-esq.png,C:\Users\LENOVO\OneDrive\medtech project\Imagens e Matrizes da Tese de Thiago Alves Elias da Silva\12 Novos Casos de Testes\DOENTES\1050\Segmentadas\PAC_65_DN9-esq.png,2
1050,1,Sick,12 Novos Casos de Testes,DOENTES,esq,10,PAC_65_DN10-esq.png,C:\Users\LENOVO\OneDrive\medtech project\Imagens e Matrizes da Tese de Thiago Alves Elias da Silva\12 Novos Casos de Testes\DOENTES\1050\Segmentadas\PAC_65_DN10-esq.png,2
1050,1,Sick,12 Novos Casos de Testes,DOENTES,esq,11,PAC_65_DN11-esq.png,C:\Users\LENOVO\OneDrive\medtech project\Imagens e Matrizes da Tese de Thiago Alves Elias da Silva\12 Novos Casos de Testes\DOENTES\1050\Segmentadas\PAC_65_DN11-esq.png,2
1050,1,Sick,12 Novos Casos de Testes,DOENTES,esq,12,PAC_65_DN12-esq.png,C:\Users\LENOVO\OneDrive\medtech project\Imagens e Matrizes da Tese de Thiago Alves Elias da Silva\12 Novos Casos de Testes\DOENTES\1050\Segmentadas\PAC_65_DN12-esq.png,2
1050,1,Sick,12 Novos Casos de Testes,DOENTES,esq,13,PAC_65_DN13-esq.png,C:\Users\LENOVO\OneDrive\medtech project\Imagens e Matrizes da Tese de Thiago Alves Elias da Silva\12 Novos Casos de Testes\DOENTES\1050\Segmentadas\PAC_65_DN13-esq.png,2
1050,1,Sick,12 Novos Casos de Testes,DOENTES,esq,14,PAC_65_DN14-esq.png,C:\Users\LENOVO\OneDrive\medtech project\Imagens e Matrizes da Tese de Thiago Alves Elias da Silva\12 Novos Casos de Testes\DOENTES\1050\Segmentadas\PAC_65_DN14-esq.png,2
1050,1,Sick,12 Novos Casos de Testes,DOENTES,esq,15,PAC_65_DN15-esq.png,C:\Users\LENOVO\OneDrive\medtech project\Imagens e Matrizes da Tese de Thiago Alves Elias da Silva\12 Novos Casos de Testes\DOENTES\1050\Segmentadas\PAC_65_DN15-esq.png,2
1050,1,Sick,12 Novos Casos de Testes,DOENTES,esq,16,PAC_65_DN16-esq.png,C:\Users\LENOVO\OneDrive\medtech project\Imagens e Matrizes da Tese de Thiago Alves Elias da Silva\12 Novos Casos de Testes\DOENTES\1050\Segmentadas\PAC_65_DN16-esq.png,2
1050,1,Sick,12 Novos Casos de Testes,DOENTES,esq,17,PAC_65_DN17-esq.png,C:\Users\LENOVO\OneDrive\medtech project\Imagens e Matrizes da Tese de Thiago Alves Elias da Silva\12 Novos Casos de Testes\DOENTES\1050\Segmentadas\PAC_65_DN17-esq.png,2
1050,1,Sick,12 Novos Casos de Testes,DOENTES,esq,18,PAC_65_DN18-esq.png,C:\Users\LENOVO\OneDrive\medtech project\Imagens e Matrizes da Tese de Thiago Alves Elias da Silva\12 Novos Casos de Testes\DOENTES\1050\Segmentadas\PAC_65_DN18-esq.png,2
1050,1,Sick,12 Novos Casos de Testes,DOENTES,esq,19,PAC_65_DN19-esq.png,C:\Users\LENOVO\OneDrive\medtech project\Imagens e Matrizes da Tese de Thiago Alves Elias da Silva\12 Novos Casos de Testes\DOENTES\1050\Segmentadas\PAC_65_DN19-esq.png,2
42,0,Healthy,Desenvolvimento da Metodologia,SAUDAΓòá├╝VEIS,dir,0,PAC_11_DN0-dir.png,C:\Users\LENOVO\OneDrive\medtech project\Imagens e Matrizes da Tese de Thiago Alves Elias da Silva\Desenvolvimento da Metodologia\SAUDAΓòá├╝VEIS\42\Segmentadas\PAC_11_DN0-dir.png,3
42,0,Healthy,Desenvolvimento da Metodologia,SAUDAΓòá├╝VEIS,dir,1,PAC_11_DN1-dir.png,C:\Users\LENOVO\OneDrive\medtech project\Imagens e Matrizes da Tese de Thiago Alves Elias da Silva\Desenvolvimento da Metodologia\SAUDAΓòá├╝VEIS\42\Segmentadas\PAC_11_DN1-dir.png,3
42,0,Healthy,Desenvolvimento da Metodologia,SAUDAΓòá├╝VEIS,dir,2,PAC_11_DN2-dir.png,C:\Users\LENOVO\OneDrive\medtech project\Imagens e Matrizes da Tese de Thiago Alves Elias da Silva\Desenvolvimento da Metodologia\SAUDAΓòá├╝VEIS\42\Segmentadas\PAC_11_DN2-dir.png,3
42,0,Healthy,Desenvolvimento da Metodologia,SAUDAΓòá├╝VEIS,dir,3,PAC_11_DN3-dir.png,C:\Users\LENOVO\OneDrive\medtech project\Imagens e Matrizes da Tese de Thiago Alves Elias da Silva\Desenvolvimento da Metodologia\SAUDAΓòá├╝VEIS\42\Segmentadas\PAC_11_DN3-dir.png,3
42,0,Healthy,Desenvolvimento da Metodologia,SAUDAΓòá├╝VEIS,dir,4,PAC_11_DN4-dir.png,C:\Users\LENOVO\OneDrive\medtech project\Imagens e Matrizes da Tese de Thiago Alves Elias da Silva\Desenvolvimento da Metodologia\SAUDAΓòá├╝VEIS\42\Segmentadas\PAC_11_DN4-dir.png,3
42,0,Healthy,Desenvolvimento da Metodologia,SAUDAΓòá├╝VEIS,dir,5,PAC_11_DN5-dir.png,C:\Users\LENOVO\OneDrive\medtech project\Imagens e Matrizes da Tese de Thiago Alves Elias da Silva\Desenvolvimento da Metodologia\SAUDAΓòá├╝VEIS\42\Segmentadas\PAC_11_DN5-dir.png,3
42,0,Healthy,Desenvolvimento da Metodologia,SAUDAΓòá├╝VEIS,dir,6,PAC_11_DN6-dir.png,C:\Users\LENOVO\OneDrive\medtech project\Imagens e Matrizes da Tese de Thiago Alves Elias da Silva\Desenvolvimento da Metodologia\SAUDAΓòá├╝VEIS\42\Segmentadas\PAC_11_DN6-dir.png,3
42,0,Healthy,Desenvolvimento da Metodologia,SAUDAΓòá├╝VEIS,dir,7,PAC_11_DN7-dir.png,C:\Users\LENOVO\OneDrive\medtech project\Imagens e Matrizes da Tese de Thiago Alves Elias da Silva\Desenvolvimento da Metodologia\SAUDAΓòá├╝VEIS\42\Segmentadas\PAC_11_DN7-dir.png,3
42,0,Healthy,Desenvolvimento da Metodologia,SAUDAΓòá├╝VEIS,dir,8,PAC_11_DN8-dir.png,C:\Users\LENOVO\OneDrive\medtech project\Imagens e Matrizes da Tese de Thiago Alves Elias da Silva\Desenvolvimento da Metodologia\SAUDAΓòá├╝VEIS\42\Segmentadas\PAC_11_DN8-dir.png,3
42,0,Healthy,Desenvolvimento da Metodologia,SAUDAΓòá├╝VEIS,dir,9,PAC_11_DN9-dir.png,C:\Users\LENOVO\OneDrive\medtech project\Imagens e Matrizes da Tese de Thiago Alves Elias da Silva\Desenvolvimento da Metodologia\SAUDAΓòá├╝VEIS\42\Segmentadas\PAC_11_DN9-dir.png,3
42,0,Healthy,Desenvolvimento da Metodologia,SAUDAΓòá├╝VEIS,dir,10,PAC_11_DN10-dir.png,C:\Users\LENOVO\OneDrive\medtech project\Imagens e Matrizes da Tese de Thiago Alves Elias da Silva\Desenvolvimento da Metodologia\SAUDAΓòá├╝VEIS\42\Segmentadas\PAC_11_DN10-dir.png,3
42,0,Healthy,Desenvolvimento da Metodologia,SAUDAΓòá├╝VEIS,dir,11,PAC_11_DN11-dir.png,C:\Users\LENOVO\OneDrive\medtech project\Imagens e Matrizes da Tese de Thiago Alves Elias da Silva\Desenvolvimento da Metodologia\SAUDAΓòá├╝VEIS\42\Segmentadas\PAC_11_DN11-dir.png,3
42,0,Healthy,Desenvolvimento da Metodologia,SAUDAΓòá├╝VEIS,dir,12,PAC_11_DN12-dir.png,C:\Users\LENOVO\OneDrive\medtech project\Imagens e Matrizes da Tese de Thiago Alves Elias da Silva\Desenvolvimento da Metodologia\SAUDAΓòá├╝VEIS\42\Segmentadas\PAC_11_DN12-dir.png,3
42,0,Healthy,Desenvolvimento da Metodologia,SAUDAΓòá├╝VEIS,dir,13,PAC_11_DN13-dir.png,C:\Users\LENOVO\OneDrive\medtech project\Imagens e Matrizes da Tese de Thiago Alves Elias da Silva\Desenvolvimento da Metodologia\SAUDAΓòá├╝VEIS\42\Segmentadas\PAC_11_DN13-dir.png,3
42,0,Healthy,Desenvolvimento da Metodologia,SAUDAΓòá├╝VEIS,dir,14,PAC_11_DN14-dir.png,C:\Users\LENOVO\OneDrive\medtech project\Imagens e Matrizes da Tese de Thiago Alves Elias da Silva\Desenvolvimento da Metodologia\SAUDAΓòá├╝VEIS\42\Segmentadas\PAC_11_DN14-dir.png,3
42,0,Healthy,Desenvolvimento da Metodologia,SAUDAΓòá├╝VEIS,dir,15,PAC_11_DN15-dir.png,C:\Users\LENOVO\OneDrive\medtech project\Imagens e Matrizes da Tese de Thiago Alves Elias da Silva\Desenvolvimento da Metodologia\SAUDAΓòá├╝VEIS\42\Segmentadas\PAC_11_DN15-dir.png,3
42,0,Healthy,Desenvolvimento da Metodologia,SAUDAΓòá├╝VEIS,dir,16,PAC_11_DN16-dir.png,C:\Users\LENOVO\OneDrive\medtech project\Imagens e Matrizes da Tese de Thiago Alves Elias da Silva\Desenvolvimento da Metodologia\SAUDAΓòá├╝VEIS\42\Segmentadas\PAC_11_DN16-dir.png,3
42,0,Healthy,Desenvolvimento da Metodologia,SAUDAΓòá├╝VEIS,dir,17,PAC_11_DN17-dir.png,C:\Users\LENOVO\OneDrive\medtech project\Imagens e Matrizes da Tese de Thiago Alves Elias da Silva\Desenvolvimento da Metodologia\SAUDAΓòá├╝VEIS\42\Segmentadas\PAC_11_DN17-dir.png,3
42,0,Healthy,Desenvolvimento da Metodologia,SAUDAΓòá├╝VEIS,dir,18,PAC_11_DN18-dir.png,C:\Users\LENOVO\OneDrive\medtech project\Imagens e Matrizes da Tese de Thiago Alves Elias da Silva\Desenvolvimento da Metodologia\SAUDAΓòá├╝VEIS\42\Segmentadas\PAC_11_DN18-dir.png,3
42,0,Healthy,Desenvolvimento da Metodologia,SAUDAΓòá├╝VEIS,dir,19,PAC_11_DN19-dir.png,C:\Users\LENOVO\OneDrive\medtech project\Imagens e Matrizes da Tese de Thiago Alves Elias da Silva\Desenvolvimento da Metodologia\SAUDAΓòá├╝VEIS\42\Segmentadas\PAC_11_DN19-dir.png,3
64,0,Healthy,12 Novos Casos de Testes,SAUDAΓòá├╝VEIS,dir,0,PAC_48_DN0-dir.png,C:\Users\LENOVO\OneDrive\medtech project\Imagens e Matrizes da Tese de Thiago Alves Elias da Silva\12 Novos Casos de Testes\SAUDAΓòá├╝VEIS\64\Segmentadas\PAC_48_DN0-dir.png,3
64,0,Healthy,12 Novos Casos de Testes,SAUDAΓòá├╝VEIS,dir,1,PAC_48_DN1-dir.png,C:\Users\LENOVO\OneDrive\medtech project\Imagens e Matrizes da Tese de Thiago Alves Elias da Silva\12 Novos Casos de Testes\SAUDAΓòá├╝VEIS\64\Segmentadas\PAC_48_DN1-dir.png,3
64,0,Healthy,12 Novos Casos de Testes,SAUDAΓòá├╝VEIS,dir,2,PAC_48_DN2-dir.png,C:\Users\LENOVO\OneDrive\medtech project\Imagens e Matrizes da Tese de Thiago Alves Elias da Silva\12 Novos Casos de Testes\SAUDAΓòá├╝VEIS\64\Segmentadas\PAC_48_DN2-dir.png,3
64,0,Healthy,12 Novos Casos de Testes,SAUDAΓòá├╝VEIS,dir,3,PAC_48_DN3-dir.png,C:\Users\LENOVO\OneDrive\medtech project\Imagens e Matrizes da Tese de Thiago Alves Elias da Silva\12 Novos Casos de Testes\SAUDAΓòá├╝VEIS\64\Segmentadas\PAC_48_DN3-dir.png,3
64,0,Healthy,12 Novos Casos de Testes,SAUDAΓòá├╝VEIS,dir,4,PAC_48_DN4-dir.png,C:\Users\LENOVO\OneDrive\medtech project\Imagens e Matrizes da Tese de Thiago Alves Elias da Silva\12 Novos Casos de Testes\SAUDAΓòá├╝VEIS\64\Segmentadas\PAC_48_DN4-dir.png,3
64,0,Healthy,12 Novos Casos de Testes,SAUDAΓòá├╝VEIS,dir,5,PAC_48_DN5-dir.png,C:\Users\LENOVO\OneDrive\medtech project\Imagens e Matrizes da Tese de Thiago Alves Elias da Silva\12 Novos Casos de Testes\SAUDAΓòá├╝VEIS\64\Segmentadas\PAC_48_DN5-dir.png,3
64,0,Healthy,12 Novos Casos de Testes,SAUDAΓòá├╝VEIS,dir,6,PAC_48_DN6-dir.png,C:\Users\LENOVO\OneDrive\medtech project\Imagens e Matrizes da Tese de Thiago Alves Elias da Silva\12 Novos Casos de Testes\SAUDAΓòá├╝VEIS\64\Segmentadas\PAC_48_DN6-dir.png,3
64,0,Healthy,12 Novos Casos de Testes,SAUDAΓòá├╝VEIS,dir,7,PAC_48_DN7-dir.png,C:\Users\LENOVO\OneDrive\medtech project\Imagens e Matrizes da Tese de Thiago Alves Elias da Silva\12 Novos Casos de Testes\SAUDAΓòá├╝VEIS\64\Segmentadas\PAC_48_DN7-dir.png,3
64,0,Healthy,12 Novos Casos de Testes,SAUDAΓòá├╝VEIS,dir,8,PAC_48_DN8-dir.png,C:\Users\LENOVO\OneDrive\medtech project\Imagens e Matrizes da Tese de Thiago Alves Elias da Silva\12 Novos Casos de Testes\SAUDAΓòá├╝VEIS\64\Segmentadas\PAC_48_DN8-dir.png,3
64,0,Healthy,12 Novos Casos de Testes,SAUDAΓòá├╝VEIS,dir,9,PAC_48_DN9-dir.png,C:\Users\LENOVO\OneDrive\medtech project\Imagens e Matrizes da Tese de Thiago Alves Elias da Silva\12 Novos Casos de Testes\SAUDAΓòá├╝VEIS\64\Segmentadas\PAC_48_DN9-dir.png,3
64,0,Healthy,12 Novos Casos de Testes,SAUDAΓòá├╝VEIS,dir,10,PAC_48_DN10-dir.png,C:\Users\LENOVO\OneDrive\medtech project\Imagens e Matrizes da Tese de Thiago Alves Elias da Silva\12 Novos Casos de Testes\SAUDAΓòá├╝VEIS\64\Segmentadas\PAC_48_DN10-dir.png,3
64,0,Healthy,12 Novos Casos de Testes,SAUDAΓòá├╝VEIS,dir,11,PAC_48_DN11-dir.png,C:\Users\LENOVO\OneDrive\medtech project\Imagens e Matrizes da Tese de Thiago Alves Elias da Silva\12 Novos Casos de Testes\SAUDAΓòá├╝VEIS\64\Segmentadas\PAC_48_DN11-dir.png,3
64,0,Healthy,12 Novos Casos de Testes,SAUDAΓòá├╝VEIS,dir,12,PAC_48_DN12-dir.png,C:\Users\LENOVO\OneDrive\medtech project\Imagens e Matrizes da Tese de Thiago Alves Elias da Silva\12 Novos Casos de Testes\SAUDAΓòá├╝VEIS\64\Segmentadas\PAC_48_DN12-dir.png,3
64,0,Healthy,12 Novos Casos de Testes,SAUDAΓòá├╝VEIS,dir,13,PAC_48_DN13-dir.png,C:\Users\LENOVO\OneDrive\medtech project\Imagens e Matrizes da Tese de Thiago Alves Elias da Silva\12 Novos Casos de Testes\SAUDAΓòá├╝VEIS\64\Segmentadas\PAC_48_DN13-dir.png,3
64,0,Healthy,12 Novos Casos de Testes,SAUDAΓòá├╝VEIS,dir,14,PAC_48_DN14-dir.png,C:\Users\LENOVO\OneDrive\medtech project\Imagens e Matrizes da Tese de Thiago Alves Elias da Silva\12 Novos Casos de Testes\SAUDAΓòá├╝VEIS\64\Segmentadas\PAC_48_DN14-dir.png,3
64,0,Healthy,12 Novos Casos de Testes,SAUDAΓòá├╝VEIS,dir,15,PAC_48_DN15-dir.png,C:\Users\LENOVO\OneDrive\medtech project\Imagens e Matrizes da Tese de Thiago Alves Elias da Silva\12 Novos Casos de Testes\SAUDAΓòá├╝VEIS\64\Segmentadas\PAC_48_DN15-dir.png,3
64,0,Healthy,12 Novos Casos de Testes,SAUDAΓòá├╝VEIS,dir,16,PAC_48_DN16-dir.png,C:\Users\LENOVO\OneDrive\medtech project\Imagens e Matrizes da Tese de Thiago Alves Elias da Silva\12 Novos Casos de Testes\SAUDAΓòá├╝VEIS\64\Segmentadas\PAC_48_DN16-dir.png,3
64,0,Healthy,12 Novos Casos de Testes,SAUDAΓòá├╝VEIS,dir,17,PAC_48_DN17-dir.png,C:\Users\LENOVO\OneDrive\medtech project\Imagens e Matrizes da Tese de Thiago Alves Elias da Silva\12 Novos Casos de Testes\SAUDAΓòá├╝VEIS\64\Segmentadas\PAC_48_DN17-dir.png,3
64,0,Healthy,12 Novos Casos de Testes,SAUDAΓòá├╝VEIS,dir,18,PAC_48_DN18-dir.png,C:\Users\LENOVO\OneDrive\medtech project\Imagens e Matrizes da Tese de Thiago Alves Elias da Silva\12 Novos Casos de Testes\SAUDAΓòá├╝VEIS\64\Segmentadas\PAC_48_DN18-dir.png,3
64,0,Healthy,12 Novos Casos de Testes,SAUDAΓòá├╝VEIS,dir,19,PAC_48_DN19-dir.png,C:\Users\LENOVO\OneDrive\medtech project\Imagens e Matrizes da Tese de Thiago Alves Elias da Silva\12 Novos Casos de Testes\SAUDAΓòá├╝VEIS\64\Segmentadas\PAC_48_DN19-dir.png,3
220,0,Healthy,Desenvolvimento da Metodologia,SAUDAΓòá├╝VEIS,dir,0,PAC_40_DN0-dir.png,C:\Users\LENOVO\OneDrive\medtech project\Imagens e Matrizes da Tese de Thiago Alves Elias da Silva\Desenvolvimento da Metodologia\SAUDAΓòá├╝VEIS\220\Segmentadas\PAC_40_DN0-dir.png,3
220,0,Healthy,Desenvolvimento da Metodologia,SAUDAΓòá├╝VEIS,dir,1,PAC_40_DN1-dir.png,C:\Users\LENOVO\OneDrive\medtech project\Imagens e Matrizes da Tese de Thiago Alves Elias da Silva\Desenvolvimento da Metodologia\SAUDAΓòá├╝VEIS\220\Segmentadas\PAC_40_DN1-dir.png,3
220,0,Healthy,Desenvolvimento da Metodologia,SAUDAΓòá├╝VEIS,dir,2,PAC_40_DN2-dir.png,C:\Users\LENOVO\OneDrive\medtech project\Imagens e Matrizes da Tese de Thiago Alves Elias da Silva\Desenvolvimento da Metodologia\SAUDAΓòá├╝VEIS\220\Segmentadas\PAC_40_DN2-dir.png,3
220,0,Healthy,Desenvolvimento da Metodologia,SAUDAΓòá├╝VEIS,dir,3,PAC_40_DN3-dir.png,C:\Users\LENOVO\OneDrive\medtech project\Imagens e Matrizes da Tese de Thiago Alves Elias da Silva\Desenvolvimento da Metodologia\SAUDAΓòá├╝VEIS\220\Segmentadas\PAC_40_DN3-dir.png,3
220,0,Healthy,Desenvolvimento da Metodologia,SAUDAΓòá├╝VEIS,dir,4,PAC_40_DN4-dir.png,C:\Users\LENOVO\OneDrive\medtech project\Imagens e Matrizes da Tese de Thiago Alves Elias da Silva\Desenvolvimento da Metodologia\SAUDAΓòá├╝VEIS\220\Segmentadas\PAC_40_DN4-dir.png,3
220,0,Healthy,Desenvolvimento da Metodologia,SAUDAΓòá├╝VEIS,dir,5,PAC_40_DN5-dir.png,C:\Users\LENOVO\OneDrive\medtech project\Imagens e Matrizes da Tese de Thiago Alves Elias da Silva\Desenvolvimento da Metodologia\SAUDAΓòá├╝VEIS\220\Segmentadas\PAC_40_DN5-dir.png,3
220,0,Healthy,Desenvolvimento da Metodologia,SAUDAΓòá├╝VEIS,dir,6,PAC_40_DN6-dir.png,C:\Users\LENOVO\OneDrive\medtech project\Imagens e Matrizes da Tese de Thiago Alves Elias da Silva\Desenvolvimento da Metodologia\SAUDAΓòá├╝VEIS\220\Segmentadas\PAC_40_DN6-dir.png,3
220,0,Healthy,Desenvolvimento da Metodologia,SAUDAΓòá├╝VEIS,dir,7,PAC_40_DN7-dir.png,C:\Users\LENOVO\OneDrive\medtech project\Imagens e Matrizes da Tese de Thiago Alves Elias da Silva\Desenvolvimento da Metodologia\SAUDAΓòá├╝VEIS\220\Segmentadas\PAC_40_DN7-dir.png,3
220,0,Healthy,Desenvolvimento da Metodologia,SAUDAΓòá├╝VEIS,dir,8,PAC_40_DN8-dir.png,C:\Users\LENOVO\OneDrive\medtech project\Imagens e Matrizes da Tese de Thiago Alves Elias da Silva\Desenvolvimento da Metodologia\SAUDAΓòá├╝VEIS\220\Segmentadas\PAC_40_DN8-dir.png,3
220,0,Healthy,Desenvolvimento da Metodologia,SAUDAΓòá├╝VEIS,dir,9,PAC_40_DN9-dir.png,C:\Users\LENOVO\OneDrive\medtech project\Imagens e Matrizes da Tese de Thiago Alves Elias da Silva\Desenvolvimento da Metodologia\SAUDAΓòá├╝VEIS\220\Segmentadas\PAC_40_DN9-dir.png,3
220,0,Healthy,Desenvolvimento da Metodologia,SAUDAΓòá├╝VEIS,dir,10,PAC_40_DN10-dir.png,C:\Users\LENOVO\OneDrive\medtech project\Imagens e Matrizes da Tese de Thiago Alves Elias da Silva\Desenvolvimento da Metodologia\SAUDAΓòá├╝VEIS\220\Segmentadas\PAC_40_DN10-dir.png,3
220,0,Healthy,Desenvolvimento da Metodologia,SAUDAΓòá├╝VEIS,dir,11,PAC_40_DN11-dir.png,C:\Users\LENOVO\OneDrive\medtech project\Imagens e Matrizes da Tese de Thiago Alves Elias da Silva\Desenvolvimento da Metodologia\SAUDAΓòá├╝VEIS\220\Segmentadas\PAC_40_DN11-dir.png,3
220,0,Healthy,Desenvolvimento da Metodologia,SAUDAΓòá├╝VEIS,dir,12,PAC_40_DN12-dir.png,C:\Users\LENOVO\OneDrive\medtech project\Imagens e Matrizes da Tese de Thiago Alves Elias da Silva\Desenvolvimento da Metodologia\SAUDAΓòá├╝VEIS\220\Segmentadas\PAC_40_DN12-dir.png,3
220,0,Healthy,Desenvolvimento da Metodologia,SAUDAΓòá├╝VEIS,dir,13,PAC_40_DN13-dir.png,C:\Users\LENOVO\OneDrive\medtech project\Imagens e Matrizes da Tese de Thiago Alves Elias da Silva\Desenvolvimento da Metodologia\SAUDAΓòá├╝VEIS\220\Segmentadas\PAC_40_DN13-dir.png,3
220,0,Healthy,Desenvolvimento da Metodologia,SAUDAΓòá├╝VEIS,dir,14,PAC_40_DN14-dir.png,C:\Users\LENOVO\OneDrive\medtech project\Imagens e Matrizes da Tese de Thiago Alves Elias da Silva\Desenvolvimento da Metodologia\SAUDAΓòá├╝VEIS\220\Segmentadas\PAC_40_DN14-dir.png,3
220,0,Healthy,Desenvolvimento da Metodologia,SAUDAΓòá├╝VEIS,dir,15,PAC_40_DN15-dir.png,C:\Users\LENOVO\OneDrive\medtech project\Imagens e Matrizes da Tese de Thiago Alves Elias da Silva\Desenvolvimento da Metodologia\SAUDAΓòá├╝VEIS\220\Segmentadas\PAC_40_DN15-dir.png,3
220,0,Healthy,Desenvolvimento da Metodologia,SAUDAΓòá├╝VEIS,dir,16,PAC_40_DN16-dir.png,C:\Users\LENOVO\OneDrive\medtech project\Imagens e Matrizes da Tese de Thiago Alves Elias da Silva\Desenvolvimento da Metodologia\SAUDAΓòá├╝VEIS\220\Segmentadas\PAC_40_DN16-dir.png,3
220,0,Healthy,Desenvolvimento da Metodologia,SAUDAΓòá├╝VEIS,dir,17,PAC_40_DN17-dir.png,C:\Users\LENOVO\OneDrive\medtech project\Imagens e Matrizes da Tese de Thiago Alves Elias da Silva\Desenvolvimento da Metodologia\SAUDAΓòá├╝VEIS\220\Segmentadas\PAC_40_DN17-dir.png,3
220,0,Healthy,Desenvolvimento da Metodologia,SAUDAΓòá├╝VEIS,dir,18,PAC_40_DN18-dir.png,C:\Users\LENOVO\OneDrive\medtech project\Imagens e Matrizes da Tese de Thiago Alves Elias da Silva\Desenvolvimento da Metodologia\SAUDAΓòá├╝VEIS\220\Segmentadas\PAC_40_DN18-dir.png,3
220,0,Healthy,Desenvolvimento da Metodologia,SAUDAΓòá├╝VEIS,dir,19,PAC_40_DN19-dir.png,C:\Users\LENOVO\OneDrive\medtech project\Imagens e Matrizes da Tese de Thiago Alves Elias da Silva\Desenvolvimento da Metodologia\SAUDAΓòá├╝VEIS\220\Segmentadas\PAC_40_DN19-dir.png,3
1000,0,Healthy,Desenvolvimento da Metodologia,SAUDAΓòá├╝VEIS,dir,0,PAC_38_DN0-dir.png,C:\Users\LENOVO\OneDrive\medtech project\Imagens e Matrizes da Tese de Thiago Alves Elias da Silva\Desenvolvimento da Metodologia\SAUDAΓòá├╝VEIS\1000\Segmentadas\PAC_38_DN0-dir.png,3
1000,0,Healthy,Desenvolvimento da Metodologia,SAUDAΓòá├╝VEIS,dir,1,PAC_38_DN1-dir.png,C:\Users\LENOVO\OneDrive\medtech project\Imagens e Matrizes da Tese de Thiago Alves Elias da Silva\Desenvolvimento da Metodologia\SAUDAΓòá├╝VEIS\1000\Segmentadas\PAC_38_DN1-dir.png,3
1000,0,Healthy,Desenvolvimento da Metodologia,SAUDAΓòá├╝VEIS,dir,2,PAC_38_DN2-dir.png,C:\Users\LENOVO\OneDrive\medtech project\Imagens e Matrizes da Tese de Thiago Alves Elias da Silva\Desenvolvimento da Metodologia\SAUDAΓòá├╝VEIS\1000\Segmentadas\PAC_38_DN2-dir.png,3
1000,0,Healthy,Desenvolvimento da Metodologia,SAUDAΓòá├╝VEIS,dir,3,PAC_38_DN3-dir.png,C:\Users\LENOVO\OneDrive\medtech project\Imagens e Matrizes da Tese de Thiago Alves Elias da Silva\Desenvolvimento da Metodologia\SAUDAΓòá├╝VEIS\1000\Segmentadas\PAC_38_DN3-dir.png,3
1000,0,Healthy,Desenvolvimento da Metodologia,SAUDAΓòá├╝VEIS,dir,4,PAC_38_DN4-dir.png,C:\Users\LENOVO\OneDrive\medtech project\Imagens e Matrizes da Tese de Thiago Alves Elias da Silva\Desenvolvimento da Metodologia\SAUDAΓòá├╝VEIS\1000\Segmentadas\PAC_38_DN4-dir.png,3
1000,0,Healthy,Desenvolvimento da Metodologia,SAUDAΓòá├╝VEIS,dir,5,PAC_38_DN5-dir.png,C:\Users\LENOVO\OneDrive\medtech project\Imagens e Matrizes da Tese de Thiago Alves Elias da Silva\Desenvolvimento da Metodologia\SAUDAΓòá├╝VEIS\1000\Segmentadas\PAC_38_DN5-dir.png,3
1000,0,Healthy,Desenvolvimento da Metodologia,SAUDAΓòá├╝VEIS,dir,6,PAC_38_DN6-dir.png,C:\Users\LENOVO\OneDrive\medtech project\Imagens e Matrizes da Tese de Thiago Alves Elias da Silva\Desenvolvimento da Metodologia\SAUDAΓòá├╝VEIS\1000\Segmentadas\PAC_38_DN6-dir.png,3
1000,0,Healthy,Desenvolvimento da Metodologia,SAUDAΓòá├╝VEIS,dir,7,PAC_38_DN7-dir.png,C:\Users\LENOVO\OneDrive\medtech project\Imagens e Matrizes da Tese de Thiago Alves Elias da Silva\Desenvolvimento da Metodologia\SAUDAΓòá├╝VEIS\1000\Segmentadas\PAC_38_DN7-dir.png,3
1000,0,Healthy,Desenvolvimento da Metodologia,SAUDAΓòá├╝VEIS,dir,8,PAC_38_DN8-dir.png,C:\Users\LENOVO\OneDrive\medtech project\Imagens e Matrizes da Tese de Thiago Alves Elias da Silva\Desenvolvimento da Metodologia\SAUDAΓòá├╝VEIS\1000\Segmentadas\PAC_38_DN8-dir.png,3
1000,0,Healthy,Desenvolvimento da Metodologia,SAUDAΓòá├╝VEIS,dir,9,PAC_38_DN9-dir.png,C:\Users\LENOVO\OneDrive\medtech project\Imagens e Matrizes da Tese de Thiago Alves Elias da Silva\Desenvolvimento da Metodologia\SAUDAΓòá├╝VEIS\1000\Segmentadas\PAC_38_DN9-dir.png,3
1000,0,Healthy,Desenvolvimento da Metodologia,SAUDAΓòá├╝VEIS,dir,10,PAC_38_DN10-dir.png,C:\Users\LENOVO\OneDrive\medtech project\Imagens e Matrizes da Tese de Thiago Alves Elias da Silva\Desenvolvimento da Metodologia\SAUDAΓòá├╝VEIS\1000\Segmentadas\PAC_38_DN10-dir.png,3
1000,0,Healthy,Desenvolvimento da Metodologia,SAUDAΓòá├╝VEIS,dir,11,PAC_38_DN11-dir.png,C:\Users\LENOVO\OneDrive\medtech project\Imagens e Matrizes da Tese de Thiago Alves Elias da Silva\Desenvolvimento da Metodologia\SAUDAΓòá├╝VEIS\1000\Segmentadas\PAC_38_DN11-dir.png,3
1000,0,Healthy,Desenvolvimento da Metodologia,SAUDAΓòá├╝VEIS,dir,12,PAC_38_DN12-dir.png,C:\Users\LENOVO\OneDrive\medtech project\Imagens e Matrizes da Tese de Thiago Alves Elias da Silva\Desenvolvimento da Metodologia\SAUDAΓòá├╝VEIS\1000\Segmentadas\PAC_38_DN12-dir.png,3
1000,0,Healthy,Desenvolvimento da Metodologia,SAUDAΓòá├╝VEIS,dir,13,PAC_38_DN13-dir.png,C:\Users\LENOVO\OneDrive\medtech project\Imagens e Matrizes da Tese de Thiago Alves Elias da Silva\Desenvolvimento da Metodologia\SAUDAΓòá├╝VEIS\1000\Segmentadas\PAC_38_DN13-dir.png,3
1000,0,Healthy,Desenvolvimento da Metodologia,SAUDAΓòá├╝VEIS,dir,14,PAC_38_DN14-dir.png,C:\Users\LENOVO\OneDrive\medtech project\Imagens e Matrizes da Tese de Thiago Alves Elias da Silva\Desenvolvimento da Metodologia\SAUDAΓòá├╝VEIS\1000\Segmentadas\PAC_38_DN14-dir.png,3
1000,0,Healthy,Desenvolvimento da Metodologia,SAUDAΓòá├╝VEIS,dir,15,PAC_38_DN15-dir.png,C:\Users\LENOVO\OneDrive\medtech project\Imagens e Matrizes da Tese de Thiago Alves Elias da Silva\Desenvolvimento da Metodologia\SAUDAΓòá├╝VEIS\1000\Segmentadas\PAC_38_DN15-dir.png,3
1000,0,Healthy,Desenvolvimento da Metodologia,SAUDAΓòá├╝VEIS,dir,16,PAC_38_DN16-dir.png,C:\Users\LENOVO\OneDrive\medtech project\Imagens e Matrizes da Tese de Thiago Alves Elias da Silva\Desenvolvimento da Metodologia\SAUDAΓòá├╝VEIS\1000\Segmentadas\PAC_38_DN16-dir.png,3
1000,0,Healthy,Desenvolvimento da Metodologia,SAUDAΓòá├╝VEIS,dir,17,PAC_38_DN17-dir.png,C:\Users\LENOVO\OneDrive\medtech project\Imagens e Matrizes da Tese de Thiago Alves Elias da Silva\Desenvolvimento da Metodologia\SAUDAΓòá├╝VEIS\1000\Segmentadas\PAC_38_DN17-dir.png,3
1000,0,Healthy,Desenvolvimento da Metodologia,SAUDAΓòá├╝VEIS,dir,18,PAC_38_DN18-dir.png,C:\Users\LENOVO\OneDrive\medtech project\Imagens e Matrizes da Tese de Thiago Alves Elias da Silva\Desenvolvimento da Metodologia\SAUDAΓòá├╝VEIS\1000\Segmentadas\PAC_38_DN18-dir.png,3
1000,0,Healthy,Desenvolvimento da Metodologia,SAUDAΓòá├╝VEIS,dir,19,PAC_38_DN19-dir.png,C:\Users\LENOVO\OneDrive\medtech project\Imagens e Matrizes da Tese de Thiago Alves Elias da Silva\Desenvolvimento da Metodologia\SAUDAΓòá├╝VEIS\1000\Segmentadas\PAC_38_DN19-dir.png,3
202,1,Sick,Desenvolvimento da Metodologia,DOENTES,dir,0,PAC_05_DN0-dir.png,C:\Users\LENOVO\OneDrive\medtech project\Imagens e Matrizes da Tese de Thiago Alves Elias da Silva\Desenvolvimento da Metodologia\DOENTES\202\Segmentadas\PAC_05_DN0-dir.png,3
202,1,Sick,Desenvolvimento da Metodologia,DOENTES,dir,1,PAC_05_DN1-dir.png,C:\Users\LENOVO\OneDrive\medtech project\Imagens e Matrizes da Tese de Thiago Alves Elias da Silva\Desenvolvimento da Metodologia\DOENTES\202\Segmentadas\PAC_05_DN1-dir.png,3
202,1,Sick,Desenvolvimento da Metodologia,DOENTES,dir,2,PAC_05_DN2-dir.png,C:\Users\LENOVO\OneDrive\medtech project\Imagens e Matrizes da Tese de Thiago Alves Elias da Silva\Desenvolvimento da Metodologia\DOENTES\202\Segmentadas\PAC_05_DN2-dir.png,3
202,1,Sick,Desenvolvimento da Metodologia,DOENTES,dir,3,PAC_05_DN3-dir.png,C:\Users\LENOVO\OneDrive\medtech project\Imagens e Matrizes da Tese de Thiago Alves Elias da Silva\Desenvolvimento da Metodologia\DOENTES\202\Segmentadas\PAC_05_DN3-dir.png,3
202,1,Sick,Desenvolvimento da Metodologia,DOENTES,dir,4,PAC_05_DN4-dir.png,C:\Users\LENOVO\OneDrive\medtech project\Imagens e Matrizes da Tese de Thiago Alves Elias da Silva\Desenvolvimento da Metodologia\DOENTES\202\Segmentadas\PAC_05_DN4-dir.png,3
202,1,Sick,Desenvolvimento da Metodologia,DOENTES,dir,5,PAC_05_DN5-dir.png,C:\Users\LENOVO\OneDrive\medtech project\Imagens e Matrizes da Tese de Thiago Alves Elias da Silva\Desenvolvimento da Metodologia\DOENTES\202\Segmentadas\PAC_05_DN5-dir.png,3
202,1,Sick,Desenvolvimento da Metodologia,DOENTES,dir,6,PAC_05_DN6-dir.png,C:\Users\LENOVO\OneDrive\medtech project\Imagens e Matrizes da Tese de Thiago Alves Elias da Silva\Desenvolvimento da Metodologia\DOENTES\202\Segmentadas\PAC_05_DN6-dir.png,3
202,1,Sick,Desenvolvimento da Metodologia,DOENTES,dir,7,PAC_05_DN7-dir.png,C:\Users\LENOVO\OneDrive\medtech project\Imagens e Matrizes da Tese de Thiago Alves Elias da Silva\Desenvolvimento da Metodologia\DOENTES\202\Segmentadas\PAC_05_DN7-dir.png,3
202,1,Sick,Desenvolvimento da Metodologia,DOENTES,dir,8,PAC_05_DN8-dir.png,C:\Users\LENOVO\OneDrive\medtech project\Imagens e Matrizes da Tese de Thiago Alves Elias da Silva\Desenvolvimento da Metodologia\DOENTES\202\Segmentadas\PAC_05_DN8-dir.png,3
202,1,Sick,Desenvolvimento da Metodologia,DOENTES,dir,9,PAC_05_DN9-dir.png,C:\Users\LENOVO\OneDrive\medtech project\Imagens e Matrizes da Tese de Thiago Alves Elias da Silva\Desenvolvimento da Metodologia\DOENTES\202\Segmentadas\PAC_05_DN9-dir.png,3
202,1,Sick,Desenvolvimento da Metodologia,DOENTES,dir,10,PAC_05_DN10-dir.png,C:\Users\LENOVO\OneDrive\medtech project\Imagens e Matrizes da Tese de Thiago Alves Elias da Silva\Desenvolvimento da Metodologia\DOENTES\202\Segmentadas\PAC_05_DN10-dir.png,3
202,1,Sick,Desenvolvimento da Metodologia,DOENTES,dir,11,PAC_05_DN11-dir.png,C:\Users\LENOVO\OneDrive\medtech project\Imagens e Matrizes da Tese de Thiago Alves Elias da Silva\Desenvolvimento da Metodologia\DOENTES\202\Segmentadas\PAC_05_DN11-dir.png,3
202,1,Sick,Desenvolvimento da Metodologia,DOENTES,dir,12,PAC_05_DN12-dir.png,C:\Users\LENOVO\OneDrive\medtech project\Imagens e Matrizes da Tese de Thiago Alves Elias da Silva\Desenvolvimento da Metodologia\DOENTES\202\Segmentadas\PAC_05_DN12-dir.png,3
202,1,Sick,Desenvolvimento da Metodologia,DOENTES,dir,13,PAC_05_DN13-dir.png,C:\Users\LENOVO\OneDrive\medtech project\Imagens e Matrizes da Tese de Thiago Alves Elias da Silva\Desenvolvimento da Metodologia\DOENTES\202\Segmentadas\PAC_05_DN13-dir.png,3
202,1,Sick,Desenvolvimento da Metodologia,DOENTES,dir,14,PAC_05_DN14-dir.png,C:\Users\LENOVO\OneDrive\medtech project\Imagens e Matrizes da Tese de Thiago Alves Elias da Silva\Desenvolvimento da Metodologia\DOENTES\202\Segmentadas\PAC_05_DN14-dir.png,3
202,1,Sick,Desenvolvimento da Metodologia,DOENTES,dir,15,PAC_05_DN15-dir.png,C:\Users\LENOVO\OneDrive\medtech project\Imagens e Matrizes da Tese de Thiago Alves Elias da Silva\Desenvolvimento da Metodologia\DOENTES\202\Segmentadas\PAC_05_DN15-dir.png,3
202,1,Sick,Desenvolvimento da Metodologia,DOENTES,dir,16,PAC_05_DN16-dir.png,C:\Users\LENOVO\OneDrive\medtech project\Imagens e Matrizes da Tese de Thiago Alves Elias da Silva\Desenvolvimento da Metodologia\DOENTES\202\Segmentadas\PAC_05_DN16-dir.png,3
202,1,Sick,Desenvolvimento da Metodologia,DOENTES,dir,17,PAC_05_DN17-dir.png,C:\Users\LENOVO\OneDrive\medtech project\Imagens e Matrizes da Tese de Thiago Alves Elias da Silva\Desenvolvimento da Metodologia\DOENTES\202\Segmentadas\PAC_05_DN17-dir.png,3
202,1,Sick,Desenvolvimento da Metodologia,DOENTES,dir,18,PAC_05_DN18-dir.png,C:\Users\LENOVO\OneDrive\medtech project\Imagens e Matrizes da Tese de Thiago Alves Elias da Silva\Desenvolvimento da Metodologia\DOENTES\202\Segmentadas\PAC_05_DN18-dir.png,3
202,1,Sick,Desenvolvimento da Metodologia,DOENTES,dir,19,PAC_05_DN19-dir.png,C:\Users\LENOVO\OneDrive\medtech project\Imagens e Matrizes da Tese de Thiago Alves Elias da Silva\Desenvolvimento da Metodologia\DOENTES\202\Segmentadas\PAC_05_DN19-dir.png,3
241,1,Sick,Desenvolvimento da Metodologia,DOENTES,dir,0,PAC_25_DN0-dir.png,C:\Users\LENOVO\OneDrive\medtech project\Imagens e Matrizes da Tese de Thiago Alves Elias da Silva\Desenvolvimento da Metodologia\DOENTES\241\Segmentadas\PAC_25_DN0-dir.png,3
241,1,Sick,Desenvolvimento da Metodologia,DOENTES,dir,1,PAC_25_DN1-dir.png,C:\Users\LENOVO\OneDrive\medtech project\Imagens e Matrizes da Tese de Thiago Alves Elias da Silva\Desenvolvimento da Metodologia\DOENTES\241\Segmentadas\PAC_25_DN1-dir.png,3
241,1,Sick,Desenvolvimento da Metodologia,DOENTES,dir,2,PAC_25_DN2-dir.png,C:\Users\LENOVO\OneDrive\medtech project\Imagens e Matrizes da Tese de Thiago Alves Elias da Silva\Desenvolvimento da Metodologia\DOENTES\241\Segmentadas\PAC_25_DN2-dir.png,3
241,1,Sick,Desenvolvimento da Metodologia,DOENTES,dir,3,PAC_25_DN3-dir.png,C:\Users\LENOVO\OneDrive\medtech project\Imagens e Matrizes da Tese de Thiago Alves Elias da Silva\Desenvolvimento da Metodologia\DOENTES\241\Segmentadas\PAC_25_DN3-dir.png,3
241,1,Sick,Desenvolvimento da Metodologia,DOENTES,dir,4,PAC_25_DN4-dir.png,C:\Users\LENOVO\OneDrive\medtech project\Imagens e Matrizes da Tese de Thiago Alves Elias da Silva\Desenvolvimento da Metodologia\DOENTES\241\Segmentadas\PAC_25_DN4-dir.png,3
241,1,Sick,Desenvolvimento da Metodologia,DOENTES,dir,5,PAC_25_DN5-dir.png,C:\Users\LENOVO\OneDrive\medtech project\Imagens e Matrizes da Tese de Thiago Alves Elias da Silva\Desenvolvimento da Metodologia\DOENTES\241\Segmentadas\PAC_25_DN5-dir.png,3
241,1,Sick,Desenvolvimento da Metodologia,DOENTES,dir,6,PAC_25_DN6-dir.png,C:\Users\LENOVO\OneDrive\medtech project\Imagens e Matrizes da Tese de Thiago Alves Elias da Silva\Desenvolvimento da Metodologia\DOENTES\241\Segmentadas\PAC_25_DN6-dir.png,3
241,1,Sick,Desenvolvimento da Metodologia,DOENTES,dir,7,PAC_25_DN7-dir.png,C:\Users\LENOVO\OneDrive\medtech project\Imagens e Matrizes da Tese de Thiago Alves Elias da Silva\Desenvolvimento da Metodologia\DOENTES\241\Segmentadas\PAC_25_DN7-dir.png,3
241,1,Sick,Desenvolvimento da Metodologia,DOENTES,dir,8,PAC_25_DN8-dir.png,C:\Users\LENOVO\OneDrive\medtech project\Imagens e Matrizes da Tese de Thiago Alves Elias da Silva\Desenvolvimento da Metodologia\DOENTES\241\Segmentadas\PAC_25_DN8-dir.png,3
241,1,Sick,Desenvolvimento da Metodologia,DOENTES,dir,9,PAC_25_DN9-dir.png,C:\Users\LENOVO\OneDrive\medtech project\Imagens e Matrizes da Tese de Thiago Alves Elias da Silva\Desenvolvimento da Metodologia\DOENTES\241\Segmentadas\PAC_25_DN9-dir.png,3
241,1,Sick,Desenvolvimento da Metodologia,DOENTES,dir,10,PAC_25_DN10-dir.png,C:\Users\LENOVO\OneDrive\medtech project\Imagens e Matrizes da Tese de Thiago Alves Elias da Silva\Desenvolvimento da Metodologia\DOENTES\241\Segmentadas\PAC_25_DN10-dir.png,3
241,1,Sick,Desenvolvimento da Metodologia,DOENTES,dir,11,PAC_25_DN11-dir.png,C:\Users\LENOVO\OneDrive\medtech project\Imagens e Matrizes da Tese de Thiago Alves Elias da Silva\Desenvolvimento da Metodologia\DOENTES\241\Segmentadas\PAC_25_DN11-dir.png,3
241,1,Sick,Desenvolvimento da Metodologia,DOENTES,dir,12,PAC_25_DN12-dir.png,C:\Users\LENOVO\OneDrive\medtech project\Imagens e Matrizes da Tese de Thiago Alves Elias da Silva\Desenvolvimento da Metodologia\DOENTES\241\Segmentadas\PAC_25_DN12-dir.png,3
241,1,Sick,Desenvolvimento da Metodologia,DOENTES,dir,13,PAC_25_DN13-dir.png,C:\Users\LENOVO\OneDrive\medtech project\Imagens e Matrizes da Tese de Thiago Alves Elias da Silva\Desenvolvimento da Metodologia\DOENTES\241\Segmentadas\PAC_25_DN13-dir.png,3
241,1,Sick,Desenvolvimento da Metodologia,DOENTES,dir,14,PAC_25_DN14-dir.png,C:\Users\LENOVO\OneDrive\medtech project\Imagens e Matrizes da Tese de Thiago Alves Elias da Silva\Desenvolvimento da Metodologia\DOENTES\241\Segmentadas\PAC_25_DN14-dir.png,3
241,1,Sick,Desenvolvimento da Metodologia,DOENTES,dir,15,PAC_25_DN15-dir.png,C:\Users\LENOVO\OneDrive\medtech project\Imagens e Matrizes da Tese de Thiago Alves Elias da Silva\Desenvolvimento da Metodologia\DOENTES\241\Segmentadas\PAC_25_DN15-dir.png,3
241,1,Sick,Desenvolvimento da Metodologia,DOENTES,dir,16,PAC_25_DN16-dir.png,C:\Users\LENOVO\OneDrive\medtech project\Imagens e Matrizes da Tese de Thiago Alves Elias da Silva\Desenvolvimento da Metodologia\DOENTES\241\Segmentadas\PAC_25_DN16-dir.png,3
241,1,Sick,Desenvolvimento da Metodologia,DOENTES,dir,17,PAC_25_DN17-dir.png,C:\Users\LENOVO\OneDrive\medtech project\Imagens e Matrizes da Tese de Thiago Alves Elias da Silva\Desenvolvimento da Metodologia\DOENTES\241\Segmentadas\PAC_25_DN17-dir.png,3
241,1,Sick,Desenvolvimento da Metodologia,DOENTES,dir,18,PAC_25_DN18-dir.png,C:\Users\LENOVO\OneDrive\medtech project\Imagens e Matrizes da Tese de Thiago Alves Elias da Silva\Desenvolvimento da Metodologia\DOENTES\241\Segmentadas\PAC_25_DN18-dir.png,3
241,1,Sick,Desenvolvimento da Metodologia,DOENTES,dir,19,PAC_25_DN19-dir.png,C:\Users\LENOVO\OneDrive\medtech project\Imagens e Matrizes da Tese de Thiago Alves Elias da Silva\Desenvolvimento da Metodologia\DOENTES\241\Segmentadas\PAC_25_DN19-dir.png,3
245,1,Sick,Desenvolvimento da Metodologia,DOENTES,dir,0,PAC_26_DN0-dir.png,C:\Users\LENOVO\OneDrive\medtech project\Imagens e Matrizes da Tese de Thiago Alves Elias da Silva\Desenvolvimento da Metodologia\DOENTES\245\Segmentadas\PAC_26_DN0-dir.png,3
245,1,Sick,Desenvolvimento da Metodologia,DOENTES,dir,1,PAC_26_DN1-dir.png,C:\Users\LENOVO\OneDrive\medtech project\Imagens e Matrizes da Tese de Thiago Alves Elias da Silva\Desenvolvimento da Metodologia\DOENTES\245\Segmentadas\PAC_26_DN1-dir.png,3
245,1,Sick,Desenvolvimento da Metodologia,DOENTES,dir,2,PAC_26_DN2-dir.png,C:\Users\LENOVO\OneDrive\medtech project\Imagens e Matrizes da Tese de Thiago Alves Elias da Silva\Desenvolvimento da Metodologia\DOENTES\245\Segmentadas\PAC_26_DN2-dir.png,3
245,1,Sick,Desenvolvimento da Metodologia,DOENTES,dir,3,PAC_26_DN3-dir.png,C:\Users\LENOVO\OneDrive\medtech project\Imagens e Matrizes da Tese de Thiago Alves Elias da Silva\Desenvolvimento da Metodologia\DOENTES\245\Segmentadas\PAC_26_DN3-dir.png,3
245,1,Sick,Desenvolvimento da Metodologia,DOENTES,dir,4,PAC_26_DN4-dir.png,C:\Users\LENOVO\OneDrive\medtech project\Imagens e Matrizes da Tese de Thiago Alves Elias da Silva\Desenvolvimento da Metodologia\DOENTES\245\Segmentadas\PAC_26_DN4-dir.png,3
245,1,Sick,Desenvolvimento da Metodologia,DOENTES,dir,5,PAC_26_DN5-dir.png,C:\Users\LENOVO\OneDrive\medtech project\Imagens e Matrizes da Tese de Thiago Alves Elias da Silva\Desenvolvimento da Metodologia\DOENTES\245\Segmentadas\PAC_26_DN5-dir.png,3
245,1,Sick,Desenvolvimento da Metodologia,DOENTES,dir,6,PAC_26_DN6-dir.png,C:\Users\LENOVO\OneDrive\medtech project\Imagens e Matrizes da Tese de Thiago Alves Elias da Silva\Desenvolvimento da Metodologia\DOENTES\245\Segmentadas\PAC_26_DN6-dir.png,3
245,1,Sick,Desenvolvimento da Metodologia,DOENTES,dir,7,PAC_26_DN7-dir.png,C:\Users\LENOVO\OneDrive\medtech project\Imagens e Matrizes da Tese de Thiago Alves Elias da Silva\Desenvolvimento da Metodologia\DOENTES\245\Segmentadas\PAC_26_DN7-dir.png,3
245,1,Sick,Desenvolvimento da Metodologia,DOENTES,dir,8,PAC_26_DN8-dir.png,C:\Users\LENOVO\OneDrive\medtech project\Imagens e Matrizes da Tese de Thiago Alves Elias da Silva\Desenvolvimento da Metodologia\DOENTES\245\Segmentadas\PAC_26_DN8-dir.png,3
245,1,Sick,Desenvolvimento da Metodologia,DOENTES,dir,9,PAC_26_DN9-dir.png,C:\Users\LENOVO\OneDrive\medtech project\Imagens e Matrizes da Tese de Thiago Alves Elias da Silva\Desenvolvimento da Metodologia\DOENTES\245\Segmentadas\PAC_26_DN9-dir.png,3
245,1,Sick,Desenvolvimento da Metodologia,DOENTES,dir,10,PAC_26_DN10-dir.png,C:\Users\LENOVO\OneDrive\medtech project\Imagens e Matrizes da Tese de Thiago Alves Elias da Silva\Desenvolvimento da Metodologia\DOENTES\245\Segmentadas\PAC_26_DN10-dir.png,3
245,1,Sick,Desenvolvimento da Metodologia,DOENTES,dir,11,PAC_26_DN11-dir.png,C:\Users\LENOVO\OneDrive\medtech project\Imagens e Matrizes da Tese de Thiago Alves Elias da Silva\Desenvolvimento da Metodologia\DOENTES\245\Segmentadas\PAC_26_DN11-dir.png,3
245,1,Sick,Desenvolvimento da Metodologia,DOENTES,dir,12,PAC_26_DN12-dir.png,C:\Users\LENOVO\OneDrive\medtech project\Imagens e Matrizes da Tese de Thiago Alves Elias da Silva\Desenvolvimento da Metodologia\DOENTES\245\Segmentadas\PAC_26_DN12-dir.png,3
245,1,Sick,Desenvolvimento da Metodologia,DOENTES,dir,13,PAC_26_DN13-dir.png,C:\Users\LENOVO\OneDrive\medtech project\Imagens e Matrizes da Tese de Thiago Alves Elias da Silva\Desenvolvimento da Metodologia\DOENTES\245\Segmentadas\PAC_26_DN13-dir.png,3
245,1,Sick,Desenvolvimento da Metodologia,DOENTES,dir,14,PAC_26_DN14-dir.png,C:\Users\LENOVO\OneDrive\medtech project\Imagens e Matrizes da Tese de Thiago Alves Elias da Silva\Desenvolvimento da Metodologia\DOENTES\245\Segmentadas\PAC_26_DN14-dir.png,3
245,1,Sick,Desenvolvimento da Metodologia,DOENTES,dir,15,PAC_26_DN15-dir.png,C:\Users\LENOVO\OneDrive\medtech project\Imagens e Matrizes da Tese de Thiago Alves Elias da Silva\Desenvolvimento da Metodologia\DOENTES\245\Segmentadas\PAC_26_DN15-dir.png,3
245,1,Sick,Desenvolvimento da Metodologia,DOENTES,dir,16,PAC_26_DN16-dir.png,C:\Users\LENOVO\OneDrive\medtech project\Imagens e Matrizes da Tese de Thiago Alves Elias da Silva\Desenvolvimento da Metodologia\DOENTES\245\Segmentadas\PAC_26_DN16-dir.png,3
245,1,Sick,Desenvolvimento da Metodologia,DOENTES,dir,17,PAC_26_DN17-dir.png,C:\Users\LENOVO\OneDrive\medtech project\Imagens e Matrizes da Tese de Thiago Alves Elias da Silva\Desenvolvimento da Metodologia\DOENTES\245\Segmentadas\PAC_26_DN17-dir.png,3
245,1,Sick,Desenvolvimento da Metodologia,DOENTES,dir,18,PAC_26_DN18-dir.png,C:\Users\LENOVO\OneDrive\medtech project\Imagens e Matrizes da Tese de Thiago Alves Elias da Silva\Desenvolvimento da Metodologia\DOENTES\245\Segmentadas\PAC_26_DN18-dir.png,3
245,1,Sick,Desenvolvimento da Metodologia,DOENTES,dir,19,PAC_26_DN19-dir.png,C:\Users\LENOVO\OneDrive\medtech project\Imagens e Matrizes da Tese de Thiago Alves Elias da Silva\Desenvolvimento da Metodologia\DOENTES\245\Segmentadas\PAC_26_DN19-dir.png,3
249,1,Sick,Desenvolvimento da Metodologia,DOENTES,dir,0,PAC_27_DN0-dir.png,C:\Users\LENOVO\OneDrive\medtech project\Imagens e Matrizes da Tese de Thiago Alves Elias da Silva\Desenvolvimento da Metodologia\DOENTES\249\Segmentadas\PAC_27_DN0-dir.png,3
249,1,Sick,Desenvolvimento da Metodologia,DOENTES,dir,1,PAC_27_DN1-dir.png,C:\Users\LENOVO\OneDrive\medtech project\Imagens e Matrizes da Tese de Thiago Alves Elias da Silva\Desenvolvimento da Metodologia\DOENTES\249\Segmentadas\PAC_27_DN1-dir.png,3
249,1,Sick,Desenvolvimento da Metodologia,DOENTES,dir,2,PAC_27_DN2-dir.png,C:\Users\LENOVO\OneDrive\medtech project\Imagens e Matrizes da Tese de Thiago Alves Elias da Silva\Desenvolvimento da Metodologia\DOENTES\249\Segmentadas\PAC_27_DN2-dir.png,3
249,1,Sick,Desenvolvimento da Metodologia,DOENTES,dir,3,PAC_27_DN3-dir.png,C:\Users\LENOVO\OneDrive\medtech project\Imagens e Matrizes da Tese de Thiago Alves Elias da Silva\Desenvolvimento da Metodologia\DOENTES\249\Segmentadas\PAC_27_DN3-dir.png,3
249,1,Sick,Desenvolvimento da Metodologia,DOENTES,dir,4,PAC_27_DN4-dir.png,C:\Users\LENOVO\OneDrive\medtech project\Imagens e Matrizes da Tese de Thiago Alves Elias da Silva\Desenvolvimento da Metodologia\DOENTES\249\Segmentadas\PAC_27_DN4-dir.png,3
249,1,Sick,Desenvolvimento da Metodologia,DOENTES,dir,5,PAC_27_DN5-dir.png,C:\Users\LENOVO\OneDrive\medtech project\Imagens e Matrizes da Tese de Thiago Alves Elias da Silva\Desenvolvimento da Metodologia\DOENTES\249\Segmentadas\PAC_27_DN5-dir.png,3
249,1,Sick,Desenvolvimento da Metodologia,DOENTES,dir,6,PAC_27_DN6-dir.png,C:\Users\LENOVO\OneDrive\medtech project\Imagens e Matrizes da Tese de Thiago Alves Elias da Silva\Desenvolvimento da Metodologia\DOENTES\249\Segmentadas\PAC_27_DN6-dir.png,3
249,1,Sick,Desenvolvimento da Metodologia,DOENTES,dir,7,PAC_27_DN7-dir.png,C:\Users\LENOVO\OneDrive\medtech project\Imagens e Matrizes da Tese de Thiago Alves Elias da Silva\Desenvolvimento da Metodologia\DOENTES\249\Segmentadas\PAC_27_DN7-dir.png,3
249,1,Sick,Desenvolvimento da Metodologia,DOENTES,dir,8,PAC_27_DN8-dir.png,C:\Users\LENOVO\OneDrive\medtech project\Imagens e Matrizes da Tese de Thiago Alves Elias da Silva\Desenvolvimento da Metodologia\DOENTES\249\Segmentadas\PAC_27_DN8-dir.png,3
249,1,Sick,Desenvolvimento da Metodologia,DOENTES,dir,9,PAC_27_DN9-dir.png,C:\Users\LENOVO\OneDrive\medtech project\Imagens e Matrizes da Tese de Thiago Alves Elias da Silva\Desenvolvimento da Metodologia\DOENTES\249\Segmentadas\PAC_27_DN9-dir.png,3
249,1,Sick,Desenvolvimento da Metodologia,DOENTES,dir,10,PAC_27_DN10-dir.png,C:\Users\LENOVO\OneDrive\medtech project\Imagens e Matrizes da Tese de Thiago Alves Elias da Silva\Desenvolvimento da Metodologia\DOENTES\249\Segmentadas\PAC_27_DN10-dir.png,3
249,1,Sick,Desenvolvimento da Metodologia,DOENTES,dir,11,PAC_27_DN11-dir.png,C:\Users\LENOVO\OneDrive\medtech project\Imagens e Matrizes da Tese de Thiago Alves Elias da Silva\Desenvolvimento da Metodologia\DOENTES\249\Segmentadas\PAC_27_DN11-dir.png,3
249,1,Sick,Desenvolvimento da Metodologia,DOENTES,dir,12,PAC_27_DN12-dir.png,C:\Users\LENOVO\OneDrive\medtech project\Imagens e Matrizes da Tese de Thiago Alves Elias da Silva\Desenvolvimento da Metodologia\DOENTES\249\Segmentadas\PAC_27_DN12-dir.png,3
249,1,Sick,Desenvolvimento da Metodologia,DOENTES,dir,13,PAC_27_DN13-dir.png,C:\Users\LENOVO\OneDrive\medtech project\Imagens e Matrizes da Tese de Thiago Alves Elias da Silva\Desenvolvimento da Metodologia\DOENTES\249\Segmentadas\PAC_27_DN13-dir.png,3
249,1,Sick,Desenvolvimento da Metodologia,DOENTES,dir,14,PAC_27_DN14-dir.png,C:\Users\LENOVO\OneDrive\medtech project\Imagens e Matrizes da Tese de Thiago Alves Elias da Silva\Desenvolvimento da Metodologia\DOENTES\249\Segmentadas\PAC_27_DN14-dir.png,3
249,1,Sick,Desenvolvimento da Metodologia,DOENTES,dir,15,PAC_27_DN15-dir.png,C:\Users\LENOVO\OneDrive\medtech project\Imagens e Matrizes da Tese de Thiago Alves Elias da Silva\Desenvolvimento da Metodologia\DOENTES\249\Segmentadas\PAC_27_DN15-dir.png,3
249,1,Sick,Desenvolvimento da Metodologia,DOENTES,dir,16,PAC_27_DN16-dir.png,C:\Users\LENOVO\OneDrive\medtech project\Imagens e Matrizes da Tese de Thiago Alves Elias da Silva\Desenvolvimento da Metodologia\DOENTES\249\Segmentadas\PAC_27_DN16-dir.png,3
249,1,Sick,Desenvolvimento da Metodologia,DOENTES,dir,17,PAC_27_DN17-dir.png,C:\Users\LENOVO\OneDrive\medtech project\Imagens e Matrizes da Tese de Thiago Alves Elias da Silva\Desenvolvimento da Metodologia\DOENTES\249\Segmentadas\PAC_27_DN17-dir.png,3
249,1,Sick,Desenvolvimento da Metodologia,DOENTES,dir,18,PAC_27_DN18-dir.png,C:\Users\LENOVO\OneDrive\medtech project\Imagens e Matrizes da Tese de Thiago Alves Elias da Silva\Desenvolvimento da Metodologia\DOENTES\249\Segmentadas\PAC_27_DN18-dir.png,3
249,1,Sick,Desenvolvimento da Metodologia,DOENTES,dir,19,PAC_27_DN19-dir.png,C:\Users\LENOVO\OneDrive\medtech project\Imagens e Matrizes da Tese de Thiago Alves Elias da Silva\Desenvolvimento da Metodologia\DOENTES\249\Segmentadas\PAC_27_DN19-dir.png,3
259,1,Sick,Desenvolvimento da Metodologia,DOENTES,esq,0,PAC_35_DN0-esq.png,C:\Users\LENOVO\OneDrive\medtech project\Imagens e Matrizes da Tese de Thiago Alves Elias da Silva\Desenvolvimento da Metodologia\DOENTES\259\Segmentadas\PAC_35_DN0-esq.png,3
259,1,Sick,Desenvolvimento da Metodologia,DOENTES,esq,1,PAC_35_DN1-esq.png,C:\Users\LENOVO\OneDrive\medtech project\Imagens e Matrizes da Tese de Thiago Alves Elias da Silva\Desenvolvimento da Metodologia\DOENTES\259\Segmentadas\PAC_35_DN1-esq.png,3
259,1,Sick,Desenvolvimento da Metodologia,DOENTES,esq,2,PAC_35_DN2-esq.png,C:\Users\LENOVO\OneDrive\medtech project\Imagens e Matrizes da Tese de Thiago Alves Elias da Silva\Desenvolvimento da Metodologia\DOENTES\259\Segmentadas\PAC_35_DN2-esq.png,3
259,1,Sick,Desenvolvimento da Metodologia,DOENTES,esq,3,PAC_35_DN3-esq.png,C:\Users\LENOVO\OneDrive\medtech project\Imagens e Matrizes da Tese de Thiago Alves Elias da Silva\Desenvolvimento da Metodologia\DOENTES\259\Segmentadas\PAC_35_DN3-esq.png,3
259,1,Sick,Desenvolvimento da Metodologia,DOENTES,esq,4,PAC_35_DN4-esq.png,C:\Users\LENOVO\OneDrive\medtech project\Imagens e Matrizes da Tese de Thiago Alves Elias da Silva\Desenvolvimento da Metodologia\DOENTES\259\Segmentadas\PAC_35_DN4-esq.png,3
259,1,Sick,Desenvolvimento da Metodologia,DOENTES,esq,5,PAC_35_DN5-esq.png,C:\Users\LENOVO\OneDrive\medtech project\Imagens e Matrizes da Tese de Thiago Alves Elias da Silva\Desenvolvimento da Metodologia\DOENTES\259\Segmentadas\PAC_35_DN5-esq.png,3
259,1,Sick,Desenvolvimento da Metodologia,DOENTES,esq,6,PAC_35_DN6-esq.png,C:\Users\LENOVO\OneDrive\medtech project\Imagens e Matrizes da Tese de Thiago Alves Elias da Silva\Desenvolvimento da Metodologia\DOENTES\259\Segmentadas\PAC_35_DN6-esq.png,3
259,1,Sick,Desenvolvimento da Metodologia,DOENTES,esq,7,PAC_35_DN7-esq.png,C:\Users\LENOVO\OneDrive\medtech project\Imagens e Matrizes da Tese de Thiago Alves Elias da Silva\Desenvolvimento da Metodologia\DOENTES\259\Segmentadas\PAC_35_DN7-esq.png,3
259,1,Sick,Desenvolvimento da Metodologia,DOENTES,esq,8,PAC_35_DN8-esq.png,C:\Users\LENOVO\OneDrive\medtech project\Imagens e Matrizes da Tese de Thiago Alves Elias da Silva\Desenvolvimento da Metodologia\DOENTES\259\Segmentadas\PAC_35_DN8-esq.png,3
259,1,Sick,Desenvolvimento da Metodologia,DOENTES,esq,9,PAC_35_DN9-esq.png,C:\Users\LENOVO\OneDrive\medtech project\Imagens e Matrizes da Tese de Thiago Alves Elias da Silva\Desenvolvimento da Metodologia\DOENTES\259\Segmentadas\PAC_35_DN9-esq.png,3
259,1,Sick,Desenvolvimento da Metodologia,DOENTES,esq,10,PAC_35_DN10-esq.png,C:\Users\LENOVO\OneDrive\medtech project\Imagens e Matrizes da Tese de Thiago Alves Elias da Silva\Desenvolvimento da Metodologia\DOENTES\259\Segmentadas\PAC_35_DN10-esq.png,3
259,1,Sick,Desenvolvimento da Metodologia,DOENTES,esq,11,PAC_35_DN11-esq.png,C:\Users\LENOVO\OneDrive\medtech project\Imagens e Matrizes da Tese de Thiago Alves Elias da Silva\Desenvolvimento da Metodologia\DOENTES\259\Segmentadas\PAC_35_DN11-esq.png,3
259,1,Sick,Desenvolvimento da Metodologia,DOENTES,esq,12,PAC_35_DN12-esq.png,C:\Users\LENOVO\OneDrive\medtech project\Imagens e Matrizes da Tese de Thiago Alves Elias da Silva\Desenvolvimento da Metodologia\DOENTES\259\Segmentadas\PAC_35_DN12-esq.png,3
259,1,Sick,Desenvolvimento da Metodologia,DOENTES,esq,13,PAC_35_DN13-esq.png,C:\Users\LENOVO\OneDrive\medtech project\Imagens e Matrizes da Tese de Thiago Alves Elias da Silva\Desenvolvimento da Metodologia\DOENTES\259\Segmentadas\PAC_35_DN13-esq.png,3
259,1,Sick,Desenvolvimento da Metodologia,DOENTES,esq,14,PAC_35_DN14-esq.png,C:\Users\LENOVO\OneDrive\medtech project\Imagens e Matrizes da Tese de Thiago Alves Elias da Silva\Desenvolvimento da Metodologia\DOENTES\259\Segmentadas\PAC_35_DN14-esq.png,3
259,1,Sick,Desenvolvimento da Metodologia,DOENTES,esq,15,PAC_35_DN15-esq.png,C:\Users\LENOVO\OneDrive\medtech project\Imagens e Matrizes da Tese de Thiago Alves Elias da Silva\Desenvolvimento da Metodologia\DOENTES\259\Segmentadas\PAC_35_DN15-esq.png,3
259,1,Sick,Desenvolvimento da Metodologia,DOENTES,esq,16,PAC_35_DN16-esq.png,C:\Users\LENOVO\OneDrive\medtech project\Imagens e Matrizes da Tese de Thiago Alves Elias da Silva\Desenvolvimento da Metodologia\DOENTES\259\Segmentadas\PAC_35_DN16-esq.png,3
259,1,Sick,Desenvolvimento da Metodologia,DOENTES,esq,17,PAC_35_DN17-esq.png,C:\Users\LENOVO\OneDrive\medtech project\Imagens e Matrizes da Tese de Thiago Alves Elias da Silva\Desenvolvimento da Metodologia\DOENTES\259\Segmentadas\PAC_35_DN17-esq.png,3
259,1,Sick,Desenvolvimento da Metodologia,DOENTES,esq,18,PAC_35_DN18-esq.png,C:\Users\LENOVO\OneDrive\medtech project\Imagens e Matrizes da Tese de Thiago Alves Elias da Silva\Desenvolvimento da Metodologia\DOENTES\259\Segmentadas\PAC_35_DN18-esq.png,3
259,1,Sick,Desenvolvimento da Metodologia,DOENTES,esq,19,PAC_35_DN19-esq.png,C:\Users\LENOVO\OneDrive\medtech project\Imagens e Matrizes da Tese de Thiago Alves Elias da Silva\Desenvolvimento da Metodologia\DOENTES\259\Segmentadas\PAC_35_DN19-esq.png,3
282,1,Sick,12 Novos Casos de Testes,DOENTES,esq,0,PAC_61_DN0-esq.png,C:\Users\LENOVO\OneDrive\medtech project\Imagens e Matrizes da Tese de Thiago Alves Elias da Silva\12 Novos Casos de Testes\DOENTES\282\Segmentadas\PAC_61_DN0-esq.png,3
282,1,Sick,12 Novos Casos de Testes,DOENTES,esq,1,PAC_61_DN1-esq.png,C:\Users\LENOVO\OneDrive\medtech project\Imagens e Matrizes da Tese de Thiago Alves Elias da Silva\12 Novos Casos de Testes\DOENTES\282\Segmentadas\PAC_61_DN1-esq.png,3
282,1,Sick,12 Novos Casos de Testes,DOENTES,esq,2,PAC_61_DN2-esq.png,C:\Users\LENOVO\OneDrive\medtech project\Imagens e Matrizes da Tese de Thiago Alves Elias da Silva\12 Novos Casos de Testes\DOENTES\282\Segmentadas\PAC_61_DN2-esq.png,3
282,1,Sick,12 Novos Casos de Testes,DOENTES,esq,3,PAC_61_DN3-esq.png,C:\Users\LENOVO\OneDrive\medtech project\Imagens e Matrizes da Tese de Thiago Alves Elias da Silva\12 Novos Casos de Testes\DOENTES\282\Segmentadas\PAC_61_DN3-esq.png,3
282,1,Sick,12 Novos Casos de Testes,DOENTES,esq,4,PAC_61_DN4-esq.png,C:\Users\LENOVO\OneDrive\medtech project\Imagens e Matrizes da Tese de Thiago Alves Elias da Silva\12 Novos Casos de Testes\DOENTES\282\Segmentadas\PAC_61_DN4-esq.png,3
282,1,Sick,12 Novos Casos de Testes,DOENTES,esq,5,PAC_61_DN5-esq.png,C:\Users\LENOVO\OneDrive\medtech project\Imagens e Matrizes da Tese de Thiago Alves Elias da Silva\12 Novos Casos de Testes\DOENTES\282\Segmentadas\PAC_61_DN5-esq.png,3
282,1,Sick,12 Novos Casos de Testes,DOENTES,esq,6,PAC_61_DN6-esq.png,C:\Users\LENOVO\OneDrive\medtech project\Imagens e Matrizes da Tese de Thiago Alves Elias da Silva\12 Novos Casos de Testes\DOENTES\282\Segmentadas\PAC_61_DN6-esq.png,3
282,1,Sick,12 Novos Casos de Testes,DOENTES,esq,7,PAC_61_DN7-esq.png,C:\Users\LENOVO\OneDrive\medtech project\Imagens e Matrizes da Tese de Thiago Alves Elias da Silva\12 Novos Casos de Testes\DOENTES\282\Segmentadas\PAC_61_DN7-esq.png,3
282,1,Sick,12 Novos Casos de Testes,DOENTES,esq,8,PAC_61_DN8-esq.png,C:\Users\LENOVO\OneDrive\medtech project\Imagens e Matrizes da Tese de Thiago Alves Elias da Silva\12 Novos Casos de Testes\DOENTES\282\Segmentadas\PAC_61_DN8-esq.png,3
282,1,Sick,12 Novos Casos de Testes,DOENTES,esq,9,PAC_61_DN9-esq.png,C:\Users\LENOVO\OneDrive\medtech project\Imagens e Matrizes da Tese de Thiago Alves Elias da Silva\12 Novos Casos de Testes\DOENTES\282\Segmentadas\PAC_61_DN9-esq.png,3
282,1,Sick,12 Novos Casos de Testes,DOENTES,esq,10,PAC_61_DN10-esq.png,C:\Users\LENOVO\OneDrive\medtech project\Imagens e Matrizes da Tese de Thiago Alves Elias da Silva\12 Novos Casos de Testes\DOENTES\282\Segmentadas\PAC_61_DN10-esq.png,3
282,1,Sick,12 Novos Casos de Testes,DOENTES,esq,11,PAC_61_DN11-esq.png,C:\Users\LENOVO\OneDrive\medtech project\Imagens e Matrizes da Tese de Thiago Alves Elias da Silva\12 Novos Casos de Testes\DOENTES\282\Segmentadas\PAC_61_DN11-esq.png,3
282,1,Sick,12 Novos Casos de Testes,DOENTES,esq,12,PAC_61_DN12-esq.png,C:\Users\LENOVO\OneDrive\medtech project\Imagens e Matrizes da Tese de Thiago Alves Elias da Silva\12 Novos Casos de Testes\DOENTES\282\Segmentadas\PAC_61_DN12-esq.png,3
282,1,Sick,12 Novos Casos de Testes,DOENTES,esq,13,PAC_61_DN13-esq.png,C:\Users\LENOVO\OneDrive\medtech project\Imagens e Matrizes da Tese de Thiago Alves Elias da Silva\12 Novos Casos de Testes\DOENTES\282\Segmentadas\PAC_61_DN13-esq.png,3
282,1,Sick,12 Novos Casos de Testes,DOENTES,esq,14,PAC_61_DN14-esq.png,C:\Users\LENOVO\OneDrive\medtech project\Imagens e Matrizes da Tese de Thiago Alves Elias da Silva\12 Novos Casos de Testes\DOENTES\282\Segmentadas\PAC_61_DN14-esq.png,3
282,1,Sick,12 Novos Casos de Testes,DOENTES,esq,15,PAC_61_DN15-esq.png,C:\Users\LENOVO\OneDrive\medtech project\Imagens e Matrizes da Tese de Thiago Alves Elias da Silva\12 Novos Casos de Testes\DOENTES\282\Segmentadas\PAC_61_DN15-esq.png,3
282,1,Sick,12 Novos Casos de Testes,DOENTES,esq,16,PAC_61_DN16-esq.png,C:\Users\LENOVO\OneDrive\medtech project\Imagens e Matrizes da Tese de Thiago Alves Elias da Silva\12 Novos Casos de Testes\DOENTES\282\Segmentadas\PAC_61_DN16-esq.png,3
282,1,Sick,12 Novos Casos de Testes,DOENTES,esq,17,PAC_61_DN17-esq.png,C:\Users\LENOVO\OneDrive\medtech project\Imagens e Matrizes da Tese de Thiago Alves Elias da Silva\12 Novos Casos de Testes\DOENTES\282\Segmentadas\PAC_61_DN17-esq.png,3
282,1,Sick,12 Novos Casos de Testes,DOENTES,esq,18,PAC_61_DN18-esq.png,C:\Users\LENOVO\OneDrive\medtech project\Imagens e Matrizes da Tese de Thiago Alves Elias da Silva\12 Novos Casos de Testes\DOENTES\282\Segmentadas\PAC_61_DN18-esq.png,3
282,1,Sick,12 Novos Casos de Testes,DOENTES,esq,19,PAC_61_DN19-esq.png,C:\Users\LENOVO\OneDrive\medtech project\Imagens e Matrizes da Tese de Thiago Alves Elias da Silva\12 Novos Casos de Testes\DOENTES\282\Segmentadas\PAC_61_DN19-esq.png,3
450,1,Sick,Desenvolvimento da Metodologia,DOENTES,dir,0,PAC_36_DN0-dir.png,C:\Users\LENOVO\OneDrive\medtech project\Imagens e Matrizes da Tese de Thiago Alves Elias da Silva\Desenvolvimento da Metodologia\DOENTES\450\Segmentadas\PAC_36_DN0-dir.png,3
450,1,Sick,Desenvolvimento da Metodologia,DOENTES,dir,1,PAC_36_DN1-dir.png,C:\Users\LENOVO\OneDrive\medtech project\Imagens e Matrizes da Tese de Thiago Alves Elias da Silva\Desenvolvimento da Metodologia\DOENTES\450\Segmentadas\PAC_36_DN1-dir.png,3
450,1,Sick,Desenvolvimento da Metodologia,DOENTES,dir,2,PAC_36_DN2-dir.png,C:\Users\LENOVO\OneDrive\medtech project\Imagens e Matrizes da Tese de Thiago Alves Elias da Silva\Desenvolvimento da Metodologia\DOENTES\450\Segmentadas\PAC_36_DN2-dir.png,3
450,1,Sick,Desenvolvimento da Metodologia,DOENTES,dir,3,PAC_36_DN3-dir.png,C:\Users\LENOVO\OneDrive\medtech project\Imagens e Matrizes da Tese de Thiago Alves Elias da Silva\Desenvolvimento da Metodologia\DOENTES\450\Segmentadas\PAC_36_DN3-dir.png,3
450,1,Sick,Desenvolvimento da Metodologia,DOENTES,dir,4,PAC_36_DN4-dir.png,C:\Users\LENOVO\OneDrive\medtech project\Imagens e Matrizes da Tese de Thiago Alves Elias da Silva\Desenvolvimento da Metodologia\DOENTES\450\Segmentadas\PAC_36_DN4-dir.png,3
450,1,Sick,Desenvolvimento da Metodologia,DOENTES,dir,5,PAC_36_DN5-dir.png,C:\Users\LENOVO\OneDrive\medtech project\Imagens e Matrizes da Tese de Thiago Alves Elias da Silva\Desenvolvimento da Metodologia\DOENTES\450\Segmentadas\PAC_36_DN5-dir.png,3
450,1,Sick,Desenvolvimento da Metodologia,DOENTES,dir,6,PAC_36_DN6-dir.png,C:\Users\LENOVO\OneDrive\medtech project\Imagens e Matrizes da Tese de Thiago Alves Elias da Silva\Desenvolvimento da Metodologia\DOENTES\450\Segmentadas\PAC_36_DN6-dir.png,3
450,1,Sick,Desenvolvimento da Metodologia,DOENTES,dir,7,PAC_36_DN7-dir.png,C:\Users\LENOVO\OneDrive\medtech project\Imagens e Matrizes da Tese de Thiago Alves Elias da Silva\Desenvolvimento da Metodologia\DOENTES\450\Segmentadas\PAC_36_DN7-dir.png,3
450,1,Sick,Desenvolvimento da Metodologia,DOENTES,dir,8,PAC_36_DN8-dir.png,C:\Users\LENOVO\OneDrive\medtech project\Imagens e Matrizes da Tese de Thiago Alves Elias da Silva\Desenvolvimento da Metodologia\DOENTES\450\Segmentadas\PAC_36_DN8-dir.png,3
450,1,Sick,Desenvolvimento da Metodologia,DOENTES,dir,9,PAC_36_DN9-dir.png,C:\Users\LENOVO\OneDrive\medtech project\Imagens e Matrizes da Tese de Thiago Alves Elias da Silva\Desenvolvimento da Metodologia\DOENTES\450\Segmentadas\PAC_36_DN9-dir.png,3
450,1,Sick,Desenvolvimento da Metodologia,DOENTES,dir,10,PAC_36_DN10-dir.png,C:\Users\LENOVO\OneDrive\medtech project\Imagens e Matrizes da Tese de Thiago Alves Elias da Silva\Desenvolvimento da Metodologia\DOENTES\450\Segmentadas\PAC_36_DN10-dir.png,3
450,1,Sick,Desenvolvimento da Metodologia,DOENTES,dir,11,PAC_36_DN11-dir.png,C:\Users\LENOVO\OneDrive\medtech project\Imagens e Matrizes da Tese de Thiago Alves Elias da Silva\Desenvolvimento da Metodologia\DOENTES\450\Segmentadas\PAC_36_DN11-dir.png,3
450,1,Sick,Desenvolvimento da Metodologia,DOENTES,dir,12,PAC_36_DN12-dir.png,C:\Users\LENOVO\OneDrive\medtech project\Imagens e Matrizes da Tese de Thiago Alves Elias da Silva\Desenvolvimento da Metodologia\DOENTES\450\Segmentadas\PAC_36_DN12-dir.png,3
450,1,Sick,Desenvolvimento da Metodologia,DOENTES,dir,13,PAC_36_DN13-dir.png,C:\Users\LENOVO\OneDrive\medtech project\Imagens e Matrizes da Tese de Thiago Alves Elias da Silva\Desenvolvimento da Metodologia\DOENTES\450\Segmentadas\PAC_36_DN13-dir.png,3
450,1,Sick,Desenvolvimento da Metodologia,DOENTES,dir,14,PAC_36_DN14-dir.png,C:\Users\LENOVO\OneDrive\medtech project\Imagens e Matrizes da Tese de Thiago Alves Elias da Silva\Desenvolvimento da Metodologia\DOENTES\450\Segmentadas\PAC_36_DN14-dir.png,3
450,1,Sick,Desenvolvimento da Metodologia,DOENTES,dir,15,PAC_36_DN15-dir.png,C:\Users\LENOVO\OneDrive\medtech project\Imagens e Matrizes da Tese de Thiago Alves Elias da Silva\Desenvolvimento da Metodologia\DOENTES\450\Segmentadas\PAC_36_DN15-dir.png,3
450,1,Sick,Desenvolvimento da Metodologia,DOENTES,dir,16,PAC_36_DN16-dir.png,C:\Users\LENOVO\OneDrive\medtech project\Imagens e Matrizes da Tese de Thiago Alves Elias da Silva\Desenvolvimento da Metodologia\DOENTES\450\Segmentadas\PAC_36_DN16-dir.png,3
450,1,Sick,Desenvolvimento da Metodologia,DOENTES,dir,17,PAC_36_DN17-dir.png,C:\Users\LENOVO\OneDrive\medtech project\Imagens e Matrizes da Tese de Thiago Alves Elias da Silva\Desenvolvimento da Metodologia\DOENTES\450\Segmentadas\PAC_36_DN17-dir.png,3
450,1,Sick,Desenvolvimento da Metodologia,DOENTES,dir,18,PAC_36_DN18-dir.png,C:\Users\LENOVO\OneDrive\medtech project\Imagens e Matrizes da Tese de Thiago Alves Elias da Silva\Desenvolvimento da Metodologia\DOENTES\450\Segmentadas\PAC_36_DN18-dir.png,3
450,1,Sick,Desenvolvimento da Metodologia,DOENTES,dir,19,PAC_36_DN19-dir.png,C:\Users\LENOVO\OneDrive\medtech project\Imagens e Matrizes da Tese de Thiago Alves Elias da Silva\Desenvolvimento da Metodologia\DOENTES\450\Segmentadas\PAC_36_DN19-dir.png,3
51,0,Healthy,Desenvolvimento da Metodologia,SAUDAΓòá├╝VEIS,dir,0,PAC_15_DN0-dir.png,C:\Users\LENOVO\OneDrive\medtech project\Imagens e Matrizes da Tese de Thiago Alves Elias da Silva\Desenvolvimento da Metodologia\SAUDAΓòá├╝VEIS\51\Segmentadas\PAC_15_DN0-dir.png,4
51,0,Healthy,Desenvolvimento da Metodologia,SAUDAΓòá├╝VEIS,dir,1,PAC_15_DN1-dir.png,C:\Users\LENOVO\OneDrive\medtech project\Imagens e Matrizes da Tese de Thiago Alves Elias da Silva\Desenvolvimento da Metodologia\SAUDAΓòá├╝VEIS\51\Segmentadas\PAC_15_DN1-dir.png,4
51,0,Healthy,Desenvolvimento da Metodologia,SAUDAΓòá├╝VEIS,dir,2,PAC_15_DN2-dir.png,C:\Users\LENOVO\OneDrive\medtech project\Imagens e Matrizes da Tese de Thiago Alves Elias da Silva\Desenvolvimento da Metodologia\SAUDAΓòá├╝VEIS\51\Segmentadas\PAC_15_DN2-dir.png,4
51,0,Healthy,Desenvolvimento da Metodologia,SAUDAΓòá├╝VEIS,dir,3,PAC_15_DN3-dir.png,C:\Users\LENOVO\OneDrive\medtech project\Imagens e Matrizes da Tese de Thiago Alves Elias da Silva\Desenvolvimento da Metodologia\SAUDAΓòá├╝VEIS\51\Segmentadas\PAC_15_DN3-dir.png,4
51,0,Healthy,Desenvolvimento da Metodologia,SAUDAΓòá├╝VEIS,dir,4,PAC_15_DN4-dir.png,C:\Users\LENOVO\OneDrive\medtech project\Imagens e Matrizes da Tese de Thiago Alves Elias da Silva\Desenvolvimento da Metodologia\SAUDAΓòá├╝VEIS\51\Segmentadas\PAC_15_DN4-dir.png,4
51,0,Healthy,Desenvolvimento da Metodologia,SAUDAΓòá├╝VEIS,dir,5,PAC_15_DN5-dir.png,C:\Users\LENOVO\OneDrive\medtech project\Imagens e Matrizes da Tese de Thiago Alves Elias da Silva\Desenvolvimento da Metodologia\SAUDAΓòá├╝VEIS\51\Segmentadas\PAC_15_DN5-dir.png,4
51,0,Healthy,Desenvolvimento da Metodologia,SAUDAΓòá├╝VEIS,dir,6,PAC_15_DN6-dir.png,C:\Users\LENOVO\OneDrive\medtech project\Imagens e Matrizes da Tese de Thiago Alves Elias da Silva\Desenvolvimento da Metodologia\SAUDAΓòá├╝VEIS\51\Segmentadas\PAC_15_DN6-dir.png,4
51,0,Healthy,Desenvolvimento da Metodologia,SAUDAΓòá├╝VEIS,dir,7,PAC_15_DN7-dir.png,C:\Users\LENOVO\OneDrive\medtech project\Imagens e Matrizes da Tese de Thiago Alves Elias da Silva\Desenvolvimento da Metodologia\SAUDAΓòá├╝VEIS\51\Segmentadas\PAC_15_DN7-dir.png,4
51,0,Healthy,Desenvolvimento da Metodologia,SAUDAΓòá├╝VEIS,dir,8,PAC_15_DN8-dir.png,C:\Users\LENOVO\OneDrive\medtech project\Imagens e Matrizes da Tese de Thiago Alves Elias da Silva\Desenvolvimento da Metodologia\SAUDAΓòá├╝VEIS\51\Segmentadas\PAC_15_DN8-dir.png,4
51,0,Healthy,Desenvolvimento da Metodologia,SAUDAΓòá├╝VEIS,dir,9,PAC_15_DN9-dir.png,C:\Users\LENOVO\OneDrive\medtech project\Imagens e Matrizes da Tese de Thiago Alves Elias da Silva\Desenvolvimento da Metodologia\SAUDAΓòá├╝VEIS\51\Segmentadas\PAC_15_DN9-dir.png,4
51,0,Healthy,Desenvolvimento da Metodologia,SAUDAΓòá├╝VEIS,dir,10,PAC_15_DN10-dir.png,C:\Users\LENOVO\OneDrive\medtech project\Imagens e Matrizes da Tese de Thiago Alves Elias da Silva\Desenvolvimento da Metodologia\SAUDAΓòá├╝VEIS\51\Segmentadas\PAC_15_DN10-dir.png,4
51,0,Healthy,Desenvolvimento da Metodologia,SAUDAΓòá├╝VEIS,dir,11,PAC_15_DN11-dir.png,C:\Users\LENOVO\OneDrive\medtech project\Imagens e Matrizes da Tese de Thiago Alves Elias da Silva\Desenvolvimento da Metodologia\SAUDAΓòá├╝VEIS\51\Segmentadas\PAC_15_DN11-dir.png,4
51,0,Healthy,Desenvolvimento da Metodologia,SAUDAΓòá├╝VEIS,dir,12,PAC_15_DN12-dir.png,C:\Users\LENOVO\OneDrive\medtech project\Imagens e Matrizes da Tese de Thiago Alves Elias da Silva\Desenvolvimento da Metodologia\SAUDAΓòá├╝VEIS\51\Segmentadas\PAC_15_DN12-dir.png,4
51,0,Healthy,Desenvolvimento da Metodologia,SAUDAΓòá├╝VEIS,dir,13,PAC_15_DN13-dir.png,C:\Users\LENOVO\OneDrive\medtech project\Imagens e Matrizes da Tese de Thiago Alves Elias da Silva\Desenvolvimento da Metodologia\SAUDAΓòá├╝VEIS\51\Segmentadas\PAC_15_DN13-dir.png,4
51,0,Healthy,Desenvolvimento da Metodologia,SAUDAΓòá├╝VEIS,dir,14,PAC_15_DN14-dir.png,C:\Users\LENOVO\OneDrive\medtech project\Imagens e Matrizes da Tese de Thiago Alves Elias da Silva\Desenvolvimento da Metodologia\SAUDAΓòá├╝VEIS\51\Segmentadas\PAC_15_DN14-dir.png,4
51,0,Healthy,Desenvolvimento da Metodologia,SAUDAΓòá├╝VEIS,dir,15,PAC_15_DN15-dir.png,C:\Users\LENOVO\OneDrive\medtech project\Imagens e Matrizes da Tese de Thiago Alves Elias da Silva\Desenvolvimento da Metodologia\SAUDAΓòá├╝VEIS\51\Segmentadas\PAC_15_DN15-dir.png,4
51,0,Healthy,Desenvolvimento da Metodologia,SAUDAΓòá├╝VEIS,dir,16,PAC_15_DN16-dir.png,C:\Users\LENOVO\OneDrive\medtech project\Imagens e Matrizes da Tese de Thiago Alves Elias da Silva\Desenvolvimento da Metodologia\SAUDAΓòá├╝VEIS\51\Segmentadas\PAC_15_DN16-dir.png,4
51,0,Healthy,Desenvolvimento da Metodologia,SAUDAΓòá├╝VEIS,dir,17,PAC_15_DN17-dir.png,C:\Users\LENOVO\OneDrive\medtech project\Imagens e Matrizes da Tese de Thiago Alves Elias da Silva\Desenvolvimento da Metodologia\SAUDAΓòá├╝VEIS\51\Segmentadas\PAC_15_DN17-dir.png,4
51,0,Healthy,Desenvolvimento da Metodologia,SAUDAΓòá├╝VEIS,dir,18,PAC_15_DN18-dir.png,C:\Users\LENOVO\OneDrive\medtech project\Imagens e Matrizes da Tese de Thiago Alves Elias da Silva\Desenvolvimento da Metodologia\SAUDAΓòá├╝VEIS\51\Segmentadas\PAC_15_DN18-dir.png,4
51,0,Healthy,Desenvolvimento da Metodologia,SAUDAΓòá├╝VEIS,dir,19,PAC_15_DN19-dir.png,C:\Users\LENOVO\OneDrive\medtech project\Imagens e Matrizes da Tese de Thiago Alves Elias da Silva\Desenvolvimento da Metodologia\SAUDAΓòá├╝VEIS\51\Segmentadas\PAC_15_DN19-dir.png,4
66,0,Healthy,Desenvolvimento da Metodologia,SAUDAΓòá├╝VEIS,dir,0,PAC_16_DN0-dir.png,C:\Users\LENOVO\OneDrive\medtech project\Imagens e Matrizes da Tese de Thiago Alves Elias da Silva\Desenvolvimento da Metodologia\SAUDAΓòá├╝VEIS\66\Segmentadas\PAC_16_DN0-dir.png,4
66,0,Healthy,Desenvolvimento da Metodologia,SAUDAΓòá├╝VEIS,dir,1,PAC_16_DN1-dir.png,C:\Users\LENOVO\OneDrive\medtech project\Imagens e Matrizes da Tese de Thiago Alves Elias da Silva\Desenvolvimento da Metodologia\SAUDAΓòá├╝VEIS\66\Segmentadas\PAC_16_DN1-dir.png,4
66,0,Healthy,Desenvolvimento da Metodologia,SAUDAΓòá├╝VEIS,dir,2,PAC_16_DN2-dir.png,C:\Users\LENOVO\OneDrive\medtech project\Imagens e Matrizes da Tese de Thiago Alves Elias da Silva\Desenvolvimento da Metodologia\SAUDAΓòá├╝VEIS\66\Segmentadas\PAC_16_DN2-dir.png,4
66,0,Healthy,Desenvolvimento da Metodologia,SAUDAΓòá├╝VEIS,dir,3,PAC_16_DN3-dir.png,C:\Users\LENOVO\OneDrive\medtech project\Imagens e Matrizes da Tese de Thiago Alves Elias da Silva\Desenvolvimento da Metodologia\SAUDAΓòá├╝VEIS\66\Segmentadas\PAC_16_DN3-dir.png,4
66,0,Healthy,Desenvolvimento da Metodologia,SAUDAΓòá├╝VEIS,dir,4,PAC_16_DN4-dir.png,C:\Users\LENOVO\OneDrive\medtech project\Imagens e Matrizes da Tese de Thiago Alves Elias da Silva\Desenvolvimento da Metodologia\SAUDAΓòá├╝VEIS\66\Segmentadas\PAC_16_DN4-dir.png,4
66,0,Healthy,Desenvolvimento da Metodologia,SAUDAΓòá├╝VEIS,dir,5,PAC_16_DN5-dir.png,C:\Users\LENOVO\OneDrive\medtech project\Imagens e Matrizes da Tese de Thiago Alves Elias da Silva\Desenvolvimento da Metodologia\SAUDAΓòá├╝VEIS\66\Segmentadas\PAC_16_DN5-dir.png,4
66,0,Healthy,Desenvolvimento da Metodologia,SAUDAΓòá├╝VEIS,dir,6,PAC_16_DN6-dir.png,C:\Users\LENOVO\OneDrive\medtech project\Imagens e Matrizes da Tese de Thiago Alves Elias da Silva\Desenvolvimento da Metodologia\SAUDAΓòá├╝VEIS\66\Segmentadas\PAC_16_DN6-dir.png,4
66,0,Healthy,Desenvolvimento da Metodologia,SAUDAΓòá├╝VEIS,dir,7,PAC_16_DN7-dir.png,C:\Users\LENOVO\OneDrive\medtech project\Imagens e Matrizes da Tese de Thiago Alves Elias da Silva\Desenvolvimento da Metodologia\SAUDAΓòá├╝VEIS\66\Segmentadas\PAC_16_DN7-dir.png,4
66,0,Healthy,Desenvolvimento da Metodologia,SAUDAΓòá├╝VEIS,dir,8,PAC_16_DN8-dir.png,C:\Users\LENOVO\OneDrive\medtech project\Imagens e Matrizes da Tese de Thiago Alves Elias da Silva\Desenvolvimento da Metodologia\SAUDAΓòá├╝VEIS\66\Segmentadas\PAC_16_DN8-dir.png,4
66,0,Healthy,Desenvolvimento da Metodologia,SAUDAΓòá├╝VEIS,dir,9,PAC_16_DN9-dir.png,C:\Users\LENOVO\OneDrive\medtech project\Imagens e Matrizes da Tese de Thiago Alves Elias da Silva\Desenvolvimento da Metodologia\SAUDAΓòá├╝VEIS\66\Segmentadas\PAC_16_DN9-dir.png,4
66,0,Healthy,Desenvolvimento da Metodologia,SAUDAΓòá├╝VEIS,dir,10,PAC_16_DN10-dir.png,C:\Users\LENOVO\OneDrive\medtech project\Imagens e Matrizes da Tese de Thiago Alves Elias da Silva\Desenvolvimento da Metodologia\SAUDAΓòá├╝VEIS\66\Segmentadas\PAC_16_DN10-dir.png,4
66,0,Healthy,Desenvolvimento da Metodologia,SAUDAΓòá├╝VEIS,dir,11,PAC_16_DN11-dir.png,C:\Users\LENOVO\OneDrive\medtech project\Imagens e Matrizes da Tese de Thiago Alves Elias da Silva\Desenvolvimento da Metodologia\SAUDAΓòá├╝VEIS\66\Segmentadas\PAC_16_DN11-dir.png,4
66,0,Healthy,Desenvolvimento da Metodologia,SAUDAΓòá├╝VEIS,dir,12,PAC_16_DN12-dir.png,C:\Users\LENOVO\OneDrive\medtech project\Imagens e Matrizes da Tese de Thiago Alves Elias da Silva\Desenvolvimento da Metodologia\SAUDAΓòá├╝VEIS\66\Segmentadas\PAC_16_DN12-dir.png,4
66,0,Healthy,Desenvolvimento da Metodologia,SAUDAΓòá├╝VEIS,dir,13,PAC_16_DN13-dir.png,C:\Users\LENOVO\OneDrive\medtech project\Imagens e Matrizes da Tese de Thiago Alves Elias da Silva\Desenvolvimento da Metodologia\SAUDAΓòá├╝VEIS\66\Segmentadas\PAC_16_DN13-dir.png,4
66,0,Healthy,Desenvolvimento da Metodologia,SAUDAΓòá├╝VEIS,dir,14,PAC_16_DN14-dir.png,C:\Users\LENOVO\OneDrive\medtech project\Imagens e Matrizes da Tese de Thiago Alves Elias da Silva\Desenvolvimento da Metodologia\SAUDAΓòá├╝VEIS\66\Segmentadas\PAC_16_DN14-dir.png,4
66,0,Healthy,Desenvolvimento da Metodologia,SAUDAΓòá├╝VEIS,dir,15,PAC_16_DN15-dir.png,C:\Users\LENOVO\OneDrive\medtech project\Imagens e Matrizes da Tese de Thiago Alves Elias da Silva\Desenvolvimento da Metodologia\SAUDAΓòá├╝VEIS\66\Segmentadas\PAC_16_DN15-dir.png,4
66,0,Healthy,Desenvolvimento da Metodologia,SAUDAΓòá├╝VEIS,dir,16,PAC_16_DN16-dir.png,C:\Users\LENOVO\OneDrive\medtech project\Imagens e Matrizes da Tese de Thiago Alves Elias da Silva\Desenvolvimento da Metodologia\SAUDAΓòá├╝VEIS\66\Segmentadas\PAC_16_DN16-dir.png,4
66,0,Healthy,Desenvolvimento da Metodologia,SAUDAΓòá├╝VEIS,dir,17,PAC_16_DN17-dir.png,C:\Users\LENOVO\OneDrive\medtech project\Imagens e Matrizes da Tese de Thiago Alves Elias da Silva\Desenvolvimento da Metodologia\SAUDAΓòá├╝VEIS\66\Segmentadas\PAC_16_DN17-dir.png,4
66,0,Healthy,Desenvolvimento da Metodologia,SAUDAΓòá├╝VEIS,dir,18,PAC_16_DN18-dir.png,C:\Users\LENOVO\OneDrive\medtech project\Imagens e Matrizes da Tese de Thiago Alves Elias da Silva\Desenvolvimento da Metodologia\SAUDAΓòá├╝VEIS\66\Segmentadas\PAC_16_DN18-dir.png,4
66,0,Healthy,Desenvolvimento da Metodologia,SAUDAΓòá├╝VEIS,dir,19,PAC_16_DN19-dir.png,C:\Users\LENOVO\OneDrive\medtech project\Imagens e Matrizes da Tese de Thiago Alves Elias da Silva\Desenvolvimento da Metodologia\SAUDAΓòá├╝VEIS\66\Segmentadas\PAC_16_DN19-dir.png,4
137,0,Healthy,Desenvolvimento da Metodologia,SAUDAΓòá├╝VEIS,dir,0,PAC_45_DN0-dir.png,C:\Users\LENOVO\OneDrive\medtech project\Imagens e Matrizes da Tese de Thiago Alves Elias da Silva\Desenvolvimento da Metodologia\SAUDAΓòá├╝VEIS\137\Segmentadas\PAC_45_DN0-dir.png,4
137,0,Healthy,Desenvolvimento da Metodologia,SAUDAΓòá├╝VEIS,dir,1,PAC_45_DN1-dir.png,C:\Users\LENOVO\OneDrive\medtech project\Imagens e Matrizes da Tese de Thiago Alves Elias da Silva\Desenvolvimento da Metodologia\SAUDAΓòá├╝VEIS\137\Segmentadas\PAC_45_DN1-dir.png,4
137,0,Healthy,Desenvolvimento da Metodologia,SAUDAΓòá├╝VEIS,dir,2,PAC_45_DN2-dir.png,C:\Users\LENOVO\OneDrive\medtech project\Imagens e Matrizes da Tese de Thiago Alves Elias da Silva\Desenvolvimento da Metodologia\SAUDAΓòá├╝VEIS\137\Segmentadas\PAC_45_DN2-dir.png,4
137,0,Healthy,Desenvolvimento da Metodologia,SAUDAΓòá├╝VEIS,dir,3,PAC_45_DN3-dir.png,C:\Users\LENOVO\OneDrive\medtech project\Imagens e Matrizes da Tese de Thiago Alves Elias da Silva\Desenvolvimento da Metodologia\SAUDAΓòá├╝VEIS\137\Segmentadas\PAC_45_DN3-dir.png,4
137,0,Healthy,Desenvolvimento da Metodologia,SAUDAΓòá├╝VEIS,dir,4,PAC_45_DN4-dir.png,C:\Users\LENOVO\OneDrive\medtech project\Imagens e Matrizes da Tese de Thiago Alves Elias da Silva\Desenvolvimento da Metodologia\SAUDAΓòá├╝VEIS\137\Segmentadas\PAC_45_DN4-dir.png,4
137,0,Healthy,Desenvolvimento da Metodologia,SAUDAΓòá├╝VEIS,dir,5,PAC_45_DN5-dir.png,C:\Users\LENOVO\OneDrive\medtech project\Imagens e Matrizes da Tese de Thiago Alves Elias da Silva\Desenvolvimento da Metodologia\SAUDAΓòá├╝VEIS\137\Segmentadas\PAC_45_DN5-dir.png,4
137,0,Healthy,Desenvolvimento da Metodologia,SAUDAΓòá├╝VEIS,dir,6,PAC_45_DN6-dir.png,C:\Users\LENOVO\OneDrive\medtech project\Imagens e Matrizes da Tese de Thiago Alves Elias da Silva\Desenvolvimento da Metodologia\SAUDAΓòá├╝VEIS\137\Segmentadas\PAC_45_DN6-dir.png,4
137,0,Healthy,Desenvolvimento da Metodologia,SAUDAΓòá├╝VEIS,dir,7,PAC_45_DN7-dir.png,C:\Users\LENOVO\OneDrive\medtech project\Imagens e Matrizes da Tese de Thiago Alves Elias da Silva\Desenvolvimento da Metodologia\SAUDAΓòá├╝VEIS\137\Segmentadas\PAC_45_DN7-dir.png,4
137,0,Healthy,Desenvolvimento da Metodologia,SAUDAΓòá├╝VEIS,dir,8,PAC_45_DN8-dir.png,C:\Users\LENOVO\OneDrive\medtech project\Imagens e Matrizes da Tese de Thiago Alves Elias da Silva\Desenvolvimento da Metodologia\SAUDAΓòá├╝VEIS\137\Segmentadas\PAC_45_DN8-dir.png,4
137,0,Healthy,Desenvolvimento da Metodologia,SAUDAΓòá├╝VEIS,dir,9,PAC_45_DN9-dir.png,C:\Users\LENOVO\OneDrive\medtech project\Imagens e Matrizes da Tese de Thiago Alves Elias da Silva\Desenvolvimento da Metodologia\SAUDAΓòá├╝VEIS\137\Segmentadas\PAC_45_DN9-dir.png,4
137,0,Healthy,Desenvolvimento da Metodologia,SAUDAΓòá├╝VEIS,dir,10,PAC_45_DN10-dir.png,C:\Users\LENOVO\OneDrive\medtech project\Imagens e Matrizes da Tese de Thiago Alves Elias da Silva\Desenvolvimento da Metodologia\SAUDAΓòá├╝VEIS\137\Segmentadas\PAC_45_DN10-dir.png,4
137,0,Healthy,Desenvolvimento da Metodologia,SAUDAΓòá├╝VEIS,dir,11,PAC_45_DN11-dir.png,C:\Users\LENOVO\OneDrive\medtech project\Imagens e Matrizes da Tese de Thiago Alves Elias da Silva\Desenvolvimento da Metodologia\SAUDAΓòá├╝VEIS\137\Segmentadas\PAC_45_DN11-dir.png,4
137,0,Healthy,Desenvolvimento da Metodologia,SAUDAΓòá├╝VEIS,dir,12,PAC_45_DN12-dir.png,C:\Users\LENOVO\OneDrive\medtech project\Imagens e Matrizes da Tese de Thiago Alves Elias da Silva\Desenvolvimento da Metodologia\SAUDAΓòá├╝VEIS\137\Segmentadas\PAC_45_DN12-dir.png,4
137,0,Healthy,Desenvolvimento da Metodologia,SAUDAΓòá├╝VEIS,dir,13,PAC_45_DN13-dir.png,C:\Users\LENOVO\OneDrive\medtech project\Imagens e Matrizes da Tese de Thiago Alves Elias da Silva\Desenvolvimento da Metodologia\SAUDAΓòá├╝VEIS\137\Segmentadas\PAC_45_DN13-dir.png,4
137,0,Healthy,Desenvolvimento da Metodologia,SAUDAΓòá├╝VEIS,dir,14,PAC_45_DN14-dir.png,C:\Users\LENOVO\OneDrive\medtech project\Imagens e Matrizes da Tese de Thiago Alves Elias da Silva\Desenvolvimento da Metodologia\SAUDAΓòá├╝VEIS\137\Segmentadas\PAC_45_DN14-dir.png,4
137,0,Healthy,Desenvolvimento da Metodologia,SAUDAΓòá├╝VEIS,dir,15,PAC_45_DN15-dir.png,C:\Users\LENOVO\OneDrive\medtech project\Imagens e Matrizes da Tese de Thiago Alves Elias da Silva\Desenvolvimento da Metodologia\SAUDAΓòá├╝VEIS\137\Segmentadas\PAC_45_DN15-dir.png,4
137,0,Healthy,Desenvolvimento da Metodologia,SAUDAΓòá├╝VEIS,dir,16,PAC_45_DN16-dir.png,C:\Users\LENOVO\OneDrive\medtech project\Imagens e Matrizes da Tese de Thiago Alves Elias da Silva\Desenvolvimento da Metodologia\SAUDAΓòá├╝VEIS\137\Segmentadas\PAC_45_DN16-dir.png,4
137,0,Healthy,Desenvolvimento da Metodologia,SAUDAΓòá├╝VEIS,dir,17,PAC_45_DN17-dir.png,C:\Users\LENOVO\OneDrive\medtech project\Imagens e Matrizes da Tese de Thiago Alves Elias da Silva\Desenvolvimento da Metodologia\SAUDAΓòá├╝VEIS\137\Segmentadas\PAC_45_DN17-dir.png,4
137,0,Healthy,Desenvolvimento da Metodologia,SAUDAΓòá├╝VEIS,dir,18,PAC_45_DN18-dir.png,C:\Users\LENOVO\OneDrive\medtech project\Imagens e Matrizes da Tese de Thiago Alves Elias da Silva\Desenvolvimento da Metodologia\SAUDAΓòá├╝VEIS\137\Segmentadas\PAC_45_DN18-dir.png,4
137,0,Healthy,Desenvolvimento da Metodologia,SAUDAΓòá├╝VEIS,dir,19,PAC_45_DN19-dir.png,C:\Users\LENOVO\OneDrive\medtech project\Imagens e Matrizes da Tese de Thiago Alves Elias da Silva\Desenvolvimento da Metodologia\SAUDAΓòá├╝VEIS\137\Segmentadas\PAC_45_DN19-dir.png,4
166,0,Healthy,Desenvolvimento da Metodologia,SAUDAΓòá├╝VEIS,dir,0,PAC_42_DN0-dir.png,C:\Users\LENOVO\OneDrive\medtech project\Imagens e Matrizes da Tese de Thiago Alves Elias da Silva\Desenvolvimento da Metodologia\SAUDAΓòá├╝VEIS\166\Segmentadas\PAC_42_DN0-dir.png,4
166,0,Healthy,Desenvolvimento da Metodologia,SAUDAΓòá├╝VEIS,dir,1,PAC_42_DN1-dir.png,C:\Users\LENOVO\OneDrive\medtech project\Imagens e Matrizes da Tese de Thiago Alves Elias da Silva\Desenvolvimento da Metodologia\SAUDAΓòá├╝VEIS\166\Segmentadas\PAC_42_DN1-dir.png,4
166,0,Healthy,Desenvolvimento da Metodologia,SAUDAΓòá├╝VEIS,dir,2,PAC_42_DN2-dir.png,C:\Users\LENOVO\OneDrive\medtech project\Imagens e Matrizes da Tese de Thiago Alves Elias da Silva\Desenvolvimento da Metodologia\SAUDAΓòá├╝VEIS\166\Segmentadas\PAC_42_DN2-dir.png,4
166,0,Healthy,Desenvolvimento da Metodologia,SAUDAΓòá├╝VEIS,dir,3,PAC_42_DN3-dir.png,C:\Users\LENOVO\OneDrive\medtech project\Imagens e Matrizes da Tese de Thiago Alves Elias da Silva\Desenvolvimento da Metodologia\SAUDAΓòá├╝VEIS\166\Segmentadas\PAC_42_DN3-dir.png,4
166,0,Healthy,Desenvolvimento da Metodologia,SAUDAΓòá├╝VEIS,dir,4,PAC_42_DN4-dir.png,C:\Users\LENOVO\OneDrive\medtech project\Imagens e Matrizes da Tese de Thiago Alves Elias da Silva\Desenvolvimento da Metodologia\SAUDAΓòá├╝VEIS\166\Segmentadas\PAC_42_DN4-dir.png,4
166,0,Healthy,Desenvolvimento da Metodologia,SAUDAΓòá├╝VEIS,dir,5,PAC_42_DN5-dir.png,C:\Users\LENOVO\OneDrive\medtech project\Imagens e Matrizes da Tese de Thiago Alves Elias da Silva\Desenvolvimento da Metodologia\SAUDAΓòá├╝VEIS\166\Segmentadas\PAC_42_DN5-dir.png,4
166,0,Healthy,Desenvolvimento da Metodologia,SAUDAΓòá├╝VEIS,dir,6,PAC_42_DN6-dir.png,C:\Users\LENOVO\OneDrive\medtech project\Imagens e Matrizes da Tese de Thiago Alves Elias da Silva\Desenvolvimento da Metodologia\SAUDAΓòá├╝VEIS\166\Segmentadas\PAC_42_DN6-dir.png,4
166,0,Healthy,Desenvolvimento da Metodologia,SAUDAΓòá├╝VEIS,dir,7,PAC_42_DN7-dir.png,C:\Users\LENOVO\OneDrive\medtech project\Imagens e Matrizes da Tese de Thiago Alves Elias da Silva\Desenvolvimento da Metodologia\SAUDAΓòá├╝VEIS\166\Segmentadas\PAC_42_DN7-dir.png,4
166,0,Healthy,Desenvolvimento da Metodologia,SAUDAΓòá├╝VEIS,dir,8,PAC_42_DN8-dir.png,C:\Users\LENOVO\OneDrive\medtech project\Imagens e Matrizes da Tese de Thiago Alves Elias da Silva\Desenvolvimento da Metodologia\SAUDAΓòá├╝VEIS\166\Segmentadas\PAC_42_DN8-dir.png,4
166,0,Healthy,Desenvolvimento da Metodologia,SAUDAΓòá├╝VEIS,dir,9,PAC_42_DN9-dir.png,C:\Users\LENOVO\OneDrive\medtech project\Imagens e Matrizes da Tese de Thiago Alves Elias da Silva\Desenvolvimento da Metodologia\SAUDAΓòá├╝VEIS\166\Segmentadas\PAC_42_DN9-dir.png,4
166,0,Healthy,Desenvolvimento da Metodologia,SAUDAΓòá├╝VEIS,dir,10,PAC_42_DN10-dir.png,C:\Users\LENOVO\OneDrive\medtech project\Imagens e Matrizes da Tese de Thiago Alves Elias da Silva\Desenvolvimento da Metodologia\SAUDAΓòá├╝VEIS\166\Segmentadas\PAC_42_DN10-dir.png,4
166,0,Healthy,Desenvolvimento da Metodologia,SAUDAΓòá├╝VEIS,dir,11,PAC_42_DN11-dir.png,C:\Users\LENOVO\OneDrive\medtech project\Imagens e Matrizes da Tese de Thiago Alves Elias da Silva\Desenvolvimento da Metodologia\SAUDAΓòá├╝VEIS\166\Segmentadas\PAC_42_DN11-dir.png,4
166,0,Healthy,Desenvolvimento da Metodologia,SAUDAΓòá├╝VEIS,dir,12,PAC_42_DN12-dir.png,C:\Users\LENOVO\OneDrive\medtech project\Imagens e Matrizes da Tese de Thiago Alves Elias da Silva\Desenvolvimento da Metodologia\SAUDAΓòá├╝VEIS\166\Segmentadas\PAC_42_DN12-dir.png,4
166,0,Healthy,Desenvolvimento da Metodologia,SAUDAΓòá├╝VEIS,dir,13,PAC_42_DN13-dir.png,C:\Users\LENOVO\OneDrive\medtech project\Imagens e Matrizes da Tese de Thiago Alves Elias da Silva\Desenvolvimento da Metodologia\SAUDAΓòá├╝VEIS\166\Segmentadas\PAC_42_DN13-dir.png,4
166,0,Healthy,Desenvolvimento da Metodologia,SAUDAΓòá├╝VEIS,dir,14,PAC_42_DN14-dir.png,C:\Users\LENOVO\OneDrive\medtech project\Imagens e Matrizes da Tese de Thiago Alves Elias da Silva\Desenvolvimento da Metodologia\SAUDAΓòá├╝VEIS\166\Segmentadas\PAC_42_DN14-dir.png,4
166,0,Healthy,Desenvolvimento da Metodologia,SAUDAΓòá├╝VEIS,dir,15,PAC_42_DN15-dir.png,C:\Users\LENOVO\OneDrive\medtech project\Imagens e Matrizes da Tese de Thiago Alves Elias da Silva\Desenvolvimento da Metodologia\SAUDAΓòá├╝VEIS\166\Segmentadas\PAC_42_DN15-dir.png,4
166,0,Healthy,Desenvolvimento da Metodologia,SAUDAΓòá├╝VEIS,dir,16,PAC_42_DN16-dir.png,C:\Users\LENOVO\OneDrive\medtech project\Imagens e Matrizes da Tese de Thiago Alves Elias da Silva\Desenvolvimento da Metodologia\SAUDAΓòá├╝VEIS\166\Segmentadas\PAC_42_DN16-dir.png,4
166,0,Healthy,Desenvolvimento da Metodologia,SAUDAΓòá├╝VEIS,dir,17,PAC_42_DN17-dir.png,C:\Users\LENOVO\OneDrive\medtech project\Imagens e Matrizes da Tese de Thiago Alves Elias da Silva\Desenvolvimento da Metodologia\SAUDAΓòá├╝VEIS\166\Segmentadas\PAC_42_DN17-dir.png,4
166,0,Healthy,Desenvolvimento da Metodologia,SAUDAΓòá├╝VEIS,dir,18,PAC_42_DN18-dir.png,C:\Users\LENOVO\OneDrive\medtech project\Imagens e Matrizes da Tese de Thiago Alves Elias da Silva\Desenvolvimento da Metodologia\SAUDAΓòá├╝VEIS\166\Segmentadas\PAC_42_DN18-dir.png,4
166,0,Healthy,Desenvolvimento da Metodologia,SAUDAΓòá├╝VEIS,dir,19,PAC_42_DN19-dir.png,C:\Users\LENOVO\OneDrive\medtech project\Imagens e Matrizes da Tese de Thiago Alves Elias da Silva\Desenvolvimento da Metodologia\SAUDAΓòá├╝VEIS\166\Segmentadas\PAC_42_DN19-dir.png,4
138,1,Sick,Desenvolvimento da Metodologia,DOENTES,dir,0,PAC_04_DN0-dir.png,C:\Users\LENOVO\OneDrive\medtech project\Imagens e Matrizes da Tese de Thiago Alves Elias da Silva\Desenvolvimento da Metodologia\DOENTES\138\Segmentadas\PAC_04_DN0-dir.png,4
138,1,Sick,Desenvolvimento da Metodologia,DOENTES,dir,1,PAC_04_DN1-dir.png,C:\Users\LENOVO\OneDrive\medtech project\Imagens e Matrizes da Tese de Thiago Alves Elias da Silva\Desenvolvimento da Metodologia\DOENTES\138\Segmentadas\PAC_04_DN1-dir.png,4
138,1,Sick,Desenvolvimento da Metodologia,DOENTES,dir,2,PAC_04_DN2-dir.png,C:\Users\LENOVO\OneDrive\medtech project\Imagens e Matrizes da Tese de Thiago Alves Elias da Silva\Desenvolvimento da Metodologia\DOENTES\138\Segmentadas\PAC_04_DN2-dir.png,4
138,1,Sick,Desenvolvimento da Metodologia,DOENTES,dir,3,PAC_04_DN3-dir.png,C:\Users\LENOVO\OneDrive\medtech project\Imagens e Matrizes da Tese de Thiago Alves Elias da Silva\Desenvolvimento da Metodologia\DOENTES\138\Segmentadas\PAC_04_DN3-dir.png,4
138,1,Sick,Desenvolvimento da Metodologia,DOENTES,dir,4,PAC_04_DN4-dir.png,C:\Users\LENOVO\OneDrive\medtech project\Imagens e Matrizes da Tese de Thiago Alves Elias da Silva\Desenvolvimento da Metodologia\DOENTES\138\Segmentadas\PAC_04_DN4-dir.png,4
138,1,Sick,Desenvolvimento da Metodologia,DOENTES,dir,5,PAC_04_DN5-dir.png,C:\Users\LENOVO\OneDrive\medtech project\Imagens e Matrizes da Tese de Thiago Alves Elias da Silva\Desenvolvimento da Metodologia\DOENTES\138\Segmentadas\PAC_04_DN5-dir.png,4
138,1,Sick,Desenvolvimento da Metodologia,DOENTES,dir,6,PAC_04_DN6-dir.png,C:\Users\LENOVO\OneDrive\medtech project\Imagens e Matrizes da Tese de Thiago Alves Elias da Silva\Desenvolvimento da Metodologia\DOENTES\138\Segmentadas\PAC_04_DN6-dir.png,4
138,1,Sick,Desenvolvimento da Metodologia,DOENTES,dir,7,PAC_04_DN7-dir.png,C:\Users\LENOVO\OneDrive\medtech project\Imagens e Matrizes da Tese de Thiago Alves Elias da Silva\Desenvolvimento da Metodologia\DOENTES\138\Segmentadas\PAC_04_DN7-dir.png,4
138,1,Sick,Desenvolvimento da Metodologia,DOENTES,dir,8,PAC_04_DN8-dir.png,C:\Users\LENOVO\OneDrive\medtech project\Imagens e Matrizes da Tese de Thiago Alves Elias da Silva\Desenvolvimento da Metodologia\DOENTES\138\Segmentadas\PAC_04_DN8-dir.png,4
138,1,Sick,Desenvolvimento da Metodologia,DOENTES,dir,9,PAC_04_DN9-dir.png,C:\Users\LENOVO\OneDrive\medtech project\Imagens e Matrizes da Tese de Thiago Alves Elias da Silva\Desenvolvimento da Metodologia\DOENTES\138\Segmentadas\PAC_04_DN9-dir.png,4
138,1,Sick,Desenvolvimento da Metodologia,DOENTES,dir,10,PAC_04_DN10-dir.png,C:\Users\LENOVO\OneDrive\medtech project\Imagens e Matrizes da Tese de Thiago Alves Elias da Silva\Desenvolvimento da Metodologia\DOENTES\138\Segmentadas\PAC_04_DN10-dir.png,4
138,1,Sick,Desenvolvimento da Metodologia,DOENTES,dir,11,PAC_04_DN11-dir.png,C:\Users\LENOVO\OneDrive\medtech project\Imagens e Matrizes da Tese de Thiago Alves Elias da Silva\Desenvolvimento da Metodologia\DOENTES\138\Segmentadas\PAC_04_DN11-dir.png,4
138,1,Sick,Desenvolvimento da Metodologia,DOENTES,dir,12,PAC_04_DN12-dir.png,C:\Users\LENOVO\OneDrive\medtech project\Imagens e Matrizes da Tese de Thiago Alves Elias da Silva\Desenvolvimento da Metodologia\DOENTES\138\Segmentadas\PAC_04_DN12-dir.png,4
138,1,Sick,Desenvolvimento da Metodologia,DOENTES,dir,13,PAC_04_DN13-dir.png,C:\Users\LENOVO\OneDrive\medtech project\Imagens e Matrizes da Tese de Thiago Alves Elias da Silva\Desenvolvimento da Metodologia\DOENTES\138\Segmentadas\PAC_04_DN13-dir.png,4
138,1,Sick,Desenvolvimento da Metodologia,DOENTES,dir,14,PAC_04_DN14-dir.png,C:\Users\LENOVO\OneDrive\medtech project\Imagens e Matrizes da Tese de Thiago Alves Elias da Silva\Desenvolvimento da Metodologia\DOENTES\138\Segmentadas\PAC_04_DN14-dir.png,4
138,1,Sick,Desenvolvimento da Metodologia,DOENTES,dir,15,PAC_04_DN15-dir.png,C:\Users\LENOVO\OneDrive\medtech project\Imagens e Matrizes da Tese de Thiago Alves Elias da Silva\Desenvolvimento da Metodologia\DOENTES\138\Segmentadas\PAC_04_DN15-dir.png,4
138,1,Sick,Desenvolvimento da Metodologia,DOENTES,dir,16,PAC_04_DN16-dir.png,C:\Users\LENOVO\OneDrive\medtech project\Imagens e Matrizes da Tese de Thiago Alves Elias da Silva\Desenvolvimento da Metodologia\DOENTES\138\Segmentadas\PAC_04_DN16-dir.png,4
138,1,Sick,Desenvolvimento da Metodologia,DOENTES,dir,17,PAC_04_DN17-dir.png,C:\Users\LENOVO\OneDrive\medtech project\Imagens e Matrizes da Tese de Thiago Alves Elias da Silva\Desenvolvimento da Metodologia\DOENTES\138\Segmentadas\PAC_04_DN17-dir.png,4
138,1,Sick,Desenvolvimento da Metodologia,DOENTES,dir,18,PAC_04_DN18-dir.png,C:\Users\LENOVO\OneDrive\medtech project\Imagens e Matrizes da Tese de Thiago Alves Elias da Silva\Desenvolvimento da Metodologia\DOENTES\138\Segmentadas\PAC_04_DN18-dir.png,4
138,1,Sick,Desenvolvimento da Metodologia,DOENTES,dir,19,PAC_04_DN19-dir.png,C:\Users\LENOVO\OneDrive\medtech project\Imagens e Matrizes da Tese de Thiago Alves Elias da Silva\Desenvolvimento da Metodologia\DOENTES\138\Segmentadas\PAC_04_DN19-dir.png,4
198,1,Sick,Desenvolvimento da Metodologia,DOENTES,dir,0,PAC_52_DN0-dir.png,C:\Users\LENOVO\OneDrive\medtech project\Imagens e Matrizes da Tese de Thiago Alves Elias da Silva\Desenvolvimento da Metodologia\DOENTES\198\Segmentadas\PAC_52_DN0-dir.png,4
198,1,Sick,Desenvolvimento da Metodologia,DOENTES,dir,1,PAC_52_DN1-dir.png,C:\Users\LENOVO\OneDrive\medtech project\Imagens e Matrizes da Tese de Thiago Alves Elias da Silva\Desenvolvimento da Metodologia\DOENTES\198\Segmentadas\PAC_52_DN1-dir.png,4
198,1,Sick,Desenvolvimento da Metodologia,DOENTES,dir,2,PAC_52_DN2-dir.png,C:\Users\LENOVO\OneDrive\medtech project\Imagens e Matrizes da Tese de Thiago Alves Elias da Silva\Desenvolvimento da Metodologia\DOENTES\198\Segmentadas\PAC_52_DN2-dir.png,4
198,1,Sick,Desenvolvimento da Metodologia,DOENTES,dir,3,PAC_52_DN3-dir.png,C:\Users\LENOVO\OneDrive\medtech project\Imagens e Matrizes da Tese de Thiago Alves Elias da Silva\Desenvolvimento da Metodologia\DOENTES\198\Segmentadas\PAC_52_DN3-dir.png,4
198,1,Sick,Desenvolvimento da Metodologia,DOENTES,dir,4,PAC_52_DN4-dir.png,C:\Users\LENOVO\OneDrive\medtech project\Imagens e Matrizes da Tese de Thiago Alves Elias da Silva\Desenvolvimento da Metodologia\DOENTES\198\Segmentadas\PAC_52_DN4-dir.png,4
198,1,Sick,Desenvolvimento da Metodologia,DOENTES,dir,5,PAC_52_DN5-dir.png,C:\Users\LENOVO\OneDrive\medtech project\Imagens e Matrizes da Tese de Thiago Alves Elias da Silva\Desenvolvimento da Metodologia\DOENTES\198\Segmentadas\PAC_52_DN5-dir.png,4
198,1,Sick,Desenvolvimento da Metodologia,DOENTES,dir,6,PAC_52_DN6-dir.png,C:\Users\LENOVO\OneDrive\medtech project\Imagens e Matrizes da Tese de Thiago Alves Elias da Silva\Desenvolvimento da Metodologia\DOENTES\198\Segmentadas\PAC_52_DN6-dir.png,4
198,1,Sick,Desenvolvimento da Metodologia,DOENTES,dir,7,PAC_52_DN7-dir.png,C:\Users\LENOVO\OneDrive\medtech project\Imagens e Matrizes da Tese de Thiago Alves Elias da Silva\Desenvolvimento da Metodologia\DOENTES\198\Segmentadas\PAC_52_DN7-dir.png,4
198,1,Sick,Desenvolvimento da Metodologia,DOENTES,dir,8,PAC_52_DN8-dir.png,C:\Users\LENOVO\OneDrive\medtech project\Imagens e Matrizes da Tese de Thiago Alves Elias da Silva\Desenvolvimento da Metodologia\DOENTES\198\Segmentadas\PAC_52_DN8-dir.png,4
198,1,Sick,Desenvolvimento da Metodologia,DOENTES,dir,9,PAC_52_DN9-dir.png,C:\Users\LENOVO\OneDrive\medtech project\Imagens e Matrizes da Tese de Thiago Alves Elias da Silva\Desenvolvimento da Metodologia\DOENTES\198\Segmentadas\PAC_52_DN9-dir.png,4
198,1,Sick,Desenvolvimento da Metodologia,DOENTES,dir,10,PAC_52_DN10-dir.png,C:\Users\LENOVO\OneDrive\medtech project\Imagens e Matrizes da Tese de Thiago Alves Elias da Silva\Desenvolvimento da Metodologia\DOENTES\198\Segmentadas\PAC_52_DN10-dir.png,4
198,1,Sick,Desenvolvimento da Metodologia,DOENTES,dir,11,PAC_52_DN11-dir.png,C:\Users\LENOVO\OneDrive\medtech project\Imagens e Matrizes da Tese de Thiago Alves Elias da Silva\Desenvolvimento da Metodologia\DOENTES\198\Segmentadas\PAC_52_DN11-dir.png,4
198,1,Sick,Desenvolvimento da Metodologia,DOENTES,dir,12,PAC_52_DN12-dir.png,C:\Users\LENOVO\OneDrive\medtech project\Imagens e Matrizes da Tese de Thiago Alves Elias da Silva\Desenvolvimento da Metodologia\DOENTES\198\Segmentadas\PAC_52_DN12-dir.png,4
198,1,Sick,Desenvolvimento da Metodologia,DOENTES,dir,13,PAC_52_DN13-dir.png,C:\Users\LENOVO\OneDrive\medtech project\Imagens e Matrizes da Tese de Thiago Alves Elias da Silva\Desenvolvimento da Metodologia\DOENTES\198\Segmentadas\PAC_52_DN13-dir.png,4
198,1,Sick,Desenvolvimento da Metodologia,DOENTES,dir,14,PAC_52_DN14-dir.png,C:\Users\LENOVO\OneDrive\medtech project\Imagens e Matrizes da Tese de Thiago Alves Elias da Silva\Desenvolvimento da Metodologia\DOENTES\198\Segmentadas\PAC_52_DN14-dir.png,4
198,1,Sick,Desenvolvimento da Metodologia,DOENTES,dir,15,PAC_52_DN15-dir.png,C:\Users\LENOVO\OneDrive\medtech project\Imagens e Matrizes da Tese de Thiago Alves Elias da Silva\Desenvolvimento da Metodologia\DOENTES\198\Segmentadas\PAC_52_DN15-dir.png,4
198,1,Sick,Desenvolvimento da Metodologia,DOENTES,dir,16,PAC_52_DN16-dir.png,C:\Users\LENOVO\OneDrive\medtech project\Imagens e Matrizes da Tese de Thiago Alves Elias da Silva\Desenvolvimento da Metodologia\DOENTES\198\Segmentadas\PAC_52_DN16-dir.png,4
198,1,Sick,Desenvolvimento da Metodologia,DOENTES,dir,17,PAC_52_DN17-dir.png,C:\Users\LENOVO\OneDrive\medtech project\Imagens e Matrizes da Tese de Thiago Alves Elias da Silva\Desenvolvimento da Metodologia\DOENTES\198\Segmentadas\PAC_52_DN17-dir.png,4
198,1,Sick,Desenvolvimento da Metodologia,DOENTES,dir,18,PAC_52_DN18-dir.png,C:\Users\LENOVO\OneDrive\medtech project\Imagens e Matrizes da Tese de Thiago Alves Elias da Silva\Desenvolvimento da Metodologia\DOENTES\198\Segmentadas\PAC_52_DN18-dir.png,4
198,1,Sick,Desenvolvimento da Metodologia,DOENTES,dir,19,PAC_52_DN19-dir.png,C:\Users\LENOVO\OneDrive\medtech project\Imagens e Matrizes da Tese de Thiago Alves Elias da Silva\Desenvolvimento da Metodologia\DOENTES\198\Segmentadas\PAC_52_DN19-dir.png,4
213,1,Sick,Desenvolvimento da Metodologia,DOENTES,dir,0,PAC_08_DN0-dir.png,C:\Users\LENOVO\OneDrive\medtech project\Imagens e Matrizes da Tese de Thiago Alves Elias da Silva\Desenvolvimento da Metodologia\DOENTES\213\Segmentadas\PAC_08_DN0-dir.png,4
213,1,Sick,Desenvolvimento da Metodologia,DOENTES,dir,1,PAC_08_DN1-dir.png,C:\Users\LENOVO\OneDrive\medtech project\Imagens e Matrizes da Tese de Thiago Alves Elias da Silva\Desenvolvimento da Metodologia\DOENTES\213\Segmentadas\PAC_08_DN1-dir.png,4
213,1,Sick,Desenvolvimento da Metodologia,DOENTES,dir,2,PAC_08_DN2-dir.png,C:\Users\LENOVO\OneDrive\medtech project\Imagens e Matrizes da Tese de Thiago Alves Elias da Silva\Desenvolvimento da Metodologia\DOENTES\213\Segmentadas\PAC_08_DN2-dir.png,4
213,1,Sick,Desenvolvimento da Metodologia,DOENTES,dir,3,PAC_08_DN3-dir.png,C:\Users\LENOVO\OneDrive\medtech project\Imagens e Matrizes da Tese de Thiago Alves Elias da Silva\Desenvolvimento da Metodologia\DOENTES\213\Segmentadas\PAC_08_DN3-dir.png,4
213,1,Sick,Desenvolvimento da Metodologia,DOENTES,dir,4,PAC_08_DN4-dir.png,C:\Users\LENOVO\OneDrive\medtech project\Imagens e Matrizes da Tese de Thiago Alves Elias da Silva\Desenvolvimento da Metodologia\DOENTES\213\Segmentadas\PAC_08_DN4-dir.png,4
213,1,Sick,Desenvolvimento da Metodologia,DOENTES,dir,5,PAC_08_DN5-dir.png,C:\Users\LENOVO\OneDrive\medtech project\Imagens e Matrizes da Tese de Thiago Alves Elias da Silva\Desenvolvimento da Metodologia\DOENTES\213\Segmentadas\PAC_08_DN5-dir.png,4
213,1,Sick,Desenvolvimento da Metodologia,DOENTES,dir,6,PAC_08_DN6-dir.png,C:\Users\LENOVO\OneDrive\medtech project\Imagens e Matrizes da Tese de Thiago Alves Elias da Silva\Desenvolvimento da Metodologia\DOENTES\213\Segmentadas\PAC_08_DN6-dir.png,4
213,1,Sick,Desenvolvimento da Metodologia,DOENTES,dir,7,PAC_08_DN7-dir.png,C:\Users\LENOVO\OneDrive\medtech project\Imagens e Matrizes da Tese de Thiago Alves Elias da Silva\Desenvolvimento da Metodologia\DOENTES\213\Segmentadas\PAC_08_DN7-dir.png,4
213,1,Sick,Desenvolvimento da Metodologia,DOENTES,dir,8,PAC_08_DN8-dir.png,C:\Users\LENOVO\OneDrive\medtech project\Imagens e Matrizes da Tese de Thiago Alves Elias da Silva\Desenvolvimento da Metodologia\DOENTES\213\Segmentadas\PAC_08_DN8-dir.png,4
213,1,Sick,Desenvolvimento da Metodologia,DOENTES,dir,9,PAC_08_DN9-dir.png,C:\Users\LENOVO\OneDrive\medtech project\Imagens e Matrizes da Tese de Thiago Alves Elias da Silva\Desenvolvimento da Metodologia\DOENTES\213\Segmentadas\PAC_08_DN9-dir.png,4
213,1,Sick,Desenvolvimento da Metodologia,DOENTES,dir,10,PAC_08_DN10-dir.png,C:\Users\LENOVO\OneDrive\medtech project\Imagens e Matrizes da Tese de Thiago Alves Elias da Silva\Desenvolvimento da Metodologia\DOENTES\213\Segmentadas\PAC_08_DN10-dir.png,4
213,1,Sick,Desenvolvimento da Metodologia,DOENTES,dir,11,PAC_08_DN11-dir.png,C:\Users\LENOVO\OneDrive\medtech project\Imagens e Matrizes da Tese de Thiago Alves Elias da Silva\Desenvolvimento da Metodologia\DOENTES\213\Segmentadas\PAC_08_DN11-dir.png,4
213,1,Sick,Desenvolvimento da Metodologia,DOENTES,dir,12,PAC_08_DN12-dir.png,C:\Users\LENOVO\OneDrive\medtech project\Imagens e Matrizes da Tese de Thiago Alves Elias da Silva\Desenvolvimento da Metodologia\DOENTES\213\Segmentadas\PAC_08_DN12-dir.png,4
213,1,Sick,Desenvolvimento da Metodologia,DOENTES,dir,13,PAC_08_DN13-dir.png,C:\Users\LENOVO\OneDrive\medtech project\Imagens e Matrizes da Tese de Thiago Alves Elias da Silva\Desenvolvimento da Metodologia\DOENTES\213\Segmentadas\PAC_08_DN13-dir.png,4
213,1,Sick,Desenvolvimento da Metodologia,DOENTES,dir,14,PAC_08_DN14-dir.png,C:\Users\LENOVO\OneDrive\medtech project\Imagens e Matrizes da Tese de Thiago Alves Elias da Silva\Desenvolvimento da Metodologia\DOENTES\213\Segmentadas\PAC_08_DN14-dir.png,4
213,1,Sick,Desenvolvimento da Metodologia,DOENTES,dir,15,PAC_08_DN15-dir.png,C:\Users\LENOVO\OneDrive\medtech project\Imagens e Matrizes da Tese de Thiago Alves Elias da Silva\Desenvolvimento da Metodologia\DOENTES\213\Segmentadas\PAC_08_DN15-dir.png,4
213,1,Sick,Desenvolvimento da Metodologia,DOENTES,dir,16,PAC_08_DN16-dir.png,C:\Users\LENOVO\OneDrive\medtech project\Imagens e Matrizes da Tese de Thiago Alves Elias da Silva\Desenvolvimento da Metodologia\DOENTES\213\Segmentadas\PAC_08_DN16-dir.png,4
213,1,Sick,Desenvolvimento da Metodologia,DOENTES,dir,17,PAC_08_DN17-dir.png,C:\Users\LENOVO\OneDrive\medtech project\Imagens e Matrizes da Tese de Thiago Alves Elias da Silva\Desenvolvimento da Metodologia\DOENTES\213\Segmentadas\PAC_08_DN17-dir.png,4
213,1,Sick,Desenvolvimento da Metodologia,DOENTES,dir,18,PAC_08_DN18-dir.png,C:\Users\LENOVO\OneDrive\medtech project\Imagens e Matrizes da Tese de Thiago Alves Elias da Silva\Desenvolvimento da Metodologia\DOENTES\213\Segmentadas\PAC_08_DN18-dir.png,4
213,1,Sick,Desenvolvimento da Metodologia,DOENTES,dir,19,PAC_08_DN19-dir.png,C:\Users\LENOVO\OneDrive\medtech project\Imagens e Matrizes da Tese de Thiago Alves Elias da Silva\Desenvolvimento da Metodologia\DOENTES\213\Segmentadas\PAC_08_DN19-dir.png,4
261,1,Sick,Desenvolvimento da Metodologia,DOENTES,esq,0,PAC_49_DN0-esq.png,C:\Users\LENOVO\OneDrive\medtech project\Imagens e Matrizes da Tese de Thiago Alves Elias da Silva\Desenvolvimento da Metodologia\DOENTES\261\Segmentadas\PAC_49_DN0-esq.png,4
261,1,Sick,Desenvolvimento da Metodologia,DOENTES,esq,1,PAC_49_DN1-esq.png,C:\Users\LENOVO\OneDrive\medtech project\Imagens e Matrizes da Tese de Thiago Alves Elias da Silva\Desenvolvimento da Metodologia\DOENTES\261\Segmentadas\PAC_49_DN1-esq.png,4
261,1,Sick,Desenvolvimento da Metodologia,DOENTES,esq,2,PAC_49_DN2-esq.png,C:\Users\LENOVO\OneDrive\medtech project\Imagens e Matrizes da Tese de Thiago Alves Elias da Silva\Desenvolvimento da Metodologia\DOENTES\261\Segmentadas\PAC_49_DN2-esq.png,4
261,1,Sick,Desenvolvimento da Metodologia,DOENTES,esq,3,PAC_49_DN3-esq.png,C:\Users\LENOVO\OneDrive\medtech project\Imagens e Matrizes da Tese de Thiago Alves Elias da Silva\Desenvolvimento da Metodologia\DOENTES\261\Segmentadas\PAC_49_DN3-esq.png,4
261,1,Sick,Desenvolvimento da Metodologia,DOENTES,esq,4,PAC_49_DN4-esq.png,C:\Users\LENOVO\OneDrive\medtech project\Imagens e Matrizes da Tese de Thiago Alves Elias da Silva\Desenvolvimento da Metodologia\DOENTES\261\Segmentadas\PAC_49_DN4-esq.png,4
261,1,Sick,Desenvolvimento da Metodologia,DOENTES,esq,5,PAC_49_DN5-esq.png,C:\Users\LENOVO\OneDrive\medtech project\Imagens e Matrizes da Tese de Thiago Alves Elias da Silva\Desenvolvimento da Metodologia\DOENTES\261\Segmentadas\PAC_49_DN5-esq.png,4
261,1,Sick,Desenvolvimento da Metodologia,DOENTES,esq,6,PAC_49_DN6-esq.png,C:\Users\LENOVO\OneDrive\medtech project\Imagens e Matrizes da Tese de Thiago Alves Elias da Silva\Desenvolvimento da Metodologia\DOENTES\261\Segmentadas\PAC_49_DN6-esq.png,4
261,1,Sick,Desenvolvimento da Metodologia,DOENTES,esq,7,PAC_49_DN7-esq.png,C:\Users\LENOVO\OneDrive\medtech project\Imagens e Matrizes da Tese de Thiago Alves Elias da Silva\Desenvolvimento da Metodologia\DOENTES\261\Segmentadas\PAC_49_DN7-esq.png,4
261,1,Sick,Desenvolvimento da Metodologia,DOENTES,esq,8,PAC_49_DN8-esq.png,C:\Users\LENOVO\OneDrive\medtech project\Imagens e Matrizes da Tese de Thiago Alves Elias da Silva\Desenvolvimento da Metodologia\DOENTES\261\Segmentadas\PAC_49_DN8-esq.png,4
261,1,Sick,Desenvolvimento da Metodologia,DOENTES,esq,9,PAC_49_DN9-esq.png,C:\Users\LENOVO\OneDrive\medtech project\Imagens e Matrizes da Tese de Thiago Alves Elias da Silva\Desenvolvimento da Metodologia\DOENTES\261\Segmentadas\PAC_49_DN9-esq.png,4
261,1,Sick,Desenvolvimento da Metodologia,DOENTES,esq,10,PAC_49_DN10-esq.png,C:\Users\LENOVO\OneDrive\medtech project\Imagens e Matrizes da Tese de Thiago Alves Elias da Silva\Desenvolvimento da Metodologia\DOENTES\261\Segmentadas\PAC_49_DN10-esq.png,4
261,1,Sick,Desenvolvimento da Metodologia,DOENTES,esq,11,PAC_49_DN11-esq.png,C:\Users\LENOVO\OneDrive\medtech project\Imagens e Matrizes da Tese de Thiago Alves Elias da Silva\Desenvolvimento da Metodologia\DOENTES\261\Segmentadas\PAC_49_DN11-esq.png,4
261,1,Sick,Desenvolvimento da Metodologia,DOENTES,esq,12,PAC_49_DN12-esq.png,C:\Users\LENOVO\OneDrive\medtech project\Imagens e Matrizes da Tese de Thiago Alves Elias da Silva\Desenvolvimento da Metodologia\DOENTES\261\Segmentadas\PAC_49_DN12-esq.png,4
261,1,Sick,Desenvolvimento da Metodologia,DOENTES,esq,13,PAC_49_DN13-esq.png,C:\Users\LENOVO\OneDrive\medtech project\Imagens e Matrizes da Tese de Thiago Alves Elias da Silva\Desenvolvimento da Metodologia\DOENTES\261\Segmentadas\PAC_49_DN13-esq.png,4
261,1,Sick,Desenvolvimento da Metodologia,DOENTES,esq,14,PAC_49_DN14-esq.png,C:\Users\LENOVO\OneDrive\medtech project\Imagens e Matrizes da Tese de Thiago Alves Elias da Silva\Desenvolvimento da Metodologia\DOENTES\261\Segmentadas\PAC_49_DN14-esq.png,4
261,1,Sick,Desenvolvimento da Metodologia,DOENTES,esq,15,PAC_49_DN15-esq.png,C:\Users\LENOVO\OneDrive\medtech project\Imagens e Matrizes da Tese de Thiago Alves Elias da Silva\Desenvolvimento da Metodologia\DOENTES\261\Segmentadas\PAC_49_DN15-esq.png,4
261,1,Sick,Desenvolvimento da Metodologia,DOENTES,esq,16,PAC_49_DN16-esq.png,C:\Users\LENOVO\OneDrive\medtech project\Imagens e Matrizes da Tese de Thiago Alves Elias da Silva\Desenvolvimento da Metodologia\DOENTES\261\Segmentadas\PAC_49_DN16-esq.png,4
261,1,Sick,Desenvolvimento da Metodologia,DOENTES,esq,17,PAC_49_DN17-esq.png,C:\Users\LENOVO\OneDrive\medtech project\Imagens e Matrizes da Tese de Thiago Alves Elias da Silva\Desenvolvimento da Metodologia\DOENTES\261\Segmentadas\PAC_49_DN17-esq.png,4
261,1,Sick,Desenvolvimento da Metodologia,DOENTES,esq,18,PAC_49_DN18-esq.png,C:\Users\LENOVO\OneDrive\medtech project\Imagens e Matrizes da Tese de Thiago Alves Elias da Silva\Desenvolvimento da Metodologia\DOENTES\261\Segmentadas\PAC_49_DN18-esq.png,4
261,1,Sick,Desenvolvimento da Metodologia,DOENTES,esq,19,PAC_49_DN19-esq.png,C:\Users\LENOVO\OneDrive\medtech project\Imagens e Matrizes da Tese de Thiago Alves Elias da Silva\Desenvolvimento da Metodologia\DOENTES\261\Segmentadas\PAC_49_DN19-esq.png,4
270,1,Sick,Desenvolvimento da Metodologia,DOENTES,esq,0,PAC_30_DN0-esq.png,C:\Users\LENOVO\OneDrive\medtech project\Imagens e Matrizes da Tese de Thiago Alves Elias da Silva\Desenvolvimento da Metodologia\DOENTES\270\Segmentadas\PAC_30_DN0-esq.png,4
270,1,Sick,Desenvolvimento da Metodologia,DOENTES,esq,1,PAC_30_DN1-esq.png,C:\Users\LENOVO\OneDrive\medtech project\Imagens e Matrizes da Tese de Thiago Alves Elias da Silva\Desenvolvimento da Metodologia\DOENTES\270\Segmentadas\PAC_30_DN1-esq.png,4
270,1,Sick,Desenvolvimento da Metodologia,DOENTES,esq,2,PAC_30_DN2-esq.png,C:\Users\LENOVO\OneDrive\medtech project\Imagens e Matrizes da Tese de Thiago Alves Elias da Silva\Desenvolvimento da Metodologia\DOENTES\270\Segmentadas\PAC_30_DN2-esq.png,4
270,1,Sick,Desenvolvimento da Metodologia,DOENTES,esq,3,PAC_30_DN3-esq.png,C:\Users\LENOVO\OneDrive\medtech project\Imagens e Matrizes da Tese de Thiago Alves Elias da Silva\Desenvolvimento da Metodologia\DOENTES\270\Segmentadas\PAC_30_DN3-esq.png,4
270,1,Sick,Desenvolvimento da Metodologia,DOENTES,esq,4,PAC_30_DN4-esq.png,C:\Users\LENOVO\OneDrive\medtech project\Imagens e Matrizes da Tese de Thiago Alves Elias da Silva\Desenvolvimento da Metodologia\DOENTES\270\Segmentadas\PAC_30_DN4-esq.png,4
270,1,Sick,Desenvolvimento da Metodologia,DOENTES,esq,5,PAC_30_DN5-esq.png,C:\Users\LENOVO\OneDrive\medtech project\Imagens e Matrizes da Tese de Thiago Alves Elias da Silva\Desenvolvimento da Metodologia\DOENTES\270\Segmentadas\PAC_30_DN5-esq.png,4
270,1,Sick,Desenvolvimento da Metodologia,DOENTES,esq,6,PAC_30_DN6-esq.png,C:\Users\LENOVO\OneDrive\medtech project\Imagens e Matrizes da Tese de Thiago Alves Elias da Silva\Desenvolvimento da Metodologia\DOENTES\270\Segmentadas\PAC_30_DN6-esq.png,4
270,1,Sick,Desenvolvimento da Metodologia,DOENTES,esq,7,PAC_30_DN7-esq.png,C:\Users\LENOVO\OneDrive\medtech project\Imagens e Matrizes da Tese de Thiago Alves Elias da Silva\Desenvolvimento da Metodologia\DOENTES\270\Segmentadas\PAC_30_DN7-esq.png,4
270,1,Sick,Desenvolvimento da Metodologia,DOENTES,esq,8,PAC_30_DN8-esq.png,C:\Users\LENOVO\OneDrive\medtech project\Imagens e Matrizes da Tese de Thiago Alves Elias da Silva\Desenvolvimento da Metodologia\DOENTES\270\Segmentadas\PAC_30_DN8-esq.png,4
270,1,Sick,Desenvolvimento da Metodologia,DOENTES,esq,9,PAC_30_DN9-esq.png,C:\Users\LENOVO\OneDrive\medtech project\Imagens e Matrizes da Tese de Thiago Alves Elias da Silva\Desenvolvimento da Metodologia\DOENTES\270\Segmentadas\PAC_30_DN9-esq.png,4
270,1,Sick,Desenvolvimento da Metodologia,DOENTES,esq,10,PAC_30_DN10-esq.png,C:\Users\LENOVO\OneDrive\medtech project\Imagens e Matrizes da Tese de Thiago Alves Elias da Silva\Desenvolvimento da Metodologia\DOENTES\270\Segmentadas\PAC_30_DN10-esq.png,4
270,1,Sick,Desenvolvimento da Metodologia,DOENTES,esq,11,PAC_30_DN11-esq.png,C:\Users\LENOVO\OneDrive\medtech project\Imagens e Matrizes da Tese de Thiago Alves Elias da Silva\Desenvolvimento da Metodologia\DOENTES\270\Segmentadas\PAC_30_DN11-esq.png,4
270,1,Sick,Desenvolvimento da Metodologia,DOENTES,esq,12,PAC_30_DN12-esq.png,C:\Users\LENOVO\OneDrive\medtech project\Imagens e Matrizes da Tese de Thiago Alves Elias da Silva\Desenvolvimento da Metodologia\DOENTES\270\Segmentadas\PAC_30_DN12-esq.png,4
270,1,Sick,Desenvolvimento da Metodologia,DOENTES,esq,13,PAC_30_DN13-esq.png,C:\Users\LENOVO\OneDrive\medtech project\Imagens e Matrizes da Tese de Thiago Alves Elias da Silva\Desenvolvimento da Metodologia\DOENTES\270\Segmentadas\PAC_30_DN13-esq.png,4
270,1,Sick,Desenvolvimento da Metodologia,DOENTES,esq,14,PAC_30_DN14-esq.png,C:\Users\LENOVO\OneDrive\medtech project\Imagens e Matrizes da Tese de Thiago Alves Elias da Silva\Desenvolvimento da Metodologia\DOENTES\270\Segmentadas\PAC_30_DN14-esq.png,4
270,1,Sick,Desenvolvimento da Metodologia,DOENTES,esq,15,PAC_30_DN15-esq.png,C:\Users\LENOVO\OneDrive\medtech project\Imagens e Matrizes da Tese de Thiago Alves Elias da Silva\Desenvolvimento da Metodologia\DOENTES\270\Segmentadas\PAC_30_DN15-esq.png,4
270,1,Sick,Desenvolvimento da Metodologia,DOENTES,esq,16,PAC_30_DN16-esq.png,C:\Users\LENOVO\OneDrive\medtech project\Imagens e Matrizes da Tese de Thiago Alves Elias da Silva\Desenvolvimento da Metodologia\DOENTES\270\Segmentadas\PAC_30_DN16-esq.png,4
270,1,Sick,Desenvolvimento da Metodologia,DOENTES,esq,17,PAC_30_DN17-esq.png,C:\Users\LENOVO\OneDrive\medtech project\Imagens e Matrizes da Tese de Thiago Alves Elias da Silva\Desenvolvimento da Metodologia\DOENTES\270\Segmentadas\PAC_30_DN17-esq.png,4
270,1,Sick,Desenvolvimento da Metodologia,DOENTES,esq,18,PAC_30_DN18-esq.png,C:\Users\LENOVO\OneDrive\medtech project\Imagens e Matrizes da Tese de Thiago Alves Elias da Silva\Desenvolvimento da Metodologia\DOENTES\270\Segmentadas\PAC_30_DN18-esq.png,4
270,1,Sick,Desenvolvimento da Metodologia,DOENTES,esq,19,PAC_30_DN19-esq.png,C:\Users\LENOVO\OneDrive\medtech project\Imagens e Matrizes da Tese de Thiago Alves Elias da Silva\Desenvolvimento da Metodologia\DOENTES\270\Segmentadas\PAC_30_DN19-esq.png,4
280,1,Sick,12 Novos Casos de Testes,DOENTES,esq,0,PAC_64_DN0-esq.png,C:\Users\LENOVO\OneDrive\medtech project\Imagens e Matrizes da Tese de Thiago Alves Elias da Silva\12 Novos Casos de Testes\DOENTES\280\Segmentadas\PAC_64_DN0-esq.png,4
280,1,Sick,12 Novos Casos de Testes,DOENTES,esq,1,PAC_64_DN1-esq.png,C:\Users\LENOVO\OneDrive\medtech project\Imagens e Matrizes da Tese de Thiago Alves Elias da Silva\12 Novos Casos de Testes\DOENTES\280\Segmentadas\PAC_64_DN1-esq.png,4
280,1,Sick,12 Novos Casos de Testes,DOENTES,esq,2,PAC_64_DN2-esq.png,C:\Users\LENOVO\OneDrive\medtech project\Imagens e Matrizes da Tese de Thiago Alves Elias da Silva\12 Novos Casos de Testes\DOENTES\280\Segmentadas\PAC_64_DN2-esq.png,4
280,1,Sick,12 Novos Casos de Testes,DOENTES,esq,3,PAC_64_DN3-esq.png,C:\Users\LENOVO\OneDrive\medtech project\Imagens e Matrizes da Tese de Thiago Alves Elias da Silva\12 Novos Casos de Testes\DOENTES\280\Segmentadas\PAC_64_DN3-esq.png,4
280,1,Sick,12 Novos Casos de Testes,DOENTES,esq,4,PAC_64_DN4-esq.png,C:\Users\LENOVO\OneDrive\medtech project\Imagens e Matrizes da Tese de Thiago Alves Elias da Silva\12 Novos Casos de Testes\DOENTES\280\Segmentadas\PAC_64_DN4-esq.png,4
280,1,Sick,12 Novos Casos de Testes,DOENTES,esq,5,PAC_64_DN5-esq.png,C:\Users\LENOVO\OneDrive\medtech project\Imagens e Matrizes da Tese de Thiago Alves Elias da Silva\12 Novos Casos de Testes\DOENTES\280\Segmentadas\PAC_64_DN5-esq.png,4
280,1,Sick,12 Novos Casos de Testes,DOENTES,esq,6,PAC_64_DN6-esq.png,C:\Users\LENOVO\OneDrive\medtech project\Imagens e Matrizes da Tese de Thiago Alves Elias da Silva\12 Novos Casos de Testes\DOENTES\280\Segmentadas\PAC_64_DN6-esq.png,4
280,1,Sick,12 Novos Casos de Testes,DOENTES,esq,7,PAC_64_DN7-esq.png,C:\Users\LENOVO\OneDrive\medtech project\Imagens e Matrizes da Tese de Thiago Alves Elias da Silva\12 Novos Casos de Testes\DOENTES\280\Segmentadas\PAC_64_DN7-esq.png,4
280,1,Sick,12 Novos Casos de Testes,DOENTES,esq,8,PAC_64_DN8-esq.png,C:\Users\LENOVO\OneDrive\medtech project\Imagens e Matrizes da Tese de Thiago Alves Elias da Silva\12 Novos Casos de Testes\DOENTES\280\Segmentadas\PAC_64_DN8-esq.png,4
280,1,Sick,12 Novos Casos de Testes,DOENTES,esq,9,PAC_64_DN9-esq.png,C:\Users\LENOVO\OneDrive\medtech project\Imagens e Matrizes da Tese de Thiago Alves Elias da Silva\12 Novos Casos de Testes\DOENTES\280\Segmentadas\PAC_64_DN9-esq.png,4
280,1,Sick,12 Novos Casos de Testes,DOENTES,esq,10,PAC_64_DN10-esq.png,C:\Users\LENOVO\OneDrive\medtech project\Imagens e Matrizes da Tese de Thiago Alves Elias da Silva\12 Novos Casos de Testes\DOENTES\280\Segmentadas\PAC_64_DN10-esq.png,4
280,1,Sick,12 Novos Casos de Testes,DOENTES,esq,11,PAC_64_DN11-esq.png,C:\Users\LENOVO\OneDrive\medtech project\Imagens e Matrizes da Tese de Thiago Alves Elias da Silva\12 Novos Casos de Testes\DOENTES\280\Segmentadas\PAC_64_DN11-esq.png,4
280,1,Sick,12 Novos Casos de Testes,DOENTES,esq,12,PAC_64_DN12-esq.png,C:\Users\LENOVO\OneDrive\medtech project\Imagens e Matrizes da Tese de Thiago Alves Elias da Silva\12 Novos Casos de Testes\DOENTES\280\Segmentadas\PAC_64_DN12-esq.png,4
280,1,Sick,12 Novos Casos de Testes,DOENTES,esq,13,PAC_64_DN13-esq.png,C:\Users\LENOVO\OneDrive\medtech project\Imagens e Matrizes da Tese de Thiago Alves Elias da Silva\12 Novos Casos de Testes\DOENTES\280\Segmentadas\PAC_64_DN13-esq.png,4
280,1,Sick,12 Novos Casos de Testes,DOENTES,esq,14,PAC_64_DN14-esq.png,C:\Users\LENOVO\OneDrive\medtech project\Imagens e Matrizes da Tese de Thiago Alves Elias da Silva\12 Novos Casos de Testes\DOENTES\280\Segmentadas\PAC_64_DN14-esq.png,4
280,1,Sick,12 Novos Casos de Testes,DOENTES,esq,15,PAC_64_DN15-esq.png,C:\Users\LENOVO\OneDrive\medtech project\Imagens e Matrizes da Tese de Thiago Alves Elias da Silva\12 Novos Casos de Testes\DOENTES\280\Segmentadas\PAC_64_DN15-esq.png,4
280,1,Sick,12 Novos Casos de Testes,DOENTES,esq,16,PAC_64_DN16-esq.png,C:\Users\LENOVO\OneDrive\medtech project\Imagens e Matrizes da Tese de Thiago Alves Elias da Silva\12 Novos Casos de Testes\DOENTES\280\Segmentadas\PAC_64_DN16-esq.png,4
280,1,Sick,12 Novos Casos de Testes,DOENTES,esq,17,PAC_64_DN17-esq.png,C:\Users\LENOVO\OneDrive\medtech project\Imagens e Matrizes da Tese de Thiago Alves Elias da Silva\12 Novos Casos de Testes\DOENTES\280\Segmentadas\PAC_64_DN17-esq.png,4
280,1,Sick,12 Novos Casos de Testes,DOENTES,esq,18,PAC_64_DN18-esq.png,C:\Users\LENOVO\OneDrive\medtech project\Imagens e Matrizes da Tese de Thiago Alves Elias da Silva\12 Novos Casos de Testes\DOENTES\280\Segmentadas\PAC_64_DN18-esq.png,4
280,1,Sick,12 Novos Casos de Testes,DOENTES,esq,19,PAC_64_DN19-esq.png,C:\Users\LENOVO\OneDrive\medtech project\Imagens e Matrizes da Tese de Thiago Alves Elias da Silva\12 Novos Casos de Testes\DOENTES\280\Segmentadas\PAC_64_DN19-esq.png,4
550,1,Sick,Desenvolvimento da Metodologia,DOENTES,dir,0,PAC_31_DN0-dir.png,C:\Users\LENOVO\OneDrive\medtech project\Imagens e Matrizes da Tese de Thiago Alves Elias da Silva\Desenvolvimento da Metodologia\DOENTES\550\Segmentadas\PAC_31_DN0-dir.png,4
550,1,Sick,Desenvolvimento da Metodologia,DOENTES,dir,1,PAC_31_DN1-dir.png,C:\Users\LENOVO\OneDrive\medtech project\Imagens e Matrizes da Tese de Thiago Alves Elias da Silva\Desenvolvimento da Metodologia\DOENTES\550\Segmentadas\PAC_31_DN1-dir.png,4
550,1,Sick,Desenvolvimento da Metodologia,DOENTES,dir,2,PAC_31_DN2-dir.png,C:\Users\LENOVO\OneDrive\medtech project\Imagens e Matrizes da Tese de Thiago Alves Elias da Silva\Desenvolvimento da Metodologia\DOENTES\550\Segmentadas\PAC_31_DN2-dir.png,4
550,1,Sick,Desenvolvimento da Metodologia,DOENTES,dir,3,PAC_31_DN3-dir.png,C:\Users\LENOVO\OneDrive\medtech project\Imagens e Matrizes da Tese de Thiago Alves Elias da Silva\Desenvolvimento da Metodologia\DOENTES\550\Segmentadas\PAC_31_DN3-dir.png,4
550,1,Sick,Desenvolvimento da Metodologia,DOENTES,dir,4,PAC_31_DN4-dir.png,C:\Users\LENOVO\OneDrive\medtech project\Imagens e Matrizes da Tese de Thiago Alves Elias da Silva\Desenvolvimento da Metodologia\DOENTES\550\Segmentadas\PAC_31_DN4-dir.png,4
550,1,Sick,Desenvolvimento da Metodologia,DOENTES,dir,5,PAC_31_DN5-dir.png,C:\Users\LENOVO\OneDrive\medtech project\Imagens e Matrizes da Tese de Thiago Alves Elias da Silva\Desenvolvimento da Metodologia\DOENTES\550\Segmentadas\PAC_31_DN5-dir.png,4
550,1,Sick,Desenvolvimento da Metodologia,DOENTES,dir,6,PAC_31_DN6-dir.png,C:\Users\LENOVO\OneDrive\medtech project\Imagens e Matrizes da Tese de Thiago Alves Elias da Silva\Desenvolvimento da Metodologia\DOENTES\550\Segmentadas\PAC_31_DN6-dir.png,4
550,1,Sick,Desenvolvimento da Metodologia,DOENTES,dir,7,PAC_31_DN7-dir.png,C:\Users\LENOVO\OneDrive\medtech project\Imagens e Matrizes da Tese de Thiago Alves Elias da Silva\Desenvolvimento da Metodologia\DOENTES\550\Segmentadas\PAC_31_DN7-dir.png,4
550,1,Sick,Desenvolvimento da Metodologia,DOENTES,dir,8,PAC_31_DN8-dir.png,C:\Users\LENOVO\OneDrive\medtech project\Imagens e Matrizes da Tese de Thiago Alves Elias da Silva\Desenvolvimento da Metodologia\DOENTES\550\Segmentadas\PAC_31_DN8-dir.png,4
550,1,Sick,Desenvolvimento da Metodologia,DOENTES,dir,9,PAC_31_DN9-dir.png,C:\Users\LENOVO\OneDrive\medtech project\Imagens e Matrizes da Tese de Thiago Alves Elias da Silva\Desenvolvimento da Metodologia\DOENTES\550\Segmentadas\PAC_31_DN9-dir.png,4
550,1,Sick,Desenvolvimento da Metodologia,DOENTES,dir,10,PAC_31_DN10-dir.png,C:\Users\LENOVO\OneDrive\medtech project\Imagens e Matrizes da Tese de Thiago Alves Elias da Silva\Desenvolvimento da Metodologia\DOENTES\550\Segmentadas\PAC_31_DN10-dir.png,4
550,1,Sick,Desenvolvimento da Metodologia,DOENTES,dir,11,PAC_31_DN11-dir.png,C:\Users\LENOVO\OneDrive\medtech project\Imagens e Matrizes da Tese de Thiago Alves Elias da Silva\Desenvolvimento da Metodologia\DOENTES\550\Segmentadas\PAC_31_DN11-dir.png,4
550,1,Sick,Desenvolvimento da Metodologia,DOENTES,dir,12,PAC_31_DN12-dir.png,C:\Users\LENOVO\OneDrive\medtech project\Imagens e Matrizes da Tese de Thiago Alves Elias da Silva\Desenvolvimento da Metodologia\DOENTES\550\Segmentadas\PAC_31_DN12-dir.png,4
550,1,Sick,Desenvolvimento da Metodologia,DOENTES,dir,13,PAC_31_DN13-dir.png,C:\Users\LENOVO\OneDrive\medtech project\Imagens e Matrizes da Tese de Thiago Alves Elias da Silva\Desenvolvimento da Metodologia\DOENTES\550\Segmentadas\PAC_31_DN13-dir.png,4
550,1,Sick,Desenvolvimento da Metodologia,DOENTES,dir,14,PAC_31_DN14-dir.png,C:\Users\LENOVO\OneDrive\medtech project\Imagens e Matrizes da Tese de Thiago Alves Elias da Silva\Desenvolvimento da Metodologia\DOENTES\550\Segmentadas\PAC_31_DN14-dir.png,4
550,1,Sick,Desenvolvimento da Metodologia,DOENTES,dir,15,PAC_31_DN15-dir.png,C:\Users\LENOVO\OneDrive\medtech project\Imagens e Matrizes da Tese de Thiago Alves Elias da Silva\Desenvolvimento da Metodologia\DOENTES\550\Segmentadas\PAC_31_DN15-dir.png,4
550,1,Sick,Desenvolvimento da Metodologia,DOENTES,dir,16,PAC_31_DN16-dir.png,C:\Users\LENOVO\OneDrive\medtech project\Imagens e Matrizes da Tese de Thiago Alves Elias da Silva\Desenvolvimento da Metodologia\DOENTES\550\Segmentadas\PAC_31_DN16-dir.png,4
550,1,Sick,Desenvolvimento da Metodologia,DOENTES,dir,17,PAC_31_DN17-dir.png,C:\Users\LENOVO\OneDrive\medtech project\Imagens e Matrizes da Tese de Thiago Alves Elias da Silva\Desenvolvimento da Metodologia\DOENTES\550\Segmentadas\PAC_31_DN17-dir.png,4
550,1,Sick,Desenvolvimento da Metodologia,DOENTES,dir,18,PAC_31_DN18-dir.png,C:\Users\LENOVO\OneDrive\medtech project\Imagens e Matrizes da Tese de Thiago Alves Elias da Silva\Desenvolvimento da Metodologia\DOENTES\550\Segmentadas\PAC_31_DN18-dir.png,4
550,1,Sick,Desenvolvimento da Metodologia,DOENTES,dir,19,PAC_31_DN19-dir.png,C:\Users\LENOVO\OneDrive\medtech project\Imagens e Matrizes da Tese de Thiago Alves Elias da Silva\Desenvolvimento da Metodologia\DOENTES\550\Segmentadas\PAC_31_DN19-dir.png,4
226,0,Healthy,Desenvolvimento da Metodologia,SAUDAΓòá├╝VEIS,dir,0,PAC_37_DN0-dir.png,C:\Users\LENOVO\OneDrive\medtech project\Imagens e Matrizes da Tese de Thiago Alves Elias da Silva\Desenvolvimento da Metodologia\SAUDAΓòá├╝VEIS\226\Segmentadas\PAC_37_DN0-dir.png,5
226,0,Healthy,Desenvolvimento da Metodologia,SAUDAΓòá├╝VEIS,dir,1,PAC_37_DN1-dir.png,C:\Users\LENOVO\OneDrive\medtech project\Imagens e Matrizes da Tese de Thiago Alves Elias da Silva\Desenvolvimento da Metodologia\SAUDAΓòá├╝VEIS\226\Segmentadas\PAC_37_DN1-dir.png,5
226,0,Healthy,Desenvolvimento da Metodologia,SAUDAΓòá├╝VEIS,dir,2,PAC_37_DN2-dir.png,C:\Users\LENOVO\OneDrive\medtech project\Imagens e Matrizes da Tese de Thiago Alves Elias da Silva\Desenvolvimento da Metodologia\SAUDAΓòá├╝VEIS\226\Segmentadas\PAC_37_DN2-dir.png,5
226,0,Healthy,Desenvolvimento da Metodologia,SAUDAΓòá├╝VEIS,dir,3,PAC_37_DN3-dir.png,C:\Users\LENOVO\OneDrive\medtech project\Imagens e Matrizes da Tese de Thiago Alves Elias da Silva\Desenvolvimento da Metodologia\SAUDAΓòá├╝VEIS\226\Segmentadas\PAC_37_DN3-dir.png,5
226,0,Healthy,Desenvolvimento da Metodologia,SAUDAΓòá├╝VEIS,dir,4,PAC_37_DN4-dir.png,C:\Users\LENOVO\OneDrive\medtech project\Imagens e Matrizes da Tese de Thiago Alves Elias da Silva\Desenvolvimento da Metodologia\SAUDAΓòá├╝VEIS\226\Segmentadas\PAC_37_DN4-dir.png,5
226,0,Healthy,Desenvolvimento da Metodologia,SAUDAΓòá├╝VEIS,dir,5,PAC_37_DN5-dir.png,C:\Users\LENOVO\OneDrive\medtech project\Imagens e Matrizes da Tese de Thiago Alves Elias da Silva\Desenvolvimento da Metodologia\SAUDAΓòá├╝VEIS\226\Segmentadas\PAC_37_DN5-dir.png,5
226,0,Healthy,Desenvolvimento da Metodologia,SAUDAΓòá├╝VEIS,dir,6,PAC_37_DN6-dir.png,C:\Users\LENOVO\OneDrive\medtech project\Imagens e Matrizes da Tese de Thiago Alves Elias da Silva\Desenvolvimento da Metodologia\SAUDAΓòá├╝VEIS\226\Segmentadas\PAC_37_DN6-dir.png,5
226,0,Healthy,Desenvolvimento da Metodologia,SAUDAΓòá├╝VEIS,dir,7,PAC_37_DN7-dir.png,C:\Users\LENOVO\OneDrive\medtech project\Imagens e Matrizes da Tese de Thiago Alves Elias da Silva\Desenvolvimento da Metodologia\SAUDAΓòá├╝VEIS\226\Segmentadas\PAC_37_DN7-dir.png,5
226,0,Healthy,Desenvolvimento da Metodologia,SAUDAΓòá├╝VEIS,dir,8,PAC_37_DN8-dir.png,C:\Users\LENOVO\OneDrive\medtech project\Imagens e Matrizes da Tese de Thiago Alves Elias da Silva\Desenvolvimento da Metodologia\SAUDAΓòá├╝VEIS\226\Segmentadas\PAC_37_DN8-dir.png,5
226,0,Healthy,Desenvolvimento da Metodologia,SAUDAΓòá├╝VEIS,dir,9,PAC_37_DN9-dir.png,C:\Users\LENOVO\OneDrive\medtech project\Imagens e Matrizes da Tese de Thiago Alves Elias da Silva\Desenvolvimento da Metodologia\SAUDAΓòá├╝VEIS\226\Segmentadas\PAC_37_DN9-dir.png,5
226,0,Healthy,Desenvolvimento da Metodologia,SAUDAΓòá├╝VEIS,dir,10,PAC_37_DN10-dir.png,C:\Users\LENOVO\OneDrive\medtech project\Imagens e Matrizes da Tese de Thiago Alves Elias da Silva\Desenvolvimento da Metodologia\SAUDAΓòá├╝VEIS\226\Segmentadas\PAC_37_DN10-dir.png,5
226,0,Healthy,Desenvolvimento da Metodologia,SAUDAΓòá├╝VEIS,dir,11,PAC_37_DN11-dir.png,C:\Users\LENOVO\OneDrive\medtech project\Imagens e Matrizes da Tese de Thiago Alves Elias da Silva\Desenvolvimento da Metodologia\SAUDAΓòá├╝VEIS\226\Segmentadas\PAC_37_DN11-dir.png,5
226,0,Healthy,Desenvolvimento da Metodologia,SAUDAΓòá├╝VEIS,dir,12,PAC_37_DN12-dir.png,C:\Users\LENOVO\OneDrive\medtech project\Imagens e Matrizes da Tese de Thiago Alves Elias da Silva\Desenvolvimento da Metodologia\SAUDAΓòá├╝VEIS\226\Segmentadas\PAC_37_DN12-dir.png,5
226,0,Healthy,Desenvolvimento da Metodologia,SAUDAΓòá├╝VEIS,dir,13,PAC_37_DN13-dir.png,C:\Users\LENOVO\OneDrive\medtech project\Imagens e Matrizes da Tese de Thiago Alves Elias da Silva\Desenvolvimento da Metodologia\SAUDAΓòá├╝VEIS\226\Segmentadas\PAC_37_DN13-dir.png,5
226,0,Healthy,Desenvolvimento da Metodologia,SAUDAΓòá├╝VEIS,dir,14,PAC_37_DN14-dir.png,C:\Users\LENOVO\OneDrive\medtech project\Imagens e Matrizes da Tese de Thiago Alves Elias da Silva\Desenvolvimento da Metodologia\SAUDAΓòá├╝VEIS\226\Segmentadas\PAC_37_DN14-dir.png,5
226,0,Healthy,Desenvolvimento da Metodologia,SAUDAΓòá├╝VEIS,dir,15,PAC_37_DN15-dir.png,C:\Users\LENOVO\OneDrive\medtech project\Imagens e Matrizes da Tese de Thiago Alves Elias da Silva\Desenvolvimento da Metodologia\SAUDAΓòá├╝VEIS\226\Segmentadas\PAC_37_DN15-dir.png,5
226,0,Healthy,Desenvolvimento da Metodologia,SAUDAΓòá├╝VEIS,dir,16,PAC_37_DN16-dir.png,C:\Users\LENOVO\OneDrive\medtech project\Imagens e Matrizes da Tese de Thiago Alves Elias da Silva\Desenvolvimento da Metodologia\SAUDAΓòá├╝VEIS\226\Segmentadas\PAC_37_DN16-dir.png,5
226,0,Healthy,Desenvolvimento da Metodologia,SAUDAΓòá├╝VEIS,dir,17,PAC_37_DN17-dir.png,C:\Users\LENOVO\OneDrive\medtech project\Imagens e Matrizes da Tese de Thiago Alves Elias da Silva\Desenvolvimento da Metodologia\SAUDAΓòá├╝VEIS\226\Segmentadas\PAC_37_DN17-dir.png,5
226,0,Healthy,Desenvolvimento da Metodologia,SAUDAΓòá├╝VEIS,dir,18,PAC_37_DN18-dir.png,C:\Users\LENOVO\OneDrive\medtech project\Imagens e Matrizes da Tese de Thiago Alves Elias da Silva\Desenvolvimento da Metodologia\SAUDAΓòá├╝VEIS\226\Segmentadas\PAC_37_DN18-dir.png,5
226,0,Healthy,Desenvolvimento da Metodologia,SAUDAΓòá├╝VEIS,dir,19,PAC_37_DN19-dir.png,C:\Users\LENOVO\OneDrive\medtech project\Imagens e Matrizes da Tese de Thiago Alves Elias da Silva\Desenvolvimento da Metodologia\SAUDAΓòá├╝VEIS\226\Segmentadas\PAC_37_DN19-dir.png,5
850,0,Healthy,Desenvolvimento da Metodologia,SAUDAΓòá├╝VEIS,dir,0,PAC_41_DN0-dir.png,C:\Users\LENOVO\OneDrive\medtech project\Imagens e Matrizes da Tese de Thiago Alves Elias da Silva\Desenvolvimento da Metodologia\SAUDAΓòá├╝VEIS\850\Segmentadas\PAC_41_DN0-dir.png,5
850,0,Healthy,Desenvolvimento da Metodologia,SAUDAΓòá├╝VEIS,dir,1,PAC_41_DN1-dir.png,C:\Users\LENOVO\OneDrive\medtech project\Imagens e Matrizes da Tese de Thiago Alves Elias da Silva\Desenvolvimento da Metodologia\SAUDAΓòá├╝VEIS\850\Segmentadas\PAC_41_DN1-dir.png,5
850,0,Healthy,Desenvolvimento da Metodologia,SAUDAΓòá├╝VEIS,dir,2,PAC_41_DN2-dir.png,C:\Users\LENOVO\OneDrive\medtech project\Imagens e Matrizes da Tese de Thiago Alves Elias da Silva\Desenvolvimento da Metodologia\SAUDAΓòá├╝VEIS\850\Segmentadas\PAC_41_DN2-dir.png,5
850,0,Healthy,Desenvolvimento da Metodologia,SAUDAΓòá├╝VEIS,dir,3,PAC_41_DN3-dir.png,C:\Users\LENOVO\OneDrive\medtech project\Imagens e Matrizes da Tese de Thiago Alves Elias da Silva\Desenvolvimento da Metodologia\SAUDAΓòá├╝VEIS\850\Segmentadas\PAC_41_DN3-dir.png,5
850,0,Healthy,Desenvolvimento da Metodologia,SAUDAΓòá├╝VEIS,dir,4,PAC_41_DN4-dir.png,C:\Users\LENOVO\OneDrive\medtech project\Imagens e Matrizes da Tese de Thiago Alves Elias da Silva\Desenvolvimento da Metodologia\SAUDAΓòá├╝VEIS\850\Segmentadas\PAC_41_DN4-dir.png,5
850,0,Healthy,Desenvolvimento da Metodologia,SAUDAΓòá├╝VEIS,dir,5,PAC_41_DN5-dir.png,C:\Users\LENOVO\OneDrive\medtech project\Imagens e Matrizes da Tese de Thiago Alves Elias da Silva\Desenvolvimento da Metodologia\SAUDAΓòá├╝VEIS\850\Segmentadas\PAC_41_DN5-dir.png,5
850,0,Healthy,Desenvolvimento da Metodologia,SAUDAΓòá├╝VEIS,dir,6,PAC_41_DN6-dir.png,C:\Users\LENOVO\OneDrive\medtech project\Imagens e Matrizes da Tese de Thiago Alves Elias da Silva\Desenvolvimento da Metodologia\SAUDAΓòá├╝VEIS\850\Segmentadas\PAC_41_DN6-dir.png,5
850,0,Healthy,Desenvolvimento da Metodologia,SAUDAΓòá├╝VEIS,dir,7,PAC_41_DN7-dir.png,C:\Users\LENOVO\OneDrive\medtech project\Imagens e Matrizes da Tese de Thiago Alves Elias da Silva\Desenvolvimento da Metodologia\SAUDAΓòá├╝VEIS\850\Segmentadas\PAC_41_DN7-dir.png,5
850,0,Healthy,Desenvolvimento da Metodologia,SAUDAΓòá├╝VEIS,dir,8,PAC_41_DN8-dir.png,C:\Users\LENOVO\OneDrive\medtech project\Imagens e Matrizes da Tese de Thiago Alves Elias da Silva\Desenvolvimento da Metodologia\SAUDAΓòá├╝VEIS\850\Segmentadas\PAC_41_DN8-dir.png,5
850,0,Healthy,Desenvolvimento da Metodologia,SAUDAΓòá├╝VEIS,dir,9,PAC_41_DN9-dir.png,C:\Users\LENOVO\OneDrive\medtech project\Imagens e Matrizes da Tese de Thiago Alves Elias da Silva\Desenvolvimento da Metodologia\SAUDAΓòá├╝VEIS\850\Segmentadas\PAC_41_DN9-dir.png,5
850,0,Healthy,Desenvolvimento da Metodologia,SAUDAΓòá├╝VEIS,dir,10,PAC_41_DN10-dir.png,C:\Users\LENOVO\OneDrive\medtech project\Imagens e Matrizes da Tese de Thiago Alves Elias da Silva\Desenvolvimento da Metodologia\SAUDAΓòá├╝VEIS\850\Segmentadas\PAC_41_DN10-dir.png,5
850,0,Healthy,Desenvolvimento da Metodologia,SAUDAΓòá├╝VEIS,dir,11,PAC_41_DN11-dir.png,C:\Users\LENOVO\OneDrive\medtech project\Imagens e Matrizes da Tese de Thiago Alves Elias da Silva\Desenvolvimento da Metodologia\SAUDAΓòá├╝VEIS\850\Segmentadas\PAC_41_DN11-dir.png,5
850,0,Healthy,Desenvolvimento da Metodologia,SAUDAΓòá├╝VEIS,dir,12,PAC_41_DN12-dir.png,C:\Users\LENOVO\OneDrive\medtech project\Imagens e Matrizes da Tese de Thiago Alves Elias da Silva\Desenvolvimento da Metodologia\SAUDAΓòá├╝VEIS\850\Segmentadas\PAC_41_DN12-dir.png,5
850,0,Healthy,Desenvolvimento da Metodologia,SAUDAΓòá├╝VEIS,dir,13,PAC_41_DN13-dir.png,C:\Users\LENOVO\OneDrive\medtech project\Imagens e Matrizes da Tese de Thiago Alves Elias da Silva\Desenvolvimento da Metodologia\SAUDAΓòá├╝VEIS\850\Segmentadas\PAC_41_DN13-dir.png,5
850,0,Healthy,Desenvolvimento da Metodologia,SAUDAΓòá├╝VEIS,dir,14,PAC_41_DN14-dir.png,C:\Users\LENOVO\OneDrive\medtech project\Imagens e Matrizes da Tese de Thiago Alves Elias da Silva\Desenvolvimento da Metodologia\SAUDAΓòá├╝VEIS\850\Segmentadas\PAC_41_DN14-dir.png,5
850,0,Healthy,Desenvolvimento da Metodologia,SAUDAΓòá├╝VEIS,dir,15,PAC_41_DN15-dir.png,C:\Users\LENOVO\OneDrive\medtech project\Imagens e Matrizes da Tese de Thiago Alves Elias da Silva\Desenvolvimento da Metodologia\SAUDAΓòá├╝VEIS\850\Segmentadas\PAC_41_DN15-dir.png,5
850,0,Healthy,Desenvolvimento da Metodologia,SAUDAΓòá├╝VEIS,dir,16,PAC_41_DN16-dir.png,C:\Users\LENOVO\OneDrive\medtech project\Imagens e Matrizes da Tese de Thiago Alves Elias da Silva\Desenvolvimento da Metodologia\SAUDAΓòá├╝VEIS\850\Segmentadas\PAC_41_DN16-dir.png,5
850,0,Healthy,Desenvolvimento da Metodologia,SAUDAΓòá├╝VEIS,dir,17,PAC_41_DN17-dir.png,C:\Users\LENOVO\OneDrive\medtech project\Imagens e Matrizes da Tese de Thiago Alves Elias da Silva\Desenvolvimento da Metodologia\SAUDAΓòá├╝VEIS\850\Segmentadas\PAC_41_DN17-dir.png,5
850,0,Healthy,Desenvolvimento da Metodologia,SAUDAΓòá├╝VEIS,dir,18,PAC_41_DN18-dir.png,C:\Users\LENOVO\OneDrive\medtech project\Imagens e Matrizes da Tese de Thiago Alves Elias da Silva\Desenvolvimento da Metodologia\SAUDAΓòá├╝VEIS\850\Segmentadas\PAC_41_DN18-dir.png,5
850,0,Healthy,Desenvolvimento da Metodologia,SAUDAΓòá├╝VEIS,dir,19,PAC_41_DN19-dir.png,C:\Users\LENOVO\OneDrive\medtech project\Imagens e Matrizes da Tese de Thiago Alves Elias da Silva\Desenvolvimento da Metodologia\SAUDAΓòá├╝VEIS\850\Segmentadas\PAC_41_DN19-dir.png,5
950,0,Healthy,Desenvolvimento da Metodologia,SAUDAΓòá├╝VEIS,dir,0,PAC_34_DN0-dir.png,C:\Users\LENOVO\OneDrive\medtech project\Imagens e Matrizes da Tese de Thiago Alves Elias da Silva\Desenvolvimento da Metodologia\SAUDAΓòá├╝VEIS\950\Segmentadas\PAC_34_DN0-dir.png,5
950,0,Healthy,Desenvolvimento da Metodologia,SAUDAΓòá├╝VEIS,dir,1,PAC_34_DN1-dir.png,C:\Users\LENOVO\OneDrive\medtech project\Imagens e Matrizes da Tese de Thiago Alves Elias da Silva\Desenvolvimento da Metodologia\SAUDAΓòá├╝VEIS\950\Segmentadas\PAC_34_DN1-dir.png,5
950,0,Healthy,Desenvolvimento da Metodologia,SAUDAΓòá├╝VEIS,dir,2,PAC_34_DN2-dir.png,C:\Users\LENOVO\OneDrive\medtech project\Imagens e Matrizes da Tese de Thiago Alves Elias da Silva\Desenvolvimento da Metodologia\SAUDAΓòá├╝VEIS\950\Segmentadas\PAC_34_DN2-dir.png,5
950,0,Healthy,Desenvolvimento da Metodologia,SAUDAΓòá├╝VEIS,dir,3,PAC_34_DN3-dir.png,C:\Users\LENOVO\OneDrive\medtech project\Imagens e Matrizes da Tese de Thiago Alves Elias da Silva\Desenvolvimento da Metodologia\SAUDAΓòá├╝VEIS\950\Segmentadas\PAC_34_DN3-dir.png,5
950,0,Healthy,Desenvolvimento da Metodologia,SAUDAΓòá├╝VEIS,dir,4,PAC_34_DN4-dir.png,C:\Users\LENOVO\OneDrive\medtech project\Imagens e Matrizes da Tese de Thiago Alves Elias da Silva\Desenvolvimento da Metodologia\SAUDAΓòá├╝VEIS\950\Segmentadas\PAC_34_DN4-dir.png,5
950,0,Healthy,Desenvolvimento da Metodologia,SAUDAΓòá├╝VEIS,dir,5,PAC_34_DN5-dir.png,C:\Users\LENOVO\OneDrive\medtech project\Imagens e Matrizes da Tese de Thiago Alves Elias da Silva\Desenvolvimento da Metodologia\SAUDAΓòá├╝VEIS\950\Segmentadas\PAC_34_DN5-dir.png,5
950,0,Healthy,Desenvolvimento da Metodologia,SAUDAΓòá├╝VEIS,dir,6,PAC_34_DN6-dir.png,C:\Users\LENOVO\OneDrive\medtech project\Imagens e Matrizes da Tese de Thiago Alves Elias da Silva\Desenvolvimento da Metodologia\SAUDAΓòá├╝VEIS\950\Segmentadas\PAC_34_DN6-dir.png,5
950,0,Healthy,Desenvolvimento da Metodologia,SAUDAΓòá├╝VEIS,dir,7,PAC_34_DN7-dir.png,C:\Users\LENOVO\OneDrive\medtech project\Imagens e Matrizes da Tese de Thiago Alves Elias da Silva\Desenvolvimento da Metodologia\SAUDAΓòá├╝VEIS\950\Segmentadas\PAC_34_DN7-dir.png,5
950,0,Healthy,Desenvolvimento da Metodologia,SAUDAΓòá├╝VEIS,dir,8,PAC_34_DN8-dir.png,C:\Users\LENOVO\OneDrive\medtech project\Imagens e Matrizes da Tese de Thiago Alves Elias da Silva\Desenvolvimento da Metodologia\SAUDAΓòá├╝VEIS\950\Segmentadas\PAC_34_DN8-dir.png,5
950,0,Healthy,Desenvolvimento da Metodologia,SAUDAΓòá├╝VEIS,dir,9,PAC_34_DN9-dir.png,C:\Users\LENOVO\OneDrive\medtech project\Imagens e Matrizes da Tese de Thiago Alves Elias da Silva\Desenvolvimento da Metodologia\SAUDAΓòá├╝VEIS\950\Segmentadas\PAC_34_DN9-dir.png,5
950,0,Healthy,Desenvolvimento da Metodologia,SAUDAΓòá├╝VEIS,dir,10,PAC_34_DN10-dir.png,C:\Users\LENOVO\OneDrive\medtech project\Imagens e Matrizes da Tese de Thiago Alves Elias da Silva\Desenvolvimento da Metodologia\SAUDAΓòá├╝VEIS\950\Segmentadas\PAC_34_DN10-dir.png,5
950,0,Healthy,Desenvolvimento da Metodologia,SAUDAΓòá├╝VEIS,dir,11,PAC_34_DN11-dir.png,C:\Users\LENOVO\OneDrive\medtech project\Imagens e Matrizes da Tese de Thiago Alves Elias da Silva\Desenvolvimento da Metodologia\SAUDAΓòá├╝VEIS\950\Segmentadas\PAC_34_DN11-dir.png,5
950,0,Healthy,Desenvolvimento da Metodologia,SAUDAΓòá├╝VEIS,dir,12,PAC_34_DN12-dir.png,C:\Users\LENOVO\OneDrive\medtech project\Imagens e Matrizes da Tese de Thiago Alves Elias da Silva\Desenvolvimento da Metodologia\SAUDAΓòá├╝VEIS\950\Segmentadas\PAC_34_DN12-dir.png,5
950,0,Healthy,Desenvolvimento da Metodologia,SAUDAΓòá├╝VEIS,dir,13,PAC_34_DN13-dir.png,C:\Users\LENOVO\OneDrive\medtech project\Imagens e Matrizes da Tese de Thiago Alves Elias da Silva\Desenvolvimento da Metodologia\SAUDAΓòá├╝VEIS\950\Segmentadas\PAC_34_DN13-dir.png,5
950,0,Healthy,Desenvolvimento da Metodologia,SAUDAΓòá├╝VEIS,dir,14,PAC_34_DN14-dir.png,C:\Users\LENOVO\OneDrive\medtech project\Imagens e Matrizes da Tese de Thiago Alves Elias da Silva\Desenvolvimento da Metodologia\SAUDAΓòá├╝VEIS\950\Segmentadas\PAC_34_DN14-dir.png,5
950,0,Healthy,Desenvolvimento da Metodologia,SAUDAΓòá├╝VEIS,dir,15,PAC_34_DN15-dir.png,C:\Users\LENOVO\OneDrive\medtech project\Imagens e Matrizes da Tese de Thiago Alves Elias da Silva\Desenvolvimento da Metodologia\SAUDAΓòá├╝VEIS\950\Segmentadas\PAC_34_DN15-dir.png,5
950,0,Healthy,Desenvolvimento da Metodologia,SAUDAΓòá├╝VEIS,dir,16,PAC_34_DN16-dir.png,C:\Users\LENOVO\OneDrive\medtech project\Imagens e Matrizes da Tese de Thiago Alves Elias da Silva\Desenvolvimento da Metodologia\SAUDAΓòá├╝VEIS\950\Segmentadas\PAC_34_DN16-dir.png,5
950,0,Healthy,Desenvolvimento da Metodologia,SAUDAΓòá├╝VEIS,dir,17,PAC_34_DN17-dir.png,C:\Users\LENOVO\OneDrive\medtech project\Imagens e Matrizes da Tese de Thiago Alves Elias da Silva\Desenvolvimento da Metodologia\SAUDAΓòá├╝VEIS\950\Segmentadas\PAC_34_DN17-dir.png,5
950,0,Healthy,Desenvolvimento da Metodologia,SAUDAΓòá├╝VEIS,dir,18,PAC_34_DN18-dir.png,C:\Users\LENOVO\OneDrive\medtech project\Imagens e Matrizes da Tese de Thiago Alves Elias da Silva\Desenvolvimento da Metodologia\SAUDAΓòá├╝VEIS\950\Segmentadas\PAC_34_DN18-dir.png,5
950,0,Healthy,Desenvolvimento da Metodologia,SAUDAΓòá├╝VEIS,dir,19,PAC_34_DN19-dir.png,C:\Users\LENOVO\OneDrive\medtech project\Imagens e Matrizes da Tese de Thiago Alves Elias da Silva\Desenvolvimento da Metodologia\SAUDAΓòá├╝VEIS\950\Segmentadas\PAC_34_DN19-dir.png,5
181,1,Sick,Desenvolvimento da Metodologia,DOENTES,dir,0,PAC_02_DN0-dir.png,C:\Users\LENOVO\OneDrive\medtech project\Imagens e Matrizes da Tese de Thiago Alves Elias da Silva\Desenvolvimento da Metodologia\DOENTES\181\Segmentadas\PAC_02_DN0-dir.png,5
181,1,Sick,Desenvolvimento da Metodologia,DOENTES,dir,1,PAC_02_DN1-dir.png,C:\Users\LENOVO\OneDrive\medtech project\Imagens e Matrizes da Tese de Thiago Alves Elias da Silva\Desenvolvimento da Metodologia\DOENTES\181\Segmentadas\PAC_02_DN1-dir.png,5
181,1,Sick,Desenvolvimento da Metodologia,DOENTES,dir,2,PAC_02_DN2-dir.png,C:\Users\LENOVO\OneDrive\medtech project\Imagens e Matrizes da Tese de Thiago Alves Elias da Silva\Desenvolvimento da Metodologia\DOENTES\181\Segmentadas\PAC_02_DN2-dir.png,5
181,1,Sick,Desenvolvimento da Metodologia,DOENTES,dir,3,PAC_02_DN3-dir.png,C:\Users\LENOVO\OneDrive\medtech project\Imagens e Matrizes da Tese de Thiago Alves Elias da Silva\Desenvolvimento da Metodologia\DOENTES\181\Segmentadas\PAC_02_DN3-dir.png,5
181,1,Sick,Desenvolvimento da Metodologia,DOENTES,dir,4,PAC_02_DN4-dir.png,C:\Users\LENOVO\OneDrive\medtech project\Imagens e Matrizes da Tese de Thiago Alves Elias da Silva\Desenvolvimento da Metodologia\DOENTES\181\Segmentadas\PAC_02_DN4-dir.png,5
181,1,Sick,Desenvolvimento da Metodologia,DOENTES,dir,5,PAC_02_DN5-dir.png,C:\Users\LENOVO\OneDrive\medtech project\Imagens e Matrizes da Tese de Thiago Alves Elias da Silva\Desenvolvimento da Metodologia\DOENTES\181\Segmentadas\PAC_02_DN5-dir.png,5
181,1,Sick,Desenvolvimento da Metodologia,DOENTES,dir,6,PAC_02_DN6-dir.png,C:\Users\LENOVO\OneDrive\medtech project\Imagens e Matrizes da Tese de Thiago Alves Elias da Silva\Desenvolvimento da Metodologia\DOENTES\181\Segmentadas\PAC_02_DN6-dir.png,5
181,1,Sick,Desenvolvimento da Metodologia,DOENTES,dir,7,PAC_02_DN7-dir.png,C:\Users\LENOVO\OneDrive\medtech project\Imagens e Matrizes da Tese de Thiago Alves Elias da Silva\Desenvolvimento da Metodologia\DOENTES\181\Segmentadas\PAC_02_DN7-dir.png,5
181,1,Sick,Desenvolvimento da Metodologia,DOENTES,dir,8,PAC_02_DN8-dir.png,C:\Users\LENOVO\OneDrive\medtech project\Imagens e Matrizes da Tese de Thiago Alves Elias da Silva\Desenvolvimento da Metodologia\DOENTES\181\Segmentadas\PAC_02_DN8-dir.png,5
181,1,Sick,Desenvolvimento da Metodologia,DOENTES,dir,9,PAC_02_DN9-dir.png,C:\Users\LENOVO\OneDrive\medtech project\Imagens e Matrizes da Tese de Thiago Alves Elias da Silva\Desenvolvimento da Metodologia\DOENTES\181\Segmentadas\PAC_02_DN9-dir.png,5
181,1,Sick,Desenvolvimento da Metodologia,DOENTES,dir,10,PAC_02_DN10-dir.png,C:\Users\LENOVO\OneDrive\medtech project\Imagens e Matrizes da Tese de Thiago Alves Elias da Silva\Desenvolvimento da Metodologia\DOENTES\181\Segmentadas\PAC_02_DN10-dir.png,5
181,1,Sick,Desenvolvimento da Metodologia,DOENTES,dir,11,PAC_02_DN11-dir.png,C:\Users\LENOVO\OneDrive\medtech project\Imagens e Matrizes da Tese de Thiago Alves Elias da Silva\Desenvolvimento da Metodologia\DOENTES\181\Segmentadas\PAC_02_DN11-dir.png,5
181,1,Sick,Desenvolvimento da Metodologia,DOENTES,dir,12,PAC_02_DN12-dir.png,C:\Users\LENOVO\OneDrive\medtech project\Imagens e Matrizes da Tese de Thiago Alves Elias da Silva\Desenvolvimento da Metodologia\DOENTES\181\Segmentadas\PAC_02_DN12-dir.png,5
181,1,Sick,Desenvolvimento da Metodologia,DOENTES,dir,13,PAC_02_DN13-dir.png,C:\Users\LENOVO\OneDrive\medtech project\Imagens e Matrizes da Tese de Thiago Alves Elias da Silva\Desenvolvimento da Metodologia\DOENTES\181\Segmentadas\PAC_02_DN13-dir.png,5
181,1,Sick,Desenvolvimento da Metodologia,DOENTES,dir,14,PAC_02_DN14-dir.png,C:\Users\LENOVO\OneDrive\medtech project\Imagens e Matrizes da Tese de Thiago Alves Elias da Silva\Desenvolvimento da Metodologia\DOENTES\181\Segmentadas\PAC_02_DN14-dir.png,5
181,1,Sick,Desenvolvimento da Metodologia,DOENTES,dir,15,PAC_02_DN15-dir.png,C:\Users\LENOVO\OneDrive\medtech project\Imagens e Matrizes da Tese de Thiago Alves Elias da Silva\Desenvolvimento da Metodologia\DOENTES\181\Segmentadas\PAC_02_DN15-dir.png,5
181,1,Sick,Desenvolvimento da Metodologia,DOENTES,dir,16,PAC_02_DN16-dir.png,C:\Users\LENOVO\OneDrive\medtech project\Imagens e Matrizes da Tese de Thiago Alves Elias da Silva\Desenvolvimento da Metodologia\DOENTES\181\Segmentadas\PAC_02_DN16-dir.png,5
181,1,Sick,Desenvolvimento da Metodologia,DOENTES,dir,17,PAC_02_DN17-dir.png,C:\Users\LENOVO\OneDrive\medtech project\Imagens e Matrizes da Tese de Thiago Alves Elias da Silva\Desenvolvimento da Metodologia\DOENTES\181\Segmentadas\PAC_02_DN17-dir.png,5
181,1,Sick,Desenvolvimento da Metodologia,DOENTES,dir,18,PAC_02_DN18-dir.png,C:\Users\LENOVO\OneDrive\medtech project\Imagens e Matrizes da Tese de Thiago Alves Elias da Silva\Desenvolvimento da Metodologia\DOENTES\181\Segmentadas\PAC_02_DN18-dir.png,5
181,1,Sick,Desenvolvimento da Metodologia,DOENTES,dir,19,PAC_02_DN19-dir.png,C:\Users\LENOVO\OneDrive\medtech project\Imagens e Matrizes da Tese de Thiago Alves Elias da Silva\Desenvolvimento da Metodologia\DOENTES\181\Segmentadas\PAC_02_DN19-dir.png,5
192,1,Sick,Desenvolvimento da Metodologia,DOENTES,esq,0,PAC_03_DN0-esq.png,C:\Users\LENOVO\OneDrive\medtech project\Imagens e Matrizes da Tese de Thiago Alves Elias da Silva\Desenvolvimento da Metodologia\DOENTES\192\Segmentadas\PAC_03_DN0-esq.png,5
192,1,Sick,Desenvolvimento da Metodologia,DOENTES,esq,1,PAC_03_DN1-esq.png,C:\Users\LENOVO\OneDrive\medtech project\Imagens e Matrizes da Tese de Thiago Alves Elias da Silva\Desenvolvimento da Metodologia\DOENTES\192\Segmentadas\PAC_03_DN1-esq.png,5
192,1,Sick,Desenvolvimento da Metodologia,DOENTES,esq,2,PAC_03_DN2-esq.png,C:\Users\LENOVO\OneDrive\medtech project\Imagens e Matrizes da Tese de Thiago Alves Elias da Silva\Desenvolvimento da Metodologia\DOENTES\192\Segmentadas\PAC_03_DN2-esq.png,5
192,1,Sick,Desenvolvimento da Metodologia,DOENTES,esq,3,PAC_03_DN3-esq.png,C:\Users\LENOVO\OneDrive\medtech project\Imagens e Matrizes da Tese de Thiago Alves Elias da Silva\Desenvolvimento da Metodologia\DOENTES\192\Segmentadas\PAC_03_DN3-esq.png,5
192,1,Sick,Desenvolvimento da Metodologia,DOENTES,esq,4,PAC_03_DN4-esq.png,C:\Users\LENOVO\OneDrive\medtech project\Imagens e Matrizes da Tese de Thiago Alves Elias da Silva\Desenvolvimento da Metodologia\DOENTES\192\Segmentadas\PAC_03_DN4-esq.png,5
192,1,Sick,Desenvolvimento da Metodologia,DOENTES,esq,5,PAC_03_DN5-esq.png,C:\Users\LENOVO\OneDrive\medtech project\Imagens e Matrizes da Tese de Thiago Alves Elias da Silva\Desenvolvimento da Metodologia\DOENTES\192\Segmentadas\PAC_03_DN5-esq.png,5
192,1,Sick,Desenvolvimento da Metodologia,DOENTES,esq,6,PAC_03_DN6-esq.png,C:\Users\LENOVO\OneDrive\medtech project\Imagens e Matrizes da Tese de Thiago Alves Elias da Silva\Desenvolvimento da Metodologia\DOENTES\192\Segmentadas\PAC_03_DN6-esq.png,5
192,1,Sick,Desenvolvimento da Metodologia,DOENTES,esq,7,PAC_03_DN7-esq.png,C:\Users\LENOVO\OneDrive\medtech project\Imagens e Matrizes da Tese de Thiago Alves Elias da Silva\Desenvolvimento da Metodologia\DOENTES\192\Segmentadas\PAC_03_DN7-esq.png,5
192,1,Sick,Desenvolvimento da Metodologia,DOENTES,esq,8,PAC_03_DN8-esq.png,C:\Users\LENOVO\OneDrive\medtech project\Imagens e Matrizes da Tese de Thiago Alves Elias da Silva\Desenvolvimento da Metodologia\DOENTES\192\Segmentadas\PAC_03_DN8-esq.png,5
192,1,Sick,Desenvolvimento da Metodologia,DOENTES,esq,9,PAC_03_DN9-esq.png,C:\Users\LENOVO\OneDrive\medtech project\Imagens e Matrizes da Tese de Thiago Alves Elias da Silva\Desenvolvimento da Metodologia\DOENTES\192\Segmentadas\PAC_03_DN9-esq.png,5
192,1,Sick,Desenvolvimento da Metodologia,DOENTES,esq,10,PAC_03_DN10-esq.png,C:\Users\LENOVO\OneDrive\medtech project\Imagens e Matrizes da Tese de Thiago Alves Elias da Silva\Desenvolvimento da Metodologia\DOENTES\192\Segmentadas\PAC_03_DN10-esq.png,5
192,1,Sick,Desenvolvimento da Metodologia,DOENTES,esq,11,PAC_03_DN11-esq.png,C:\Users\LENOVO\OneDrive\medtech project\Imagens e Matrizes da Tese de Thiago Alves Elias da Silva\Desenvolvimento da Metodologia\DOENTES\192\Segmentadas\PAC_03_DN11-esq.png,5
192,1,Sick,Desenvolvimento da Metodologia,DOENTES,esq,12,PAC_03_DN12-esq.png,C:\Users\LENOVO\OneDrive\medtech project\Imagens e Matrizes da Tese de Thiago Alves Elias da Silva\Desenvolvimento da Metodologia\DOENTES\192\Segmentadas\PAC_03_DN12-esq.png,5
192,1,Sick,Desenvolvimento da Metodologia,DOENTES,esq,13,PAC_03_DN13-esq.png,C:\Users\LENOVO\OneDrive\medtech project\Imagens e Matrizes da Tese de Thiago Alves Elias da Silva\Desenvolvimento da Metodologia\DOENTES\192\Segmentadas\PAC_03_DN13-esq.png,5
192,1,Sick,Desenvolvimento da Metodologia,DOENTES,esq,14,PAC_03_DN14-esq.png,C:\Users\LENOVO\OneDrive\medtech project\Imagens e Matrizes da Tese de Thiago Alves Elias da Silva\Desenvolvimento da Metodologia\DOENTES\192\Segmentadas\PAC_03_DN14-esq.png,5
192,1,Sick,Desenvolvimento da Metodologia,DOENTES,esq,15,PAC_03_DN15-esq.png,C:\Users\LENOVO\OneDrive\medtech project\Imagens e Matrizes da Tese de Thiago Alves Elias da Silva\Desenvolvimento da Metodologia\DOENTES\192\Segmentadas\PAC_03_DN15-esq.png,5
192,1,Sick,Desenvolvimento da Metodologia,DOENTES,esq,16,PAC_03_DN16-esq.png,C:\Users\LENOVO\OneDrive\medtech project\Imagens e Matrizes da Tese de Thiago Alves Elias da Silva\Desenvolvimento da Metodologia\DOENTES\192\Segmentadas\PAC_03_DN16-esq.png,5
192,1,Sick,Desenvolvimento da Metodologia,DOENTES,esq,17,PAC_03_DN17-esq.png,C:\Users\LENOVO\OneDrive\medtech project\Imagens e Matrizes da Tese de Thiago Alves Elias da Silva\Desenvolvimento da Metodologia\DOENTES\192\Segmentadas\PAC_03_DN17-esq.png,5
192,1,Sick,Desenvolvimento da Metodologia,DOENTES,esq,18,PAC_03_DN18-esq.png,C:\Users\LENOVO\OneDrive\medtech project\Imagens e Matrizes da Tese de Thiago Alves Elias da Silva\Desenvolvimento da Metodologia\DOENTES\192\Segmentadas\PAC_03_DN18-esq.png,5
192,1,Sick,Desenvolvimento da Metodologia,DOENTES,esq,19,PAC_03_DN19-esq.png,C:\Users\LENOVO\OneDrive\medtech project\Imagens e Matrizes da Tese de Thiago Alves Elias da Silva\Desenvolvimento da Metodologia\DOENTES\192\Segmentadas\PAC_03_DN19-esq.png,5
204,1,Sick,Desenvolvimento da Metodologia,DOENTES,dir,0,PAC_06_DN0-dir.png,C:\Users\LENOVO\OneDrive\medtech project\Imagens e Matrizes da Tese de Thiago Alves Elias da Silva\Desenvolvimento da Metodologia\DOENTES\204\Segmentadas\PAC_06_DN0-dir.png,5
204,1,Sick,Desenvolvimento da Metodologia,DOENTES,dir,1,PAC_06_DN1-dir.png,C:\Users\LENOVO\OneDrive\medtech project\Imagens e Matrizes da Tese de Thiago Alves Elias da Silva\Desenvolvimento da Metodologia\DOENTES\204\Segmentadas\PAC_06_DN1-dir.png,5
204,1,Sick,Desenvolvimento da Metodologia,DOENTES,dir,2,PAC_06_DN2-dir.png,C:\Users\LENOVO\OneDrive\medtech project\Imagens e Matrizes da Tese de Thiago Alves Elias da Silva\Desenvolvimento da Metodologia\DOENTES\204\Segmentadas\PAC_06_DN2-dir.png,5
204,1,Sick,Desenvolvimento da Metodologia,DOENTES,dir,3,PAC_06_DN3-dir.png,C:\Users\LENOVO\OneDrive\medtech project\Imagens e Matrizes da Tese de Thiago Alves Elias da Silva\Desenvolvimento da Metodologia\DOENTES\204\Segmentadas\PAC_06_DN3-dir.png,5
204,1,Sick,Desenvolvimento da Metodologia,DOENTES,dir,4,PAC_06_DN4-dir.png,C:\Users\LENOVO\OneDrive\medtech project\Imagens e Matrizes da Tese de Thiago Alves Elias da Silva\Desenvolvimento da Metodologia\DOENTES\204\Segmentadas\PAC_06_DN4-dir.png,5
204,1,Sick,Desenvolvimento da Metodologia,DOENTES,dir,5,PAC_06_DN5-dir.png,C:\Users\LENOVO\OneDrive\medtech project\Imagens e Matrizes da Tese de Thiago Alves Elias da Silva\Desenvolvimento da Metodologia\DOENTES\204\Segmentadas\PAC_06_DN5-dir.png,5
204,1,Sick,Desenvolvimento da Metodologia,DOENTES,dir,6,PAC_06_DN6-dir.png,C:\Users\LENOVO\OneDrive\medtech project\Imagens e Matrizes da Tese de Thiago Alves Elias da Silva\Desenvolvimento da Metodologia\DOENTES\204\Segmentadas\PAC_06_DN6-dir.png,5
204,1,Sick,Desenvolvimento da Metodologia,DOENTES,dir,7,PAC_06_DN7-dir.png,C:\Users\LENOVO\OneDrive\medtech project\Imagens e Matrizes da Tese de Thiago Alves Elias da Silva\Desenvolvimento da Metodologia\DOENTES\204\Segmentadas\PAC_06_DN7-dir.png,5
204,1,Sick,Desenvolvimento da Metodologia,DOENTES,dir,8,PAC_06_DN8-dir.png,C:\Users\LENOVO\OneDrive\medtech project\Imagens e Matrizes da Tese de Thiago Alves Elias da Silva\Desenvolvimento da Metodologia\DOENTES\204\Segmentadas\PAC_06_DN8-dir.png,5
204,1,Sick,Desenvolvimento da Metodologia,DOENTES,dir,9,PAC_06_DN9-dir.png,C:\Users\LENOVO\OneDrive\medtech project\Imagens e Matrizes da Tese de Thiago Alves Elias da Silva\Desenvolvimento da Metodologia\DOENTES\204\Segmentadas\PAC_06_DN9-dir.png,5
204,1,Sick,Desenvolvimento da Metodologia,DOENTES,dir,10,PAC_06_DN10-dir.png,C:\Users\LENOVO\OneDrive\medtech project\Imagens e Matrizes da Tese de Thiago Alves Elias da Silva\Desenvolvimento da Metodologia\DOENTES\204\Segmentadas\PAC_06_DN10-dir.png,5
204,1,Sick,Desenvolvimento da Metodologia,DOENTES,dir,11,PAC_06_DN11-dir.png,C:\Users\LENOVO\OneDrive\medtech project\Imagens e Matrizes da Tese de Thiago Alves Elias da Silva\Desenvolvimento da Metodologia\DOENTES\204\Segmentadas\PAC_06_DN11-dir.png,5
204,1,Sick,Desenvolvimento da Metodologia,DOENTES,dir,12,PAC_06_DN12-dir.png,C:\Users\LENOVO\OneDrive\medtech project\Imagens e Matrizes da Tese de Thiago Alves Elias da Silva\Desenvolvimento da Metodologia\DOENTES\204\Segmentadas\PAC_06_DN12-dir.png,5
204,1,Sick,Desenvolvimento da Metodologia,DOENTES,dir,13,PAC_06_DN13-dir.png,C:\Users\LENOVO\OneDrive\medtech project\Imagens e Matrizes da Tese de Thiago Alves Elias da Silva\Desenvolvimento da Metodologia\DOENTES\204\Segmentadas\PAC_06_DN13-dir.png,5
204,1,Sick,Desenvolvimento da Metodologia,DOENTES,dir,14,PAC_06_DN14-dir.png,C:\Users\LENOVO\OneDrive\medtech project\Imagens e Matrizes da Tese de Thiago Alves Elias da Silva\Desenvolvimento da Metodologia\DOENTES\204\Segmentadas\PAC_06_DN14-dir.png,5
204,1,Sick,Desenvolvimento da Metodologia,DOENTES,dir,15,PAC_06_DN15-dir.png,C:\Users\LENOVO\OneDrive\medtech project\Imagens e Matrizes da Tese de Thiago Alves Elias da Silva\Desenvolvimento da Metodologia\DOENTES\204\Segmentadas\PAC_06_DN15-dir.png,5
204,1,Sick,Desenvolvimento da Metodologia,DOENTES,dir,16,PAC_06_DN16-dir.png,C:\Users\LENOVO\OneDrive\medtech project\Imagens e Matrizes da Tese de Thiago Alves Elias da Silva\Desenvolvimento da Metodologia\DOENTES\204\Segmentadas\PAC_06_DN16-dir.png,5
204,1,Sick,Desenvolvimento da Metodologia,DOENTES,dir,17,PAC_06_DN17-dir.png,C:\Users\LENOVO\OneDrive\medtech project\Imagens e Matrizes da Tese de Thiago Alves Elias da Silva\Desenvolvimento da Metodologia\DOENTES\204\Segmentadas\PAC_06_DN17-dir.png,5
204,1,Sick,Desenvolvimento da Metodologia,DOENTES,dir,18,PAC_06_DN18-dir.png,C:\Users\LENOVO\OneDrive\medtech project\Imagens e Matrizes da Tese de Thiago Alves Elias da Silva\Desenvolvimento da Metodologia\DOENTES\204\Segmentadas\PAC_06_DN18-dir.png,5
204,1,Sick,Desenvolvimento da Metodologia,DOENTES,dir,19,PAC_06_DN19-dir.png,C:\Users\LENOVO\OneDrive\medtech project\Imagens e Matrizes da Tese de Thiago Alves Elias da Silva\Desenvolvimento da Metodologia\DOENTES\204\Segmentadas\PAC_06_DN19-dir.png,5
250,1,Sick,Desenvolvimento da Metodologia,DOENTES,esq,0,PAC_56_DN0-esq.png,C:\Users\LENOVO\OneDrive\medtech project\Imagens e Matrizes da Tese de Thiago Alves Elias da Silva\Desenvolvimento da Metodologia\DOENTES\250\Segmentadas\PAC_56_DN0-esq.png,5
250,1,Sick,Desenvolvimento da Metodologia,DOENTES,esq,1,PAC_56_DN1-esq.png,C:\Users\LENOVO\OneDrive\medtech project\Imagens e Matrizes da Tese de Thiago Alves Elias da Silva\Desenvolvimento da Metodologia\DOENTES\250\Segmentadas\PAC_56_DN1-esq.png,5
250,1,Sick,Desenvolvimento da Metodologia,DOENTES,esq,2,PAC_56_DN2-esq.png,C:\Users\LENOVO\OneDrive\medtech project\Imagens e Matrizes da Tese de Thiago Alves Elias da Silva\Desenvolvimento da Metodologia\DOENTES\250\Segmentadas\PAC_56_DN2-esq.png,5
250,1,Sick,Desenvolvimento da Metodologia,DOENTES,esq,3,PAC_56_DN3-esq.png,C:\Users\LENOVO\OneDrive\medtech project\Imagens e Matrizes da Tese de Thiago Alves Elias da Silva\Desenvolvimento da Metodologia\DOENTES\250\Segmentadas\PAC_56_DN3-esq.png,5
250,1,Sick,Desenvolvimento da Metodologia,DOENTES,esq,4,PAC_56_DN4-esq.png,C:\Users\LENOVO\OneDrive\medtech project\Imagens e Matrizes da Tese de Thiago Alves Elias da Silva\Desenvolvimento da Metodologia\DOENTES\250\Segmentadas\PAC_56_DN4-esq.png,5
250,1,Sick,Desenvolvimento da Metodologia,DOENTES,esq,5,PAC_56_DN5-esq.png,C:\Users\LENOVO\OneDrive\medtech project\Imagens e Matrizes da Tese de Thiago Alves Elias da Silva\Desenvolvimento da Metodologia\DOENTES\250\Segmentadas\PAC_56_DN5-esq.png,5
250,1,Sick,Desenvolvimento da Metodologia,DOENTES,esq,6,PAC_56_DN6-esq.png,C:\Users\LENOVO\OneDrive\medtech project\Imagens e Matrizes da Tese de Thiago Alves Elias da Silva\Desenvolvimento da Metodologia\DOENTES\250\Segmentadas\PAC_56_DN6-esq.png,5
250,1,Sick,Desenvolvimento da Metodologia,DOENTES,esq,7,PAC_56_DN7-esq.png,C:\Users\LENOVO\OneDrive\medtech project\Imagens e Matrizes da Tese de Thiago Alves Elias da Silva\Desenvolvimento da Metodologia\DOENTES\250\Segmentadas\PAC_56_DN7-esq.png,5
250,1,Sick,Desenvolvimento da Metodologia,DOENTES,esq,8,PAC_56_DN8-esq.png,C:\Users\LENOVO\OneDrive\medtech project\Imagens e Matrizes da Tese de Thiago Alves Elias da Silva\Desenvolvimento da Metodologia\DOENTES\250\Segmentadas\PAC_56_DN8-esq.png,5
250,1,Sick,Desenvolvimento da Metodologia,DOENTES,esq,9,PAC_56_DN9-esq.png,C:\Users\LENOVO\OneDrive\medtech project\Imagens e Matrizes da Tese de Thiago Alves Elias da Silva\Desenvolvimento da Metodologia\DOENTES\250\Segmentadas\PAC_56_DN9-esq.png,5
250,1,Sick,Desenvolvimento da Metodologia,DOENTES,esq,10,PAC_56_DN10-esq.png,C:\Users\LENOVO\OneDrive\medtech project\Imagens e Matrizes da Tese de Thiago Alves Elias da Silva\Desenvolvimento da Metodologia\DOENTES\250\Segmentadas\PAC_56_DN10-esq.png,5
250,1,Sick,Desenvolvimento da Metodologia,DOENTES,esq,11,PAC_56_DN11-esq.png,C:\Users\LENOVO\OneDrive\medtech project\Imagens e Matrizes da Tese de Thiago Alves Elias da Silva\Desenvolvimento da Metodologia\DOENTES\250\Segmentadas\PAC_56_DN11-esq.png,5
250,1,Sick,Desenvolvimento da Metodologia,DOENTES,esq,12,PAC_56_DN12-esq.png,C:\Users\LENOVO\OneDrive\medtech project\Imagens e Matrizes da Tese de Thiago Alves Elias da Silva\Desenvolvimento da Metodologia\DOENTES\250\Segmentadas\PAC_56_DN12-esq.png,5
250,1,Sick,Desenvolvimento da Metodologia,DOENTES,esq,13,PAC_56_DN13-esq.png,C:\Users\LENOVO\OneDrive\medtech project\Imagens e Matrizes da Tese de Thiago Alves Elias da Silva\Desenvolvimento da Metodologia\DOENTES\250\Segmentadas\PAC_56_DN13-esq.png,5
250,1,Sick,Desenvolvimento da Metodologia,DOENTES,esq,14,PAC_56_DN14-esq.png,C:\Users\LENOVO\OneDrive\medtech project\Imagens e Matrizes da Tese de Thiago Alves Elias da Silva\Desenvolvimento da Metodologia\DOENTES\250\Segmentadas\PAC_56_DN14-esq.png,5
250,1,Sick,Desenvolvimento da Metodologia,DOENTES,esq,15,PAC_56_DN15-esq.png,C:\Users\LENOVO\OneDrive\medtech project\Imagens e Matrizes da Tese de Thiago Alves Elias da Silva\Desenvolvimento da Metodologia\DOENTES\250\Segmentadas\PAC_56_DN15-esq.png,5
250,1,Sick,Desenvolvimento da Metodologia,DOENTES,esq,16,PAC_56_DN16-esq.png,C:\Users\LENOVO\OneDrive\medtech project\Imagens e Matrizes da Tese de Thiago Alves Elias da Silva\Desenvolvimento da Metodologia\DOENTES\250\Segmentadas\PAC_56_DN16-esq.png,5
250,1,Sick,Desenvolvimento da Metodologia,DOENTES,esq,17,PAC_56_DN17-esq.png,C:\Users\LENOVO\OneDrive\medtech project\Imagens e Matrizes da Tese de Thiago Alves Elias da Silva\Desenvolvimento da Metodologia\DOENTES\250\Segmentadas\PAC_56_DN17-esq.png,5
250,1,Sick,Desenvolvimento da Metodologia,DOENTES,esq,18,PAC_56_DN18-esq.png,C:\Users\LENOVO\OneDrive\medtech project\Imagens e Matrizes da Tese de Thiago Alves Elias da Silva\Desenvolvimento da Metodologia\DOENTES\250\Segmentadas\PAC_56_DN18-esq.png,5
250,1,Sick,Desenvolvimento da Metodologia,DOENTES,esq,19,PAC_56_DN19-esq.png,C:\Users\LENOVO\OneDrive\medtech project\Imagens e Matrizes da Tese de Thiago Alves Elias da Silva\Desenvolvimento da Metodologia\DOENTES\250\Segmentadas\PAC_56_DN19-esq.png,5
256,1,Sick,12 Novos Casos de Testes,DOENTES,dir,0,PAC_62_DN0-dir.png,C:\Users\LENOVO\OneDrive\medtech project\Imagens e Matrizes da Tese de Thiago Alves Elias da Silva\12 Novos Casos de Testes\DOENTES\256\Segmentadas\PAC_62_DN0-dir.png,5
256,1,Sick,12 Novos Casos de Testes,DOENTES,dir,1,PAC_62_DN1-dir.png,C:\Users\LENOVO\OneDrive\medtech project\Imagens e Matrizes da Tese de Thiago Alves Elias da Silva\12 Novos Casos de Testes\DOENTES\256\Segmentadas\PAC_62_DN1-dir.png,5
256,1,Sick,12 Novos Casos de Testes,DOENTES,dir,2,PAC_62_DN2-dir.png,C:\Users\LENOVO\OneDrive\medtech project\Imagens e Matrizes da Tese de Thiago Alves Elias da Silva\12 Novos Casos de Testes\DOENTES\256\Segmentadas\PAC_62_DN2-dir.png,5
256,1,Sick,12 Novos Casos de Testes,DOENTES,dir,3,PAC_62_DN3-dir.png,C:\Users\LENOVO\OneDrive\medtech project\Imagens e Matrizes da Tese de Thiago Alves Elias da Silva\12 Novos Casos de Testes\DOENTES\256\Segmentadas\PAC_62_DN3-dir.png,5
256,1,Sick,12 Novos Casos de Testes,DOENTES,dir,4,PAC_62_DN4-dir.png,C:\Users\LENOVO\OneDrive\medtech project\Imagens e Matrizes da Tese de Thiago Alves Elias da Silva\12 Novos Casos de Testes\DOENTES\256\Segmentadas\PAC_62_DN4-dir.png,5
256,1,Sick,12 Novos Casos de Testes,DOENTES,dir,5,PAC_62_DN5-dir.png,C:\Users\LENOVO\OneDrive\medtech project\Imagens e Matrizes da Tese de Thiago Alves Elias da Silva\12 Novos Casos de Testes\DOENTES\256\Segmentadas\PAC_62_DN5-dir.png,5
256,1,Sick,12 Novos Casos de Testes,DOENTES,dir,6,PAC_62_DN6-dir.png,C:\Users\LENOVO\OneDrive\medtech project\Imagens e Matrizes da Tese de Thiago Alves Elias da Silva\12 Novos Casos de Testes\DOENTES\256\Segmentadas\PAC_62_DN6-dir.png,5
256,1,Sick,12 Novos Casos de Testes,DOENTES,dir,7,PAC_62_DN7-dir.png,C:\Users\LENOVO\OneDrive\medtech project\Imagens e Matrizes da Tese de Thiago Alves Elias da Silva\12 Novos Casos de Testes\DOENTES\256\Segmentadas\PAC_62_DN7-dir.png,5
256,1,Sick,12 Novos Casos de Testes,DOENTES,dir,8,PAC_62_DN8-dir.png,C:\Users\LENOVO\OneDrive\medtech project\Imagens e Matrizes da Tese de Thiago Alves Elias da Silva\12 Novos Casos de Testes\DOENTES\256\Segmentadas\PAC_62_DN8-dir.png,5
256,1,Sick,12 Novos Casos de Testes,DOENTES,dir,9,PAC_62_DN9-dir.png,C:\Users\LENOVO\OneDrive\medtech project\Imagens e Matrizes da Tese de Thiago Alves Elias da Silva\12 Novos Casos de Testes\DOENTES\256\Segmentadas\PAC_62_DN9-dir.png,5
256,1,Sick,12 Novos Casos de Testes,DOENTES,dir,10,PAC_62_DN10-dir.png,C:\Users\LENOVO\OneDrive\medtech project\Imagens e Matrizes da Tese de Thiago Alves Elias da Silva\12 Novos Casos de Testes\DOENTES\256\Segmentadas\PAC_62_DN10-dir.png,5
256,1,Sick,12 Novos Casos de Testes,DOENTES,dir,11,PAC_62_DN11-dir.png,C:\Users\LENOVO\OneDrive\medtech project\Imagens e Matrizes da Tese de Thiago Alves Elias da Silva\12 Novos Casos de Testes\DOENTES\256\Segmentadas\PAC_62_DN11-dir.png,5
256,1,Sick,12 Novos Casos de Testes,DOENTES,dir,12,PAC_62_DN12-dir.png,C:\Users\LENOVO\OneDrive\medtech project\Imagens e Matrizes da Tese de Thiago Alves Elias da Silva\12 Novos Casos de Testes\DOENTES\256\Segmentadas\PAC_62_DN12-dir.png,5
256,1,Sick,12 Novos Casos de Testes,DOENTES,dir,13,PAC_62_DN13-dir.png,C:\Users\LENOVO\OneDrive\medtech project\Imagens e Matrizes da Tese de Thiago Alves Elias da Silva\12 Novos Casos de Testes\DOENTES\256\Segmentadas\PAC_62_DN13-dir.png,5
256,1,Sick,12 Novos Casos de Testes,DOENTES,dir,14,PAC_62_DN14-dir.png,C:\Users\LENOVO\OneDrive\medtech project\Imagens e Matrizes da Tese de Thiago Alves Elias da Silva\12 Novos Casos de Testes\DOENTES\256\Segmentadas\PAC_62_DN14-dir.png,5
256,1,Sick,12 Novos Casos de Testes,DOENTES,dir,15,PAC_62_DN15-dir.png,C:\Users\LENOVO\OneDrive\medtech project\Imagens e Matrizes da Tese de Thiago Alves Elias da Silva\12 Novos Casos de Testes\DOENTES\256\Segmentadas\PAC_62_DN15-dir.png,5
256,1,Sick,12 Novos Casos de Testes,DOENTES,dir,16,PAC_62_DN16-dir.png,C:\Users\LENOVO\OneDrive\medtech project\Imagens e Matrizes da Tese de Thiago Alves Elias da Silva\12 Novos Casos de Testes\DOENTES\256\Segmentadas\PAC_62_DN16-dir.png,5
256,1,Sick,12 Novos Casos de Testes,DOENTES,dir,17,PAC_62_DN17-dir.png,C:\Users\LENOVO\OneDrive\medtech project\Imagens e Matrizes da Tese de Thiago Alves Elias da Silva\12 Novos Casos de Testes\DOENTES\256\Segmentadas\PAC_62_DN17-dir.png,5
256,1,Sick,12 Novos Casos de Testes,DOENTES,dir,18,PAC_62_DN18-dir.png,C:\Users\LENOVO\OneDrive\medtech project\Imagens e Matrizes da Tese de Thiago Alves Elias da Silva\12 Novos Casos de Testes\DOENTES\256\Segmentadas\PAC_62_DN18-dir.png,5
256,1,Sick,12 Novos Casos de Testes,DOENTES,dir,19,PAC_62_DN19-dir.png,C:\Users\LENOVO\OneDrive\medtech project\Imagens e Matrizes da Tese de Thiago Alves Elias da Silva\12 Novos Casos de Testes\DOENTES\256\Segmentadas\PAC_62_DN19-dir.png,5
400,1,Sick,Desenvolvimento da Metodologia,DOENTES,dir,0,PAC_55_DN0-dir.png,C:\Users\LENOVO\OneDrive\medtech project\Imagens e Matrizes da Tese de Thiago Alves Elias da Silva\Desenvolvimento da Metodologia\DOENTES\400\Segmentadas\PAC_55_DN0-dir.png,5
400,1,Sick,Desenvolvimento da Metodologia,DOENTES,dir,1,PAC_55_DN1-dir.png,C:\Users\LENOVO\OneDrive\medtech project\Imagens e Matrizes da Tese de Thiago Alves Elias da Silva\Desenvolvimento da Metodologia\DOENTES\400\Segmentadas\PAC_55_DN1-dir.png,5
400,1,Sick,Desenvolvimento da Metodologia,DOENTES,dir,2,PAC_55_DN2-dir.png,C:\Users\LENOVO\OneDrive\medtech project\Imagens e Matrizes da Tese de Thiago Alves Elias da Silva\Desenvolvimento da Metodologia\DOENTES\400\Segmentadas\PAC_55_DN2-dir.png,5
400,1,Sick,Desenvolvimento da Metodologia,DOENTES,dir,3,PAC_55_DN3-dir.png,C:\Users\LENOVO\OneDrive\medtech project\Imagens e Matrizes da Tese de Thiago Alves Elias da Silva\Desenvolvimento da Metodologia\DOENTES\400\Segmentadas\PAC_55_DN3-dir.png,5
400,1,Sick,Desenvolvimento da Metodologia,DOENTES,dir,4,PAC_55_DN4-dir.png,C:\Users\LENOVO\OneDrive\medtech project\Imagens e Matrizes da Tese de Thiago Alves Elias da Silva\Desenvolvimento da Metodologia\DOENTES\400\Segmentadas\PAC_55_DN4-dir.png,5
400,1,Sick,Desenvolvimento da Metodologia,DOENTES,dir,5,PAC_55_DN5-dir.png,C:\Users\LENOVO\OneDrive\medtech project\Imagens e Matrizes da Tese de Thiago Alves Elias da Silva\Desenvolvimento da Metodologia\DOENTES\400\Segmentadas\PAC_55_DN5-dir.png,5
400,1,Sick,Desenvolvimento da Metodologia,DOENTES,dir,6,PAC_55_DN6-dir.png,C:\Users\LENOVO\OneDrive\medtech project\Imagens e Matrizes da Tese de Thiago Alves Elias da Silva\Desenvolvimento da Metodologia\DOENTES\400\Segmentadas\PAC_55_DN6-dir.png,5
400,1,Sick,Desenvolvimento da Metodologia,DOENTES,dir,7,PAC_55_DN7-dir.png,C:\Users\LENOVO\OneDrive\medtech project\Imagens e Matrizes da Tese de Thiago Alves Elias da Silva\Desenvolvimento da Metodologia\DOENTES\400\Segmentadas\PAC_55_DN7-dir.png,5
400,1,Sick,Desenvolvimento da Metodologia,DOENTES,dir,8,PAC_55_DN8-dir.png,C:\Users\LENOVO\OneDrive\medtech project\Imagens e Matrizes da Tese de Thiago Alves Elias da Silva\Desenvolvimento da Metodologia\DOENTES\400\Segmentadas\PAC_55_DN8-dir.png,5
400,1,Sick,Desenvolvimento da Metodologia,DOENTES,dir,9,PAC_55_DN9-dir.png,C:\Users\LENOVO\OneDrive\medtech project\Imagens e Matrizes da Tese de Thiago Alves Elias da Silva\Desenvolvimento da Metodologia\DOENTES\400\Segmentadas\PAC_55_DN9-dir.png,5
400,1,Sick,Desenvolvimento da Metodologia,DOENTES,dir,10,PAC_55_DN10-dir.png,C:\Users\LENOVO\OneDrive\medtech project\Imagens e Matrizes da Tese de Thiago Alves Elias da Silva\Desenvolvimento da Metodologia\DOENTES\400\Segmentadas\PAC_55_DN10-dir.png,5
400,1,Sick,Desenvolvimento da Metodologia,DOENTES,dir,11,PAC_55_DN11-dir.png,C:\Users\LENOVO\OneDrive\medtech project\Imagens e Matrizes da Tese de Thiago Alves Elias da Silva\Desenvolvimento da Metodologia\DOENTES\400\Segmentadas\PAC_55_DN11-dir.png,5
400,1,Sick,Desenvolvimento da Metodologia,DOENTES,dir,12,PAC_55_DN12-dir.png,C:\Users\LENOVO\OneDrive\medtech project\Imagens e Matrizes da Tese de Thiago Alves Elias da Silva\Desenvolvimento da Metodologia\DOENTES\400\Segmentadas\PAC_55_DN12-dir.png,5
400,1,Sick,Desenvolvimento da Metodologia,DOENTES,dir,13,PAC_55_DN13-dir.png,C:\Users\LENOVO\OneDrive\medtech project\Imagens e Matrizes da Tese de Thiago Alves Elias da Silva\Desenvolvimento da Metodologia\DOENTES\400\Segmentadas\PAC_55_DN13-dir.png,5
400,1,Sick,Desenvolvimento da Metodologia,DOENTES,dir,14,PAC_55_DN14-dir.png,C:\Users\LENOVO\OneDrive\medtech project\Imagens e Matrizes da Tese de Thiago Alves Elias da Silva\Desenvolvimento da Metodologia\DOENTES\400\Segmentadas\PAC_55_DN14-dir.png,5
400,1,Sick,Desenvolvimento da Metodologia,DOENTES,dir,15,PAC_55_DN15-dir.png,C:\Users\LENOVO\OneDrive\medtech project\Imagens e Matrizes da Tese de Thiago Alves Elias da Silva\Desenvolvimento da Metodologia\DOENTES\400\Segmentadas\PAC_55_DN15-dir.png,5
400,1,Sick,Desenvolvimento da Metodologia,DOENTES,dir,16,PAC_55_DN16-dir.png,C:\Users\LENOVO\OneDrive\medtech project\Imagens e Matrizes da Tese de Thiago Alves Elias da Silva\Desenvolvimento da Metodologia\DOENTES\400\Segmentadas\PAC_55_DN16-dir.png,5
400,1,Sick,Desenvolvimento da Metodologia,DOENTES,dir,17,PAC_55_DN17-dir.png,C:\Users\LENOVO\OneDrive\medtech project\Imagens e Matrizes da Tese de Thiago Alves Elias da Silva\Desenvolvimento da Metodologia\DOENTES\400\Segmentadas\PAC_55_DN17-dir.png,5
400,1,Sick,Desenvolvimento da Metodologia,DOENTES,dir,18,PAC_55_DN18-dir.png,C:\Users\LENOVO\OneDrive\medtech project\Imagens e Matrizes da Tese de Thiago Alves Elias da Silva\Desenvolvimento da Metodologia\DOENTES\400\Segmentadas\PAC_55_DN18-dir.png,5
400,1,Sick,Desenvolvimento da Metodologia,DOENTES,dir,19,PAC_55_DN19-dir.png,C:\Users\LENOVO\OneDrive\medtech project\Imagens e Matrizes da Tese de Thiago Alves Elias da Silva\Desenvolvimento da Metodologia\DOENTES\400\Segmentadas\PAC_55_DN19-dir.png,5
600,1,Sick,Desenvolvimento da Metodologia,DOENTES,esq,0,PAC_58_DN0-esq.png,C:\Users\LENOVO\OneDrive\medtech project\Imagens e Matrizes da Tese de Thiago Alves Elias da Silva\Desenvolvimento da Metodologia\DOENTES\600\Segmentadas\PAC_58_DN0-esq.png,5
600,1,Sick,Desenvolvimento da Metodologia,DOENTES,esq,1,PAC_58_DN1-esq.png,C:\Users\LENOVO\OneDrive\medtech project\Imagens e Matrizes da Tese de Thiago Alves Elias da Silva\Desenvolvimento da Metodologia\DOENTES\600\Segmentadas\PAC_58_DN1-esq.png,5
600,1,Sick,Desenvolvimento da Metodologia,DOENTES,esq,2,PAC_58_DN2-esq.png,C:\Users\LENOVO\OneDrive\medtech project\Imagens e Matrizes da Tese de Thiago Alves Elias da Silva\Desenvolvimento da Metodologia\DOENTES\600\Segmentadas\PAC_58_DN2-esq.png,5
600,1,Sick,Desenvolvimento da Metodologia,DOENTES,esq,3,PAC_58_DN3-esq.png,C:\Users\LENOVO\OneDrive\medtech project\Imagens e Matrizes da Tese de Thiago Alves Elias da Silva\Desenvolvimento da Metodologia\DOENTES\600\Segmentadas\PAC_58_DN3-esq.png,5
600,1,Sick,Desenvolvimento da Metodologia,DOENTES,esq,4,PAC_58_DN4-esq.png,C:\Users\LENOVO\OneDrive\medtech project\Imagens e Matrizes da Tese de Thiago Alves Elias da Silva\Desenvolvimento da Metodologia\DOENTES\600\Segmentadas\PAC_58_DN4-esq.png,5
600,1,Sick,Desenvolvimento da Metodologia,DOENTES,esq,5,PAC_58_DN5-esq.png,C:\Users\LENOVO\OneDrive\medtech project\Imagens e Matrizes da Tese de Thiago Alves Elias da Silva\Desenvolvimento da Metodologia\DOENTES\600\Segmentadas\PAC_58_DN5-esq.png,5
600,1,Sick,Desenvolvimento da Metodologia,DOENTES,esq,6,PAC_58_DN6-esq.png,C:\Users\LENOVO\OneDrive\medtech project\Imagens e Matrizes da Tese de Thiago Alves Elias da Silva\Desenvolvimento da Metodologia\DOENTES\600\Segmentadas\PAC_58_DN6-esq.png,5
600,1,Sick,Desenvolvimento da Metodologia,DOENTES,esq,7,PAC_58_DN7-esq.png,C:\Users\LENOVO\OneDrive\medtech project\Imagens e Matrizes da Tese de Thiago Alves Elias da Silva\Desenvolvimento da Metodologia\DOENTES\600\Segmentadas\PAC_58_DN7-esq.png,5
600,1,Sick,Desenvolvimento da Metodologia,DOENTES,esq,8,PAC_58_DN8-esq.png,C:\Users\LENOVO\OneDrive\medtech project\Imagens e Matrizes da Tese de Thiago Alves Elias da Silva\Desenvolvimento da Metodologia\DOENTES\600\Segmentadas\PAC_58_DN8-esq.png,5
600,1,Sick,Desenvolvimento da Metodologia,DOENTES,esq,9,PAC_58_DN9-esq.png,C:\Users\LENOVO\OneDrive\medtech project\Imagens e Matrizes da Tese de Thiago Alves Elias da Silva\Desenvolvimento da Metodologia\DOENTES\600\Segmentadas\PAC_58_DN9-esq.png,5
600,1,Sick,Desenvolvimento da Metodologia,DOENTES,esq,10,PAC_58_DN10-esq.png,C:\Users\LENOVO\OneDrive\medtech project\Imagens e Matrizes da Tese de Thiago Alves Elias da Silva\Desenvolvimento da Metodologia\DOENTES\600\Segmentadas\PAC_58_DN10-esq.png,5
600,1,Sick,Desenvolvimento da Metodologia,DOENTES,esq,11,PAC_58_DN11-esq.png,C:\Users\LENOVO\OneDrive\medtech project\Imagens e Matrizes da Tese de Thiago Alves Elias da Silva\Desenvolvimento da Metodologia\DOENTES\600\Segmentadas\PAC_58_DN11-esq.png,5
600,1,Sick,Desenvolvimento da Metodologia,DOENTES,esq,12,PAC_58_DN12-esq.png,C:\Users\LENOVO\OneDrive\medtech project\Imagens e Matrizes da Tese de Thiago Alves Elias da Silva\Desenvolvimento da Metodologia\DOENTES\600\Segmentadas\PAC_58_DN12-esq.png,5
600,1,Sick,Desenvolvimento da Metodologia,DOENTES,esq,13,PAC_58_DN13-esq.png,C:\Users\LENOVO\OneDrive\medtech project\Imagens e Matrizes da Tese de Thiago Alves Elias da Silva\Desenvolvimento da Metodologia\DOENTES\600\Segmentadas\PAC_58_DN13-esq.png,5
600,1,Sick,Desenvolvimento da Metodologia,DOENTES,esq,14,PAC_58_DN14-esq.png,C:\Users\LENOVO\OneDrive\medtech project\Imagens e Matrizes da Tese de Thiago Alves Elias da Silva\Desenvolvimento da Metodologia\DOENTES\600\Segmentadas\PAC_58_DN14-esq.png,5
600,1,Sick,Desenvolvimento da Metodologia,DOENTES,esq,15,PAC_58_DN15-esq.png,C:\Users\LENOVO\OneDrive\medtech project\Imagens e Matrizes da Tese de Thiago Alves Elias da Silva\Desenvolvimento da Metodologia\DOENTES\600\Segmentadas\PAC_58_DN15-esq.png,5
600,1,Sick,Desenvolvimento da Metodologia,DOENTES,esq,16,PAC_58_DN16-esq.png,C:\Users\LENOVO\OneDrive\medtech project\Imagens e Matrizes da Tese de Thiago Alves Elias da Silva\Desenvolvimento da Metodologia\DOENTES\600\Segmentadas\PAC_58_DN16-esq.png,5
600,1,Sick,Desenvolvimento da Metodologia,DOENTES,esq,17,PAC_58_DN17-esq.png,C:\Users\LENOVO\OneDrive\medtech project\Imagens e Matrizes da Tese de Thiago Alves Elias da Silva\Desenvolvimento da Metodologia\DOENTES\600\Segmentadas\PAC_58_DN17-esq.png,5
600,1,Sick,Desenvolvimento da Metodologia,DOENTES,esq,18,PAC_58_DN18-esq.png,C:\Users\LENOVO\OneDrive\medtech project\Imagens e Matrizes da Tese de Thiago Alves Elias da Silva\Desenvolvimento da Metodologia\DOENTES\600\Segmentadas\PAC_58_DN18-esq.png,5
600,1,Sick,Desenvolvimento da Metodologia,DOENTES,esq,19,PAC_58_DN19-esq.png,C:\Users\LENOVO\OneDrive\medtech project\Imagens e Matrizes da Tese de Thiago Alves Elias da Silva\Desenvolvimento da Metodologia\DOENTES\600\Segmentadas\PAC_58_DN19-esq.png,5
