patient_id,label,label_name,fold,frame,filename,image_path,image_width,image_height,total_pixels,roi_pixels,roi_percentage,black_pixels,black_percentage,roi_min,roi_max,roi_mean,roi_std,bbox_width,bbox_height,flags
49,0,Healthy,1,0,PAC_13_DN0-dir.png,C:\Users\LENOVO\OneDrive\medtech project\Imagens e Matrizes da Tese de Thiago Alves Elias da Silva\Desenvolvimento da Metodologia\SAUDAΓòá├╝VEIS\49\Segmentadas\PAC_13_DN0-dir.png,640,480,307200,56896,18.520833333333332,250304,81.47916666666667,2,232,165.96361782902136,24.887541171919317,223,317,
49,0,Healthy,1,1,PAC_13_DN1-dir.png,C:\Users\LENOVO\OneDrive\medtech project\Imagens e Matrizes da Tese de Thiago Alves Elias da Silva\Desenvolvimento da Metodologia\SAUDAΓòá├╝VEIS\49\Segmentadas\PAC_13_DN1-dir.png,640,480,307200,58998,19.205078125,248202,80.794921875,2,236,166.55895115088646,24.938281886541667,226,321,
49,0,Healthy,1,2,PAC_13_DN2-dir.png,C:\Users\LENOVO\OneDrive\medtech project\Imagens e Matrizes da Tese de Thiago Alves Elias da Silva\Desenvolvimento da Metodologia\SAUDAΓòá├╝VEIS\49\Segmentadas\PAC_13_DN2-dir.png,640,480,307200,59301,19.3037109375,247899,80.6962890625,2,233,164.5385406654188,24.912445177287875,221,324,
49,0,Healthy,1,3,PAC_13_DN3-dir.png,C:\Users\LENOVO\OneDrive\medtech project\Imagens e Matrizes da Tese de Thiago Alves Elias da Silva\Desenvolvimento da Metodologia\SAUDAΓòá├╝VEIS\49\Segmentadas\PAC_13_DN3-dir.png,640,480,307200,59549,19.384440104166668,247651,80.61555989583333,2,233,164.89638784866244,24.82160255503584,225,322,
49,0,Healthy,1,4,PAC_13_DN4-dir.png,C:\Users\LENOVO\OneDrive\medtech project\Imagens e Matrizes da Tese de Thiago Alves Elias da Silva\Desenvolvimento da Metodologia\SAUDAΓòá├╝VEIS\49\Segmentadas\PAC_13_DN4-dir.png,640,480,307200,60107,19.566080729166664,247093,80.43391927083333,2,233,163.3311095213536,24.87361911979489,224,324,
49,0,Healthy,1,5,PAC_13_DN5-dir.png,C:\Users\LENOVO\OneDrive\medtech project\Imagens e Matrizes da Tese de Thiago Alves Elias da Silva\Desenvolvimento da Metodologia\SAUDAΓòá├╝VEIS\49\Segmentadas\PAC_13_DN5-dir.png,640,480,307200,58044,18.89453125,249156,81.10546875,2,234,164.59566880297706,25.16130640904383,224,317,
49,0,Healthy,1,6,PAC_13_DN6-dir.png,C:\Users\LENOVO\OneDrive\medtech project\Imagens e Matrizes da Tese de Thiago Alves Elias da Silva\Desenvolvimento da Metodologia\SAUDAΓòá├╝VEIS\49\Segmentadas\PAC_13_DN6-dir.png,640,480,307200,58185,18.9404296875,249015,81.0595703125,2,233,163.44875827103206,25.276118710542466,224,319,
49,0,Healthy,1,7,PAC_13_DN7-dir.png,C:\Users\LENOVO\OneDrive\medtech project\Imagens e Matrizes da Tese de Thiago Alves Elias da Silva\Desenvolvimento da Metodologia\SAUDAΓòá├╝VEIS\49\Segmentadas\PAC_13_DN7-dir.png,640,480,307200,57675,18.7744140625,249525,81.2255859375,2,233,163.97168617251842,25.35924145630504,225,317,
49,0,Healthy,1,8,PAC_13_DN8-dir.png,C:\Users\LENOVO\OneDrive\medtech project\Imagens e Matrizes da Tese de Thiago Alves Elias da Silva\Desenvolvimento da Metodologia\SAUDAΓòá├╝VEIS\49\Segmentadas\PAC_13_DN8-dir.png,640,480,307200,58596,19.07421875,248604,80.92578125,2,233,164.41071062871185,25.42547554004566,225,318,
49,0,Healthy,1,9,PAC_13_DN9-dir.png,C:\Users\LENOVO\OneDrive\medtech project\Imagens e Matrizes da Tese de Thiago Alves Elias da Silva\Desenvolvimento da Metodologia\SAUDAΓòá├╝VEIS\49\Segmentadas\PAC_13_DN9-dir.png,640,480,307200,57030,18.564453125,250170,81.435546875,2,232,162.41560582149745,25.598558321924067,223,318,
49,0,Healthy,1,10,PAC_13_DN10-dir.png,C:\Users\LENOVO\OneDrive\medtech project\Imagens e Matrizes da Tese de Thiago Alves Elias da Silva\Desenvolvimento da Metodologia\SAUDAΓòá├╝VEIS\49\Segmentadas\PAC_13_DN10-dir.png,640,480,307200,56332,18.337239583333336,250868,81.66276041666667,2,234,162.53965774337854,25.422545140139352,218,314,
49,0,Healthy,1,11,PAC_13_DN11-dir.png,C:\Users\LENOVO\OneDrive\medtech project\Imagens e Matrizes da Tese de Thiago Alves Elias da Silva\Desenvolvimento da Metodologia\SAUDAΓòá├╝VEIS\49\Segmentadas\PAC_13_DN11-dir.png,640,480,307200,57396,18.68359375,249804,81.31640625,2,233,162.68827095964875,25.599695093446886,220,317,
49,0,Healthy,1,12,PAC_13_DN12-dir.png,C:\Users\LENOVO\OneDrive\medtech project\Imagens e Matrizes da Tese de Thiago Alves Elias da Silva\Desenvolvimento da Metodologia\SAUDAΓòá├╝VEIS\49\Segmentadas\PAC_13_DN12-dir.png,640,480,307200,55414,18.038411458333332,251786,81.96158854166666,2,234,164.39112859566174,25.66305284551316,217,315,
49,0,Healthy,1,13,PAC_13_DN13-dir.png,C:\Users\LENOVO\OneDrive\medtech project\Imagens e Matrizes da Tese de Thiago Alves Elias da Silva\Desenvolvimento da Metodologia\SAUDAΓòá├╝VEIS\49\Segmentadas\PAC_13_DN13-dir.png,640,480,307200,57116,18.592447916666664,250084,81.40755208333333,2,232,162.22811471391555,25.757764032736052,218,320,
49,0,Healthy,1,14,PAC_13_DN14-dir.png,C:\Users\LENOVO\OneDrive\medtech project\Imagens e Matrizes da Tese de Thiago Alves Elias da Silva\Desenvolvimento da Metodologia\SAUDAΓòá├╝VEIS\49\Segmentadas\PAC_13_DN14-dir.png,640,480,307200,55567,18.088216145833332,251633,81.91178385416666,2,233,163.52371011571617,25.900014328214418,220,313,
49,0,Healthy,1,15,PAC_13_DN15-dir.png,C:\Users\LENOVO\OneDrive\medtech project\Imagens e Matrizes da Tese de Thiago Alves Elias da Silva\Desenvolvimento da Metodologia\SAUDAΓòá├╝VEIS\49\Segmentadas\PAC_13_DN15-dir.png,640,480,307200,56020,18.235677083333332,251180,81.76432291666667,2,234,165.1009282399143,26.38234758401461,218,314,
49,0,Healthy,1,16,PAC_13_DN16-dir.png,C:\Users\LENOVO\OneDrive\medtech project\Imagens e Matrizes da Tese de Thiago Alves Elias da Silva\Desenvolvimento da Metodologia\SAUDAΓòá├╝VEIS\49\Segmentadas\PAC_13_DN16-dir.png,640,480,307200,56967,18.5439453125,250233,81.4560546875,2,232,164.7178717503116,25.926461325397284,217,319,
49,0,Healthy,1,17,PAC_13_DN17-dir.png,C:\Users\LENOVO\OneDrive\medtech project\Imagens e Matrizes da Tese de Thiago Alves Elias da Silva\Desenvolvimento da Metodologia\SAUDAΓòá├╝VEIS\49\Segmentadas\PAC_13_DN17-dir.png,640,480,307200,56586,18.419921875,250614,81.580078125,2,232,164.5162407662673,25.99812653310748,215,321,
49,0,Healthy,1,18,PAC_13_DN18-dir.png,C:\Users\LENOVO\OneDrive\medtech project\Imagens e Matrizes da Tese de Thiago Alves Elias da Silva\Desenvolvimento da Metodologia\SAUDAΓòá├╝VEIS\49\Segmentadas\PAC_13_DN18-dir.png,640,480,307200,57722,18.789713541666668,249478,81.21028645833334,2,232,161.58965385814767,25.82412823170112,219,316,
49,0,Healthy,1,19,PAC_13_DN19-dir.png,C:\Users\LENOVO\OneDrive\medtech project\Imagens e Matrizes da Tese de Thiago Alves Elias da Silva\Desenvolvimento da Metodologia\SAUDAΓòá├╝VEIS\49\Segmentadas\PAC_13_DN19-dir.png,640,480,307200,55324,18.009114583333332,251876,81.99088541666667,2,232,163.05301496637986,26.091972715441603,216,315,
55,0,Healthy,1,0,PAC_44_DN0-dir.png,C:\Users\LENOVO\OneDrive\medtech project\Imagens e Matrizes da Tese de Thiago Alves Elias da Silva\Desenvolvimento da Metodologia\SAUDAΓòá├╝VEIS\55\Segmentadas\PAC_44_DN0-dir.png,640,480,307200,25992,8.4609375,281208,91.5390625,1,219,142.67266851338874,25.90593784372492,181,190,
55,0,Healthy,1,1,PAC_44_DN1-dir.png,C:\Users\LENOVO\OneDrive\medtech project\Imagens e Matrizes da Tese de Thiago Alves Elias da Silva\Desenvolvimento da Metodologia\SAUDAΓòá├╝VEIS\55\Segmentadas\PAC_44_DN1-dir.png,640,480,307200,25090,8.167317708333334,282110,91.83268229166667,1,198,141.58872060581905,25.631394696709407,185,187,
55,0,Healthy,1,2,PAC_44_DN2-dir.png,C:\Users\LENOVO\OneDrive\medtech project\Imagens e Matrizes da Tese de Thiago Alves Elias da Silva\Desenvolvimento da Metodologia\SAUDAΓòá├╝VEIS\55\Segmentadas\PAC_44_DN2-dir.png,640,480,307200,23077,7.512044270833333,284123,92.48795572916667,1,193,138.52164492785025,23.488977128759384,172,185,
55,0,Healthy,1,3,PAC_44_DN3-dir.png,C:\Users\LENOVO\OneDrive\medtech project\Imagens e Matrizes da Tese de Thiago Alves Elias da Silva\Desenvolvimento da Metodologia\SAUDAΓòá├╝VEIS\55\Segmentadas\PAC_44_DN3-dir.png,640,480,307200,25078,8.163411458333334,282122,91.83658854166666,1,198,139.70799106786825,24.16131505136186,176,195,
55,0,Healthy,1,4,PAC_44_DN4-dir.png,C:\Users\LENOVO\OneDrive\medtech project\Imagens e Matrizes da Tese de Thiago Alves Elias da Silva\Desenvolvimento da Metodologia\SAUDAΓòá├╝VEIS\55\Segmentadas\PAC_44_DN4-dir.png,640,480,307200,24662,8.027994791666666,282538,91.97200520833333,1,188,137.55388857351392,23.71171938696178,172,197,
55,0,Healthy,1,5,PAC_44_DN5-dir.png,C:\Users\LENOVO\OneDrive\medtech project\Imagens e Matrizes da Tese de Thiago Alves Elias da Silva\Desenvolvimento da Metodologia\SAUDAΓòá├╝VEIS\55\Segmentadas\PAC_44_DN5-dir.png,640,480,307200,26254,8.546223958333334,280946,91.45377604166667,1,194,141.59545212158147,25.141055784353632,175,196,
55,0,Healthy,1,6,PAC_44_DN6-dir.png,C:\Users\LENOVO\OneDrive\medtech project\Imagens e Matrizes da Tese de Thiago Alves Elias da Silva\Desenvolvimento da Metodologia\SAUDAΓòá├╝VEIS\55\Segmentadas\PAC_44_DN6-dir.png,640,480,307200,24359,7.929361979166667,282841,92.07063802083333,1,205,141.69740137115645,25.495373352427826,174,185,
55,0,Healthy,1,7,PAC_44_DN7-dir.png,C:\Users\LENOVO\OneDrive\medtech project\Imagens e Matrizes da Tese de Thiago Alves Elias da Silva\Desenvolvimento da Metodologia\SAUDAΓòá├╝VEIS\55\Segmentadas\PAC_44_DN7-dir.png,640,480,307200,26253,8.5458984375,280947,91.4541015625,1,208,141.58054317601798,25.872479061689447,173,200,
55,0,Healthy,1,8,PAC_44_DN8-dir.png,C:\Users\LENOVO\OneDrive\medtech project\Imagens e Matrizes da Tese de Thiago Alves Elias da Silva\Desenvolvimento da Metodologia\SAUDAΓòá├╝VEIS\55\Segmentadas\PAC_44_DN8-dir.png,640,480,307200,25613,8.337565104166666,281587,91.66243489583333,1,201,139.87455588958733,25.443862745470625,177,192,
55,0,Healthy,1,9,PAC_44_DN9-dir.png,C:\Users\LENOVO\OneDrive\medtech project\Imagens e Matrizes da Tese de Thiago Alves Elias da Silva\Desenvolvimento da Metodologia\SAUDAΓòá├╝VEIS\55\Segmentadas\PAC_44_DN9-dir.png,640,480,307200,25264,8.223958333333334,281936,91.77604166666666,1,202,140.31629987333756,25.743855560152014,178,195,
55,0,Healthy,1,10,PAC_44_DN10-dir.png,C:\Users\LENOVO\OneDrive\medtech project\Imagens e Matrizes da Tese de Thiago Alves Elias da Silva\Desenvolvimento da Metodologia\SAUDAΓòá├╝VEIS\55\Segmentadas\PAC_44_DN10-dir.png,640,480,307200,24682,8.034505208333332,282518,91.96549479166667,1,199,139.05712665100074,25.18696271832064,171,187,
55,0,Healthy,1,11,PAC_44_DN11-dir.png,C:\Users\LENOVO\OneDrive\medtech project\Imagens e Matrizes da Tese de Thiago Alves Elias da Silva\Desenvolvimento da Metodologia\SAUDAΓòá├╝VEIS\55\Segmentadas\PAC_44_DN11-dir.png,640,480,307200,23294,7.582682291666666,283906,92.41731770833333,1,198,136.89941615866746,24.0901751484304,162,186,
55,0,Healthy,1,12,PAC_44_DN12-dir.png,C:\Users\LENOVO\OneDrive\medtech project\Imagens e Matrizes da Tese de Thiago Alves Elias da Silva\Desenvolvimento da Metodologia\SAUDAΓòá├╝VEIS\55\Segmentadas\PAC_44_DN12-dir.png,640,480,307200,26258,8.547526041666668,280942,91.45247395833334,1,203,139.0394546423947,25.280922319464832,175,201,
55,0,Healthy,1,13,PAC_44_DN13-dir.png,C:\Users\LENOVO\OneDrive\medtech project\Imagens e Matrizes da Tese de Thiago Alves Elias da Silva\Desenvolvimento da Metodologia\SAUDAΓòá├╝VEIS\55\Segmentadas\PAC_44_DN13-dir.png,640,480,307200,25198,8.202473958333334,282002,91.79752604166667,1,199,139.0590919914279,25.64534239342692,177,191,
55,0,Healthy,1,14,PAC_44_DN14-dir.png,C:\Users\LENOVO\OneDrive\medtech project\Imagens e Matrizes da Tese de Thiago Alves Elias da Silva\Desenvolvimento da Metodologia\SAUDAΓòá├╝VEIS\55\Segmentadas\PAC_44_DN14-dir.png,640,480,307200,25097,8.169596354166666,282103,91.83040364583334,1,193,138.3469737418815,24.95220162882747,172,195,
55,0,Healthy,1,15,PAC_44_DN15-dir.png,C:\Users\LENOVO\OneDrive\medtech project\Imagens e Matrizes da Tese de Thiago Alves Elias da Silva\Desenvolvimento da Metodologia\SAUDAΓòá├╝VEIS\55\Segmentadas\PAC_44_DN15-dir.png,640,480,307200,26924,8.764322916666668,280276,91.23567708333333,1,193,138.69722180953795,25.63046054613221,180,202,
55,0,Healthy,1,16,PAC_44_DN16-dir.png,C:\Users\LENOVO\OneDrive\medtech project\Imagens e Matrizes da Tese de Thiago Alves Elias da Silva\Desenvolvimento da Metodologia\SAUDAΓòá├╝VEIS\55\Segmentadas\PAC_44_DN16-dir.png,640,480,307200,26736,8.703125,280464,91.296875,1,198,139.10921603830042,26.156418990037835,184,196,
55,0,Healthy,1,17,PAC_44_DN17-dir.png,C:\Users\LENOVO\OneDrive\medtech project\Imagens e Matrizes da Tese de Thiago Alves Elias da Silva\Desenvolvimento da Metodologia\SAUDAΓòá├╝VEIS\55\Segmentadas\PAC_44_DN17-dir.png,640,480,307200,27518,8.957682291666668,279682,91.04231770833333,1,191,138.35514935678464,25.43880624257592,180,207,
55,0,Healthy,1,18,PAC_44_DN18-dir.png,C:\Users\LENOVO\OneDrive\medtech project\Imagens e Matrizes da Tese de Thiago Alves Elias da Silva\Desenvolvimento da Metodologia\SAUDAΓòá├╝VEIS\55\Segmentadas\PAC_44_DN18-dir.png,640,480,307200,24920,8.111979166666666,282280,91.88802083333333,1,202,135.92343499197432,24.961890627643736,171,192,
55,0,Healthy,1,19,PAC_44_DN19-dir.png,C:\Users\LENOVO\OneDrive\medtech project\Imagens e Matrizes da Tese de Thiago Alves Elias da Silva\Desenvolvimento da Metodologia\SAUDAΓòá├╝VEIS\55\Segmentadas\PAC_44_DN19-dir.png,640,480,307200,23142,7.533203125,284058,92.466796875,1,196,133.36561230662863,24.68682728623247,164,186,
750,0,Healthy,1,0,PAC_46_DN0-dir.png,C:\Users\LENOVO\OneDrive\medtech project\Imagens e Matrizes da Tese de Thiago Alves Elias da Silva\Desenvolvimento da Metodologia\SAUDAΓòá├╝VEIS\750\Segmentadas\PAC_46_DN0-dir.png,640,480,307200,46018,14.979817708333334,261182,85.02018229166667,85,220,135.12040940501544,14.36680391713793,239,279,
750,0,Healthy,1,1,PAC_46_DN1-dir.png,C:\Users\LENOVO\OneDrive\medtech project\Imagens e Matrizes da Tese de Thiago Alves Elias da Silva\Desenvolvimento da Metodologia\SAUDAΓòá├╝VEIS\750\Segmentadas\PAC_46_DN1-dir.png,640,480,307200,47190,15.361328125000002,260010,84.638671875,81,209,135.9275482093664,14.544396295512877,241,283,
750,0,Healthy,1,2,PAC_46_DN2-dir.png,C:\Users\LENOVO\OneDrive\medtech project\Imagens e Matrizes da Tese de Thiago Alves Elias da Silva\Desenvolvimento da Metodologia\SAUDAΓòá├╝VEIS\750\Segmentadas\PAC_46_DN2-dir.png,640,480,307200,47331,15.407226562500002,259869,84.5927734375,89,223,137.8219560119161,14.705146545496213,238,285,
750,0,Healthy,1,3,PAC_46_DN3-dir.png,C:\Users\LENOVO\OneDrive\medtech project\Imagens e Matrizes da Tese de Thiago Alves Elias da Silva\Desenvolvimento da Metodologia\SAUDAΓòá├╝VEIS\750\Segmentadas\PAC_46_DN3-dir.png,640,480,307200,47836,15.571614583333334,259364,84.42838541666666,79,216,137.7582991888954,14.56916133122519,240,285,
750,0,Healthy,1,4,PAC_46_DN4-dir.png,C:\Users\LENOVO\OneDrive\medtech project\Imagens e Matrizes da Tese de Thiago Alves Elias da Silva\Desenvolvimento da Metodologia\SAUDAΓòá├╝VEIS\750\Segmentadas\PAC_46_DN4-dir.png,640,480,307200,46941,15.2802734375,260259,84.7197265625,86,217,138.25448967853262,14.431364674412077,240,284,
750,0,Healthy,1,5,PAC_46_DN5-dir.png,C:\Users\LENOVO\OneDrive\medtech project\Imagens e Matrizes da Tese de Thiago Alves Elias da Silva\Desenvolvimento da Metodologia\SAUDAΓòá├╝VEIS\750\Segmentadas\PAC_46_DN5-dir.png,640,480,307200,48103,15.658528645833334,259097,84.34147135416666,86,227,137.58337317838803,15.05382686563738,241,289,
750,0,Healthy,1,6,PAC_46_DN6-dir.png,C:\Users\LENOVO\OneDrive\medtech project\Imagens e Matrizes da Tese de Thiago Alves Elias da Silva\Desenvolvimento da Metodologia\SAUDAΓòá├╝VEIS\750\Segmentadas\PAC_46_DN6-dir.png,640,480,307200,47226,15.373046874999998,259974,84.626953125,81,224,136.35973827976116,14.414585597506765,242,284,
750,0,Healthy,1,7,PAC_46_DN7-dir.png,C:\Users\LENOVO\OneDrive\medtech project\Imagens e Matrizes da Tese de Thiago Alves Elias da Silva\Desenvolvimento da Metodologia\SAUDAΓòá├╝VEIS\750\Segmentadas\PAC_46_DN7-dir.png,640,480,307200,47186,15.360026041666666,260014,84.63997395833334,79,211,136.82927139405757,14.287385111996576,244,284,
750,0,Healthy,1,8,PAC_46_DN8-dir.png,C:\Users\LENOVO\OneDrive\medtech project\Imagens e Matrizes da Tese de Thiago Alves Elias da Silva\Desenvolvimento da Metodologia\SAUDAΓòá├╝VEIS\750\Segmentadas\PAC_46_DN8-dir.png,640,480,307200,45820,14.915364583333332,261380,85.08463541666667,78,217,135.56392405063292,14.407174971834213,237,280,
750,0,Healthy,1,9,PAC_46_DN9-dir.png,C:\Users\LENOVO\OneDrive\medtech project\Imagens e Matrizes da Tese de Thiago Alves Elias da Silva\Desenvolvimento da Metodologia\SAUDAΓòá├╝VEIS\750\Segmentadas\PAC_46_DN9-dir.png,640,480,307200,46789,15.230794270833334,260411,84.76920572916666,91,221,136.83786787492787,14.576834002777629,240,284,
750,0,Healthy,1,10,PAC_46_DN10-dir.png,C:\Users\LENOVO\OneDrive\medtech project\Imagens e Matrizes da Tese de Thiago Alves Elias da Silva\Desenvolvimento da Metodologia\SAUDAΓòá├╝VEIS\750\Segmentadas\PAC_46_DN10-dir.png,640,480,307200,47137,15.344075520833334,260063,84.65592447916667,79,221,138.4757409253877,14.751425956292636,240,283,
750,0,Healthy,1,11,PAC_46_DN11-dir.png,C:\Users\LENOVO\OneDrive\medtech project\Imagens e Matrizes da Tese de Thiago Alves Elias da Silva\Desenvolvimento da Metodologia\SAUDAΓòá├╝VEIS\750\Segmentadas\PAC_46_DN11-dir.png,640,480,307200,47783,15.554361979166668,259417,84.44563802083334,86,229,136.64345059958563,14.990827594009367,242,285,
750,0,Healthy,1,12,PAC_46_DN12-dir.png,C:\Users\LENOVO\OneDrive\medtech project\Imagens e Matrizes da Tese de Thiago Alves Elias da Silva\Desenvolvimento da Metodologia\SAUDAΓòá├╝VEIS\750\Segmentadas\PAC_46_DN12-dir.png,640,480,307200,45229,14.722981770833332,261971,85.27701822916667,89,214,137.42174268721396,14.268272196105098,238,276,
750,0,Healthy,1,13,PAC_46_DN13-dir.png,C:\Users\LENOVO\OneDrive\medtech project\Imagens e Matrizes da Tese de Thiago Alves Elias da Silva\Desenvolvimento da Metodologia\SAUDAΓòá├╝VEIS\750\Segmentadas\PAC_46_DN13-dir.png,640,480,307200,47693,15.525065104166666,259507,84.47493489583333,85,228,137.5247939949259,14.633308883235621,244,285,
750,0,Healthy,1,14,PAC_46_DN14-dir.png,C:\Users\LENOVO\OneDrive\medtech project\Imagens e Matrizes da Tese de Thiago Alves Elias da Silva\Desenvolvimento da Metodologia\SAUDAΓòá├╝VEIS\750\Segmentadas\PAC_46_DN14-dir.png,640,480,307200,48726,15.861328124999998,258474,84.138671875,77,212,135.4361121372573,14.396736811049172,246,291,
750,0,Healthy,1,15,PAC_46_DN15-dir.png,C:\Users\LENOVO\OneDrive\medtech project\Imagens e Matrizes da Tese de Thiago Alves Elias da Silva\Desenvolvimento da Metodologia\SAUDAΓòá├╝VEIS\750\Segmentadas\PAC_46_DN15-dir.png,640,480,307200,48163,15.678059895833332,259037,84.32194010416667,97,223,136.79287004547058,14.567628564623552,245,286,
750,0,Healthy,1,16,PAC_46_DN16-dir.png,C:\Users\LENOVO\OneDrive\medtech project\Imagens e Matrizes da Tese de Thiago Alves Elias da Silva\Desenvolvimento da Metodologia\SAUDAΓòá├╝VEIS\750\Segmentadas\PAC_46_DN16-dir.png,640,480,307200,48189,15.6865234375,259011,84.3134765625,83,222,133.62931374380045,14.197781062578226,244,289,
750,0,Healthy,1,17,PAC_46_DN17-dir.png,C:\Users\LENOVO\OneDrive\medtech project\Imagens e Matrizes da Tese de Thiago Alves Elias da Silva\Desenvolvimento da Metodologia\SAUDAΓòá├╝VEIS\750\Segmentadas\PAC_46_DN17-dir.png,640,480,307200,45352,14.763020833333334,261848,85.23697916666667,83,212,133.0401305344858,14.02608178509828,239,278,
750,0,Healthy,1,18,PAC_46_DN18-dir.png,C:\Users\LENOVO\OneDrive\medtech project\Imagens e Matrizes da Tese de Thiago Alves Elias da Silva\Desenvolvimento da Metodologia\SAUDAΓòá├╝VEIS\750\Segmentadas\PAC_46_DN18-dir.png,640,480,307200,47686,15.522786458333334,259514,84.47721354166666,84,200,134.71872247619845,14.294985323142571,242,283,
750,0,Healthy,1,19,PAC_46_DN19-dir.png,C:\Users\LENOVO\OneDrive\medtech project\Imagens e Matrizes da Tese de Thiago Alves Elias da Silva\Desenvolvimento da Metodologia\SAUDAΓòá├╝VEIS\750\Segmentadas\PAC_46_DN19-dir.png,640,480,307200,47520,15.46875,259680,84.53125,78,216,134.6705808080808,14.427153067125126,241,283,
800,0,Healthy,1,0,PAC_43_DN0-dir.png,C:\Users\LENOVO\OneDrive\medtech project\Imagens e Matrizes da Tese de Thiago Alves Elias da Silva\Desenvolvimento da Metodologia\SAUDAΓòá├╝VEIS\800\Segmentadas\PAC_43_DN0-dir.png,640,480,307200,39769,12.945638020833334,267431,87.05436197916666,1,239,129.94744650355804,25.656718362707917,257,274,
800,0,Healthy,1,1,PAC_43_DN1-dir.png,C:\Users\LENOVO\OneDrive\medtech project\Imagens e Matrizes da Tese de Thiago Alves Elias da Silva\Desenvolvimento da Metodologia\SAUDAΓòá├╝VEIS\800\Segmentadas\PAC_43_DN1-dir.png,640,480,307200,42122,13.711588541666666,265078,86.28841145833334,1,231,133.98285931342292,25.256252630923626,257,284,
800,0,Healthy,1,2,PAC_43_DN2-dir.png,C:\Users\LENOVO\OneDrive\medtech project\Imagens e Matrizes da Tese de Thiago Alves Elias da Silva\Desenvolvimento da Metodologia\SAUDAΓòá├╝VEIS\800\Segmentadas\PAC_43_DN2-dir.png,640,480,307200,43603,14.193684895833334,263597,85.80631510416666,1,231,137.12423457101576,25.677461302244375,263,287,
800,0,Healthy,1,3,PAC_43_DN3-dir.png,C:\Users\LENOVO\OneDrive\medtech project\Imagens e Matrizes da Tese de Thiago Alves Elias da Silva\Desenvolvimento da Metodologia\SAUDAΓòá├╝VEIS\800\Segmentadas\PAC_43_DN3-dir.png,640,480,307200,36486,11.876953125,270714,88.123046875,1,234,136.00687935098395,26.673991384925568,248,262,
800,0,Healthy,1,4,PAC_43_DN4-dir.png,C:\Users\LENOVO\OneDrive\medtech project\Imagens e Matrizes da Tese de Thiago Alves Elias da Silva\Desenvolvimento da Metodologia\SAUDAΓòá├╝VEIS\800\Segmentadas\PAC_43_DN4-dir.png,640,480,307200,36996,12.04296875,270204,87.95703125,1,236,136.53632825170288,26.007540353297454,256,264,
800,0,Healthy,1,5,PAC_43_DN5-dir.png,C:\Users\LENOVO\OneDrive\medtech project\Imagens e Matrizes da Tese de Thiago Alves Elias da Silva\Desenvolvimento da Metodologia\SAUDAΓòá├╝VEIS\800\Segmentadas\PAC_43_DN5-dir.png,640,480,307200,38715,12.602539062500002,268485,87.3974609375,1,234,141.8833268758879,26.115047614992346,267,268,
800,0,Healthy,1,6,PAC_43_DN6-dir.png,C:\Users\LENOVO\OneDrive\medtech project\Imagens e Matrizes da Tese de Thiago Alves Elias da Silva\Desenvolvimento da Metodologia\SAUDAΓòá├╝VEIS\800\Segmentadas\PAC_43_DN6-dir.png,640,480,307200,38961,12.6826171875,268239,87.3173828125,1,238,142.45966479299813,26.29175646622266,255,276,
800,0,Healthy,1,7,PAC_43_DN7-dir.png,C:\Users\LENOVO\OneDrive\medtech project\Imagens e Matrizes da Tese de Thiago Alves Elias da Silva\Desenvolvimento da Metodologia\SAUDAΓòá├╝VEIS\800\Segmentadas\PAC_43_DN7-dir.png,640,480,307200,39049,12.711263020833332,268151,87.28873697916667,1,234,140.17490844835976,25.429222918727667,256,269,
800,0,Healthy,1,8,PAC_43_DN8-dir.png,C:\Users\LENOVO\OneDrive\medtech project\Imagens e Matrizes da Tese de Thiago Alves Elias da Silva\Desenvolvimento da Metodologia\SAUDAΓòá├╝VEIS\800\Segmentadas\PAC_43_DN8-dir.png,640,480,307200,39849,12.971679687500002,267351,87.0283203125,1,244,142.18580140028607,26.363329228666835,259,270,
800,0,Healthy,1,9,PAC_43_DN9-dir.png,C:\Users\LENOVO\OneDrive\medtech project\Imagens e Matrizes da Tese de Thiago Alves Elias da Silva\Desenvolvimento da Metodologia\SAUDAΓòá├╝VEIS\800\Segmentadas\PAC_43_DN9-dir.png,640,480,307200,39693,12.9208984375,267507,87.0791015625,1,231,140.25989469175926,25.856919321205055,264,269,
800,0,Healthy,1,10,PAC_43_DN10-dir.png,C:\Users\LENOVO\OneDrive\medtech project\Imagens e Matrizes da Tese de Thiago Alves Elias da Silva\Desenvolvimento da Metodologia\SAUDAΓòá├╝VEIS\800\Segmentadas\PAC_43_DN10-dir.png,640,480,307200,39225,12.7685546875,267975,87.2314453125,1,236,141.39864882090504,26.019622603782633,263,263,
800,0,Healthy,1,11,PAC_43_DN11-dir.png,C:\Users\LENOVO\OneDrive\medtech project\Imagens e Matrizes da Tese de Thiago Alves Elias da Silva\Desenvolvimento da Metodologia\SAUDAΓòá├╝VEIS\800\Segmentadas\PAC_43_DN11-dir.png,640,480,307200,40352,13.135416666666666,266848,86.86458333333333,1,241,141.8068001586043,26.28202976505968,265,271,
800,0,Healthy,1,12,PAC_43_DN12-dir.png,C:\Users\LENOVO\OneDrive\medtech project\Imagens e Matrizes da Tese de Thiago Alves Elias da Silva\Desenvolvimento da Metodologia\SAUDAΓòá├╝VEIS\800\Segmentadas\PAC_43_DN12-dir.png,640,480,307200,39600,12.890625,267600,87.109375,1,240,142.10507575757575,26.263996643527626,262,268,
800,0,Healthy,1,13,PAC_43_DN13-dir.png,C:\Users\LENOVO\OneDrive\medtech project\Imagens e Matrizes da Tese de Thiago Alves Elias da Silva\Desenvolvimento da Metodologia\SAUDAΓòá├╝VEIS\800\Segmentadas\PAC_43_DN13-dir.png,640,480,307200,38576,12.557291666666668,268624,87.44270833333333,1,238,141.13772812111156,25.547530366372627,259,262,
800,0,Healthy,1,14,PAC_43_DN14-dir.png,C:\Users\LENOVO\OneDrive\medtech project\Imagens e Matrizes da Tese de Thiago Alves Elias da Silva\Desenvolvimento da Metodologia\SAUDAΓòá├╝VEIS\800\Segmentadas\PAC_43_DN14-dir.png,640,480,307200,38575,12.556966145833334,268625,87.44303385416666,1,236,141.90916396629942,26.473688724838137,264,269,
800,0,Healthy,1,15,PAC_43_DN15-dir.png,C:\Users\LENOVO\OneDrive\medtech project\Imagens e Matrizes da Tese de Thiago Alves Elias da Silva\Desenvolvimento da Metodologia\SAUDAΓòá├╝VEIS\800\Segmentadas\PAC_43_DN15-dir.png,640,480,307200,37777,12.297200520833334,269423,87.70279947916667,1,249,141.54273764459856,26.765877318616372,262,266,
800,0,Healthy,1,16,PAC_43_DN16-dir.png,C:\Users\LENOVO\OneDrive\medtech project\Imagens e Matrizes da Tese de Thiago Alves Elias da Silva\Desenvolvimento da Metodologia\SAUDAΓòá├╝VEIS\800\Segmentadas\PAC_43_DN16-dir.png,640,480,307200,39058,12.714192708333332,268142,87.28580729166666,1,237,141.16667520098315,25.968811152151172,266,270,
800,0,Healthy,1,17,PAC_43_DN17-dir.png,C:\Users\LENOVO\OneDrive\medtech project\Imagens e Matrizes da Tese de Thiago Alves Elias da Silva\Desenvolvimento da Metodologia\SAUDAΓòá├╝VEIS\800\Segmentadas\PAC_43_DN17-dir.png,640,480,307200,39061,12.715169270833334,268139,87.28483072916666,1,243,140.8793169657715,26.696648079255922,268,267,
800,0,Healthy,1,18,PAC_43_DN18-dir.png,C:\Users\LENOVO\OneDrive\medtech project\Imagens e Matrizes da Tese de Thiago Alves Elias da Silva\Desenvolvimento da Metodologia\SAUDAΓòá├╝VEIS\800\Segmentadas\PAC_43_DN18-dir.png,640,480,307200,38136,12.4140625,269064,87.5859375,1,247,141.34411055170966,25.17951660292515,260,267,
800,0,Healthy,1,19,PAC_43_DN19-dir.png,C:\Users\LENOVO\OneDrive\medtech project\Imagens e Matrizes da Tese de Thiago Alves Elias da Silva\Desenvolvimento da Metodologia\SAUDAΓòá├╝VEIS\800\Segmentadas\PAC_43_DN19-dir.png,640,480,307200,39663,12.9111328125,267537,87.0888671875,1,240,142.47094269218164,25.84012345108949,268,271,
179,1,Sick,1,0,PAC_00_DN0-dir.png,C:\Users\LENOVO\OneDrive\medtech project\Imagens e Matrizes da Tese de Thiago Alves Elias da Silva\Desenvolvimento da Metodologia\DOENTES\179\Segmentadas\PAC_00_DN0-dir.png,640,480,307200,57282,18.646484375,249918,81.353515625,82,228,128.47969693795608,19.257429455074888,219,338,
179,1,Sick,1,1,PAC_00_DN1-dir.png,C:\Users\LENOVO\OneDrive\medtech project\Imagens e Matrizes da Tese de Thiago Alves Elias da Silva\Desenvolvimento da Metodologia\DOENTES\179\Segmentadas\PAC_00_DN1-dir.png,640,480,307200,59544,19.3828125,247656,80.6171875,83,236,132.57127502351202,21.173135918338165,220,356,
179,1,Sick,1,2,PAC_00_DN2-dir.png,C:\Users\LENOVO\OneDrive\medtech project\Imagens e Matrizes da Tese de Thiago Alves Elias da Silva\Desenvolvimento da Metodologia\DOENTES\179\Segmentadas\PAC_00_DN2-dir.png,640,480,307200,55629,18.1083984375,251571,81.8916015625,5,236,135.81160905283215,21.16070327049576,217,343,
179,1,Sick,1,3,PAC_00_DN3-dir.png,C:\Users\LENOVO\OneDrive\medtech project\Imagens e Matrizes da Tese de Thiago Alves Elias da Silva\Desenvolvimento da Metodologia\DOENTES\179\Segmentadas\PAC_00_DN3-dir.png,640,480,307200,58225,18.953450520833336,248975,81.04654947916666,2,221,137.3731386861314,20.39522131828468,223,346,
179,1,Sick,1,4,PAC_00_DN4-dir.png,C:\Users\LENOVO\OneDrive\medtech project\Imagens e Matrizes da Tese de Thiago Alves Elias da Silva\Desenvolvimento da Metodologia\DOENTES\179\Segmentadas\PAC_00_DN4-dir.png,640,480,307200,58217,18.950846354166668,248983,81.04915364583334,5,238,139.5250184653967,21.222825709176306,220,350,
179,1,Sick,1,5,PAC_00_DN5-dir.png,C:\Users\LENOVO\OneDrive\medtech project\Imagens e Matrizes da Tese de Thiago Alves Elias da Silva\Desenvolvimento da Metodologia\DOENTES\179\Segmentadas\PAC_00_DN5-dir.png,640,480,307200,59799,19.4658203125,247401,80.5341796875,65,235,140.3736517333066,20.88029391841704,226,421,
179,1,Sick,1,6,PAC_00_DN6-dir.png,C:\Users\LENOVO\OneDrive\medtech project\Imagens e Matrizes da Tese de Thiago Alves Elias da Silva\Desenvolvimento da Metodologia\DOENTES\179\Segmentadas\PAC_00_DN6-dir.png,640,480,307200,57936,18.859375,249264,81.140625,88,227,141.47989160452914,20.190422095535116,226,339,
179,1,Sick,1,7,PAC_00_DN7-dir.png,C:\Users\LENOVO\OneDrive\medtech project\Imagens e Matrizes da Tese de Thiago Alves Elias da Silva\Desenvolvimento da Metodologia\DOENTES\179\Segmentadas\PAC_00_DN7-dir.png,640,480,307200,58460,19.029947916666668,248740,80.97005208333333,89,225,142.902052685597,20.053697651345484,224,341,
179,1,Sick,1,8,PAC_00_DN8-dir.png,C:\Users\LENOVO\OneDrive\medtech project\Imagens e Matrizes da Tese de Thiago Alves Elias da Silva\Desenvolvimento da Metodologia\DOENTES\179\Segmentadas\PAC_00_DN8-dir.png,640,480,307200,57847,18.830403645833332,249353,81.16959635416666,90,229,144.34703614707763,20.44829837961422,223,341,
179,1,Sick,1,9,PAC_00_DN9-dir.png,C:\Users\LENOVO\OneDrive\medtech project\Imagens e Matrizes da Tese de Thiago Alves Elias da Silva\Desenvolvimento da Metodologia\DOENTES\179\Segmentadas\PAC_00_DN9-dir.png,640,480,307200,53445,17.3974609375,253755,82.6025390625,91,217,143.4362802881467,19.192166875824363,224,335,
179,1,Sick,1,10,PAC_00_DN10-dir.png,C:\Users\LENOVO\OneDrive\medtech project\Imagens e Matrizes da Tese de Thiago Alves Elias da Silva\Desenvolvimento da Metodologia\DOENTES\179\Segmentadas\PAC_00_DN10-dir.png,640,480,307200,59030,19.215494791666668,248170,80.78450520833333,90,236,145.9968490598001,20.726064946113596,220,350,
179,1,Sick,1,11,PAC_00_DN11-dir.png,C:\Users\LENOVO\OneDrive\medtech project\Imagens e Matrizes da Tese de Thiago Alves Elias da Silva\Desenvolvimento da Metodologia\DOENTES\179\Segmentadas\PAC_00_DN11-dir.png,640,480,307200,54805,17.840169270833332,252395,82.15983072916667,91,214,144.97255724842623,19.62663480667366,224,336,
179,1,Sick,1,12,PAC_00_DN12-dir.png,C:\Users\LENOVO\OneDrive\medtech project\Imagens e Matrizes da Tese de Thiago Alves Elias da Silva\Desenvolvimento da Metodologia\DOENTES\179\Segmentadas\PAC_00_DN12-dir.png,640,480,307200,59840,19.479166666666668,247360,80.52083333333333,91,229,146.94792780748662,20.431118683989876,234,344,
179,1,Sick,1,13,PAC_00_DN13-dir.png,C:\Users\LENOVO\OneDrive\medtech project\Imagens e Matrizes da Tese de Thiago Alves Elias da Silva\Desenvolvimento da Metodologia\DOENTES\179\Segmentadas\PAC_00_DN13-dir.png,640,480,307200,60057,19.5498046875,247143,80.4501953125,91,236,148.3657025825466,20.94878140527696,226,347,
179,1,Sick,1,14,PAC_00_DN14-dir.png,C:\Users\LENOVO\OneDrive\medtech project\Imagens e Matrizes da Tese de Thiago Alves Elias da Silva\Desenvolvimento da Metodologia\DOENTES\179\Segmentadas\PAC_00_DN14-dir.png,640,480,307200,55897,18.195638020833332,251303,81.80436197916666,91,225,146.03558330500744,19.752730268411707,225,337,
179,1,Sick,1,15,PAC_00_DN15-dir.png,C:\Users\LENOVO\OneDrive\medtech project\Imagens e Matrizes da Tese de Thiago Alves Elias da Silva\Desenvolvimento da Metodologia\DOENTES\179\Segmentadas\PAC_00_DN15-dir.png,640,480,307200,59985,19.5263671875,247215,80.4736328125,90,222,146.44034341918814,20.005274277012152,241,338,
179,1,Sick,1,16,PAC_00_DN16-dir.png,C:\Users\LENOVO\OneDrive\medtech project\Imagens e Matrizes da Tese de Thiago Alves Elias da Silva\Desenvolvimento da Metodologia\DOENTES\179\Segmentadas\PAC_00_DN16-dir.png,640,480,307200,51578,16.789713541666668,255622,83.21028645833334,88,207,139.93041606886658,18.142767572400533,217,352,
179,1,Sick,1,17,PAC_00_DN17-dir.png,C:\Users\LENOVO\OneDrive\medtech project\Imagens e Matrizes da Tese de Thiago Alves Elias da Silva\Desenvolvimento da Metodologia\DOENTES\179\Segmentadas\PAC_00_DN17-dir.png,640,480,307200,62414,20.317057291666664,244786,79.68294270833334,86,223,142.77506649149228,20.23197856572565,237,352,
179,1,Sick,1,18,PAC_00_DN18-dir.png,C:\Users\LENOVO\OneDrive\medtech project\Imagens e Matrizes da Tese de Thiago Alves Elias da Silva\Desenvolvimento da Metodologia\DOENTES\179\Segmentadas\PAC_00_DN18-dir.png,640,480,307200,59874,19.490234375,247326,80.509765625,90,223,145.1938403981695,19.74002640038217,228,340,
179,1,Sick,1,19,PAC_00_DN19-dir.png,C:\Users\LENOVO\OneDrive\medtech project\Imagens e Matrizes da Tese de Thiago Alves Elias da Silva\Desenvolvimento da Metodologia\DOENTES\179\Segmentadas\PAC_00_DN19-dir.png,640,480,307200,54961,17.890950520833336,252239,82.10904947916666,91,216,145.4321791816015,19.261491797925064,227,337,
209,1,Sick,1,0,PAC_09_DN0-esq.png,C:\Users\LENOVO\OneDrive\medtech project\Imagens e Matrizes da Tese de Thiago Alves Elias da Silva\Desenvolvimento da Metodologia\DOENTES\209\Segmentadas\PAC_09_DN0-esq.png,640,480,307200,56177,18.286783854166664,251023,81.71321614583333,66,244,164.5108140342133,18.58181543701715,254,315,
209,1,Sick,1,1,PAC_09_DN1-esq.png,C:\Users\LENOVO\OneDrive\medtech project\Imagens e Matrizes da Tese de Thiago Alves Elias da Silva\Desenvolvimento da Metodologia\DOENTES\209\Segmentadas\PAC_09_DN1-esq.png,640,480,307200,59038,19.218098958333332,248162,80.78190104166667,58,239,163.1318134083133,18.47702696758237,252,318,
209,1,Sick,1,2,PAC_09_DN2-esq.png,C:\Users\LENOVO\OneDrive\medtech project\Imagens e Matrizes da Tese de Thiago Alves Elias da Silva\Desenvolvimento da Metodologia\DOENTES\209\Segmentadas\PAC_09_DN2-esq.png,640,480,307200,54674,17.797526041666668,252526,82.20247395833333,97,243,168.73716940410432,17.929942722691912,249,307,
209,1,Sick,1,3,PAC_09_DN3-esq.png,C:\Users\LENOVO\OneDrive\medtech project\Imagens e Matrizes da Tese de Thiago Alves Elias da Silva\Desenvolvimento da Metodologia\DOENTES\209\Segmentadas\PAC_09_DN3-esq.png,640,480,307200,55723,18.138997395833336,251477,81.86100260416667,71,237,170.46296861260163,18.595525167754644,248,315,
209,1,Sick,1,4,PAC_09_DN4-esq.png,C:\Users\LENOVO\OneDrive\medtech project\Imagens e Matrizes da Tese de Thiago Alves Elias da Silva\Desenvolvimento da Metodologia\DOENTES\209\Segmentadas\PAC_09_DN4-esq.png,640,480,307200,54821,17.845377604166668,252379,82.15462239583333,96,249,170.38472483172507,17.938352103199556,245,314,
209,1,Sick,1,5,PAC_09_DN5-esq.png,C:\Users\LENOVO\OneDrive\medtech project\Imagens e Matrizes da Tese de Thiago Alves Elias da Silva\Desenvolvimento da Metodologia\DOENTES\209\Segmentadas\PAC_09_DN5-esq.png,640,480,307200,54555,17.7587890625,252645,82.2412109375,97,253,171.2162221611218,17.888246373649814,243,318,
209,1,Sick,1,6,PAC_09_DN6-esq.png,C:\Users\LENOVO\OneDrive\medtech project\Imagens e Matrizes da Tese de Thiago Alves Elias da Silva\Desenvolvimento da Metodologia\DOENTES\209\Segmentadas\PAC_09_DN6-esq.png,640,480,307200,56938,18.534505208333332,250262,81.46549479166667,98,253,170.98969054058801,17.87277061350556,246,317,
209,1,Sick,1,7,PAC_09_DN7-esq.png,C:\Users\LENOVO\OneDrive\medtech project\Imagens e Matrizes da Tese de Thiago Alves Elias da Silva\Desenvolvimento da Metodologia\DOENTES\209\Segmentadas\PAC_09_DN7-esq.png,640,480,307200,55929,18.2060546875,251271,81.7939453125,96,254,171.38039299826565,17.89852622777814,248,316,
209,1,Sick,1,8,PAC_09_DN8-esq.png,C:\Users\LENOVO\OneDrive\medtech project\Imagens e Matrizes da Tese de Thiago Alves Elias da Silva\Desenvolvimento da Metodologia\DOENTES\209\Segmentadas\PAC_09_DN8-esq.png,640,480,307200,57003,18.5556640625,250197,81.4443359375,98,254,171.87583109660895,17.571571364365877,249,319,
209,1,Sick,1,9,PAC_09_DN9-esq.png,C:\Users\LENOVO\OneDrive\medtech project\Imagens e Matrizes da Tese de Thiago Alves Elias da Silva\Desenvolvimento da Metodologia\DOENTES\209\Segmentadas\PAC_09_DN9-esq.png,640,480,307200,56400,18.359375,250800,81.640625,97,250,172.2131560283688,17.68151328436852,289,409,
209,1,Sick,1,10,PAC_09_DN10-esq.png,C:\Users\LENOVO\OneDrive\medtech project\Imagens e Matrizes da Tese de Thiago Alves Elias da Silva\Desenvolvimento da Metodologia\DOENTES\209\Segmentadas\PAC_09_DN10-esq.png,640,480,307200,57112,18.591145833333332,250088,81.40885416666667,98,243,173.22590698977447,17.334468836616583,252,317,
209,1,Sick,1,11,PAC_09_DN11-esq.png,C:\Users\LENOVO\OneDrive\medtech project\Imagens e Matrizes da Tese de Thiago Alves Elias da Silva\Desenvolvimento da Metodologia\DOENTES\209\Segmentadas\PAC_09_DN11-esq.png,640,480,307200,58102,18.913411458333336,249098,81.08658854166667,99,245,172.95180888781798,17.673592596558038,249,320,
209,1,Sick,1,12,PAC_09_DN12-esq.png,C:\Users\LENOVO\OneDrive\medtech project\Imagens e Matrizes da Tese de Thiago Alves Elias da Silva\Desenvolvimento da Metodologia\DOENTES\209\Segmentadas\PAC_09_DN12-esq.png,640,480,307200,58099,18.912434895833332,249101,81.08756510416667,98,248,173.49563675794764,17.678573131039236,252,320,
209,1,Sick,1,13,PAC_09_DN13-esq.png,C:\Users\LENOVO\OneDrive\medtech project\Imagens e Matrizes da Tese de Thiago Alves Elias da Silva\Desenvolvimento da Metodologia\DOENTES\209\Segmentadas\PAC_09_DN13-esq.png,640,480,307200,56431,18.369466145833332,250769,81.63053385416667,98,244,173.59038471761974,17.339447090888665,257,305,
209,1,Sick,1,14,PAC_09_DN14-esq.png,C:\Users\LENOVO\OneDrive\medtech project\Imagens e Matrizes da Tese de Thiago Alves Elias da Silva\Desenvolvimento da Metodologia\DOENTES\209\Segmentadas\PAC_09_DN14-esq.png,640,480,307200,57870,18.837890625,249330,81.162109375,98,245,173.87805425954727,17.333047426017444,254,316,
209,1,Sick,1,15,PAC_09_DN15-esq.png,C:\Users\LENOVO\OneDrive\medtech project\Imagens e Matrizes da Tese de Thiago Alves Elias da Silva\Desenvolvimento da Metodologia\DOENTES\209\Segmentadas\PAC_09_DN15-esq.png,640,480,307200,58449,19.0263671875,248751,80.9736328125,98,255,173.22481137401837,17.27803458719523,251,319,
209,1,Sick,1,16,PAC_09_DN16-esq.png,C:\Users\LENOVO\OneDrive\medtech project\Imagens e Matrizes da Tese de Thiago Alves Elias da Silva\Desenvolvimento da Metodologia\DOENTES\209\Segmentadas\PAC_09_DN16-esq.png,640,480,307200,57577,18.742513020833336,249623,81.25748697916667,98,242,173.3910415617347,17.211735089115997,253,315,
209,1,Sick,1,17,PAC_09_DN17-esq.png,C:\Users\LENOVO\OneDrive\medtech project\Imagens e Matrizes da Tese de Thiago Alves Elias da Silva\Desenvolvimento da Metodologia\DOENTES\209\Segmentadas\PAC_09_DN17-esq.png,640,480,307200,56945,18.536783854166668,250255,81.46321614583333,99,254,173.77179734831856,17.47349686160463,253,312,
209,1,Sick,1,18,PAC_09_DN18-esq.png,C:\Users\LENOVO\OneDrive\medtech project\Imagens e Matrizes da Tese de Thiago Alves Elias da Silva\Desenvolvimento da Metodologia\DOENTES\209\Segmentadas\PAC_09_DN18-esq.png,640,480,307200,55754,18.149088541666668,251446,81.85091145833333,98,251,174.42818452487714,17.293647798171204,257,308,
209,1,Sick,1,19,PAC_09_DN19-esq.png,C:\Users\LENOVO\OneDrive\medtech project\Imagens e Matrizes da Tese de Thiago Alves Elias da Silva\Desenvolvimento da Metodologia\DOENTES\209\Segmentadas\PAC_09_DN19-esq.png,640,480,307200,57057,18.5732421875,250143,81.4267578125,99,252,174.90632174842702,17.663574464685933,253,315,
240,1,Sick,1,0,PAC_24_DN0-dir.png,C:\Users\LENOVO\OneDrive\medtech project\Imagens e Matrizes da Tese de Thiago Alves Elias da Silva\Desenvolvimento da Metodologia\DOENTES\240\Segmentadas\PAC_24_DN0-dir.png,640,480,307200,33974,11.059244791666668,273226,88.94075520833333,112,238,197.74442220521576,15.563987465752636,178,227,
240,1,Sick,1,1,PAC_24_DN1-dir.png,C:\Users\LENOVO\OneDrive\medtech project\Imagens e Matrizes da Tese de Thiago Alves Elias da Silva\Desenvolvimento da Metodologia\DOENTES\240\Segmentadas\PAC_24_DN1-dir.png,640,480,307200,34797,11.3271484375,272403,88.6728515625,118,239,197.31327413282753,15.551530535040552,177,234,
240,1,Sick,1,2,PAC_24_DN2-dir.png,C:\Users\LENOVO\OneDrive\medtech project\Imagens e Matrizes da Tese de Thiago Alves Elias da Silva\Desenvolvimento da Metodologia\DOENTES\240\Segmentadas\PAC_24_DN2-dir.png,640,480,307200,33918,11.041015625,273282,88.958984375,121,238,195.37693849873224,15.684255408498665,178,226,
240,1,Sick,1,3,PAC_24_DN3-dir.png,C:\Users\LENOVO\OneDrive\medtech project\Imagens e Matrizes da Tese de Thiago Alves Elias da Silva\Desenvolvimento da Metodologia\DOENTES\240\Segmentadas\PAC_24_DN3-dir.png,640,480,307200,34960,11.380208333333334,272240,88.61979166666667,91,234,193.97977688787185,15.454601247569865,177,235,
240,1,Sick,1,4,PAC_24_DN4-dir.png,C:\Users\LENOVO\OneDrive\medtech project\Imagens e Matrizes da Tese de Thiago Alves Elias da Silva\Desenvolvimento da Metodologia\DOENTES\240\Segmentadas\PAC_24_DN4-dir.png,640,480,307200,35057,11.411783854166666,272143,88.58821614583333,126,235,195.64329520495193,15.176374527479423,182,231,
240,1,Sick,1,5,PAC_24_DN5-dir.png,C:\Users\LENOVO\OneDrive\medtech project\Imagens e Matrizes da Tese de Thiago Alves Elias da Silva\Desenvolvimento da Metodologia\DOENTES\240\Segmentadas\PAC_24_DN5-dir.png,640,480,307200,36211,11.787434895833334,270989,88.21256510416666,124,237,195.00613073375493,15.421971151396368,187,233,
240,1,Sick,1,6,PAC_24_DN6-dir.png,C:\Users\LENOVO\OneDrive\medtech project\Imagens e Matrizes da Tese de Thiago Alves Elias da Silva\Desenvolvimento da Metodologia\DOENTES\240\Segmentadas\PAC_24_DN6-dir.png,640,480,307200,36955,12.029622395833334,270245,87.97037760416667,113,235,195.13432553105127,15.246961904902868,194,228,
240,1,Sick,1,7,PAC_24_DN7-dir.png,C:\Users\LENOVO\OneDrive\medtech project\Imagens e Matrizes da Tese de Thiago Alves Elias da Silva\Desenvolvimento da Metodologia\DOENTES\240\Segmentadas\PAC_24_DN7-dir.png,640,480,307200,35524,11.563802083333332,271676,88.43619791666667,93,242,198.0958506924896,15.701208312498482,185,226,
240,1,Sick,1,8,PAC_24_DN8-dir.png,C:\Users\LENOVO\OneDrive\medtech project\Imagens e Matrizes da Tese de Thiago Alves Elias da Silva\Desenvolvimento da Metodologia\DOENTES\240\Segmentadas\PAC_24_DN8-dir.png,640,480,307200,34350,11.181640625,272850,88.818359375,91,237,197.91371179039302,15.35388873618175,179,228,
240,1,Sick,1,9,PAC_24_DN9-dir.png,C:\Users\LENOVO\OneDrive\medtech project\Imagens e Matrizes da Tese de Thiago Alves Elias da Silva\Desenvolvimento da Metodologia\DOENTES\240\Segmentadas\PAC_24_DN9-dir.png,640,480,307200,33904,11.036458333333334,273296,88.96354166666667,96,240,198.70035983954696,15.765522620715908,175,228,
240,1,Sick,1,10,PAC_24_DN10-dir.png,C:\Users\LENOVO\OneDrive\medtech project\Imagens e Matrizes da Tese de Thiago Alves Elias da Silva\Desenvolvimento da Metodologia\DOENTES\240\Segmentadas\PAC_24_DN10-dir.png,640,480,307200,35572,11.579427083333334,271628,88.42057291666666,135,241,198.46086809850445,15.628378666209406,182,231,
240,1,Sick,1,11,PAC_24_DN11-dir.png,C:\Users\LENOVO\OneDrive\medtech project\Imagens e Matrizes da Tese de Thiago Alves Elias da Silva\Desenvolvimento da Metodologia\DOENTES\240\Segmentadas\PAC_24_DN11-dir.png,640,480,307200,33664,10.958333333333334,273536,89.04166666666666,80,240,201.2197005703422,15.903139537641236,174,230,
240,1,Sick,1,12,PAC_24_DN12-dir.png,C:\Users\LENOVO\OneDrive\medtech project\Imagens e Matrizes da Tese de Thiago Alves Elias da Silva\Desenvolvimento da Metodologia\DOENTES\240\Segmentadas\PAC_24_DN12-dir.png,640,480,307200,37345,12.156575520833334,269855,87.84342447916667,138,242,202.64447717231224,15.498943099608264,191,233,
240,1,Sick,1,13,PAC_24_DN13-dir.png,C:\Users\LENOVO\OneDrive\medtech project\Imagens e Matrizes da Tese de Thiago Alves Elias da Silva\Desenvolvimento da Metodologia\DOENTES\240\Segmentadas\PAC_24_DN13-dir.png,640,480,307200,34510,11.233723958333334,272690,88.76627604166667,83,239,201.87058823529412,15.42120120943177,181,229,
240,1,Sick,1,14,PAC_24_DN14-dir.png,C:\Users\LENOVO\OneDrive\medtech project\Imagens e Matrizes da Tese de Thiago Alves Elias da Silva\Desenvolvimento da Metodologia\DOENTES\240\Segmentadas\PAC_24_DN14-dir.png,640,480,307200,33180,10.80078125,274020,89.19921875,73,238,203.5031344183243,15.867206880541023,174,227,
240,1,Sick,1,15,PAC_24_DN15-dir.png,C:\Users\LENOVO\OneDrive\medtech project\Imagens e Matrizes da Tese de Thiago Alves Elias da Silva\Desenvolvimento da Metodologia\DOENTES\240\Segmentadas\PAC_24_DN15-dir.png,640,480,307200,33734,10.981119791666668,273466,89.01888020833333,90,243,204.04944566312918,15.82741516321028,178,225,
240,1,Sick,1,16,PAC_24_DN16-dir.png,C:\Users\LENOVO\OneDrive\medtech project\Imagens e Matrizes da Tese de Thiago Alves Elias da Silva\Desenvolvimento da Metodologia\DOENTES\240\Segmentadas\PAC_24_DN16-dir.png,640,480,307200,35953,11.703450520833334,271247,88.29654947916666,132,247,207.0371039968848,15.79019476434212,189,228,
240,1,Sick,1,17,PAC_24_DN17-dir.png,C:\Users\LENOVO\OneDrive\medtech project\Imagens e Matrizes da Tese de Thiago Alves Elias da Silva\Desenvolvimento da Metodologia\DOENTES\240\Segmentadas\PAC_24_DN17-dir.png,640,480,307200,34635,11.2744140625,272565,88.7255859375,140,241,202.25699436985707,15.385550294944625,183,227,
240,1,Sick,1,18,PAC_24_DN18-dir.png,C:\Users\LENOVO\OneDrive\medtech project\Imagens e Matrizes da Tese de Thiago Alves Elias da Silva\Desenvolvimento da Metodologia\DOENTES\240\Segmentadas\PAC_24_DN18-dir.png,640,480,307200,36427,11.857747395833334,270773,88.14225260416667,143,240,201.8862107777198,15.357715549509724,189,229,
240,1,Sick,1,19,PAC_24_DN19-dir.png,C:\Users\LENOVO\OneDrive\medtech project\Imagens e Matrizes da Tese de Thiago Alves Elias da Silva\Desenvolvimento da Metodologia\DOENTES\240\Segmentadas\PAC_24_DN19-dir.png,640,480,307200,34923,11.3681640625,272277,88.6318359375,115,238,201.52698794490738,15.103367567415848,183,227,
255,1,Sick,1,0,PAC_54_DN0-dir.png,C:\Users\LENOVO\OneDrive\medtech project\Imagens e Matrizes da Tese de Thiago Alves Elias da Silva\Desenvolvimento da Metodologia\DOENTES\255\Segmentadas\PAC_54_DN0-dir.png,640,480,307200,34865,11.349283854166666,272335,88.65071614583333,1,235,166.7044026961136,19.56690660403283,233,242,
255,1,Sick,1,1,PAC_54_DN1-dir.png,C:\Users\LENOVO\OneDrive\medtech project\Imagens e Matrizes da Tese de Thiago Alves Elias da Silva\Desenvolvimento da Metodologia\DOENTES\255\Segmentadas\PAC_54_DN1-dir.png,640,480,307200,35971,11.709309895833334,271229,88.29069010416667,1,231,166.35878902449195,18.968026652961164,237,249,
255,1,Sick,1,2,PAC_54_DN2-dir.png,C:\Users\LENOVO\OneDrive\medtech project\Imagens e Matrizes da Tese de Thiago Alves Elias da Silva\Desenvolvimento da Metodologia\DOENTES\255\Segmentadas\PAC_54_DN2-dir.png,640,480,307200,34310,11.168619791666666,272890,88.83138020833333,1,241,168.6044593412999,20.11578921500153,233,241,
255,1,Sick,1,3,PAC_54_DN3-dir.png,C:\Users\LENOVO\OneDrive\medtech project\Imagens e Matrizes da Tese de Thiago Alves Elias da Silva\Desenvolvimento da Metodologia\DOENTES\255\Segmentadas\PAC_54_DN3-dir.png,640,480,307200,36209,11.786783854166668,270991,88.21321614583333,1,236,170.22988759700627,19.68654950248599,237,245,
255,1,Sick,1,4,PAC_54_DN4-dir.png,C:\Users\LENOVO\OneDrive\medtech project\Imagens e Matrizes da Tese de Thiago Alves Elias da Silva\Desenvolvimento da Metodologia\DOENTES\255\Segmentadas\PAC_54_DN4-dir.png,640,480,307200,34290,11.162109375,272910,88.837890625,1,234,170.649343832021,19.766350058644942,228,242,
255,1,Sick,1,5,PAC_54_DN5-dir.png,C:\Users\LENOVO\OneDrive\medtech project\Imagens e Matrizes da Tese de Thiago Alves Elias da Silva\Desenvolvimento da Metodologia\DOENTES\255\Segmentadas\PAC_54_DN5-dir.png,640,480,307200,35102,11.426432291666666,272098,88.57356770833333,1,225,170.79776081134978,19.273552110364516,231,240,
255,1,Sick,1,6,PAC_54_DN6-dir.png,C:\Users\LENOVO\OneDrive\medtech project\Imagens e Matrizes da Tese de Thiago Alves Elias da Silva\Desenvolvimento da Metodologia\DOENTES\255\Segmentadas\PAC_54_DN6-dir.png,640,480,307200,35082,11.419921875,272118,88.580078125,1,232,168.13354426771565,19.593239324444326,235,243,
255,1,Sick,1,7,PAC_54_DN7-dir.png,C:\Users\LENOVO\OneDrive\medtech project\Imagens e Matrizes da Tese de Thiago Alves Elias da Silva\Desenvolvimento da Metodologia\DOENTES\255\Segmentadas\PAC_54_DN7-dir.png,640,480,307200,34495,11.228841145833334,272705,88.77115885416667,1,225,168.4663574431077,19.714408765353973,231,242,
255,1,Sick,1,8,PAC_54_DN8-dir.png,C:\Users\LENOVO\OneDrive\medtech project\Imagens e Matrizes da Tese de Thiago Alves Elias da Silva\Desenvolvimento da Metodologia\DOENTES\255\Segmentadas\PAC_54_DN8-dir.png,640,480,307200,38303,12.468424479166666,268897,87.53157552083334,1,241,171.09568441114274,19.413836971043608,242,254,
255,1,Sick,1,9,PAC_54_DN9-dir.png,C:\Users\LENOVO\OneDrive\medtech project\Imagens e Matrizes da Tese de Thiago Alves Elias da Silva\Desenvolvimento da Metodologia\DOENTES\255\Segmentadas\PAC_54_DN9-dir.png,640,480,307200,33890,11.031901041666666,273310,88.96809895833333,1,231,170.14343464148718,20.54424710803467,232,235,
255,1,Sick,1,10,PAC_54_DN10-dir.png,C:\Users\LENOVO\OneDrive\medtech project\Imagens e Matrizes da Tese de Thiago Alves Elias da Silva\Desenvolvimento da Metodologia\DOENTES\255\Segmentadas\PAC_54_DN10-dir.png,640,480,307200,34385,11.193033854166666,272815,88.80696614583333,1,233,168.36137850807037,19.94808115720055,235,237,
255,1,Sick,1,11,PAC_54_DN11-dir.png,C:\Users\LENOVO\OneDrive\medtech project\Imagens e Matrizes da Tese de Thiago Alves Elias da Silva\Desenvolvimento da Metodologia\DOENTES\255\Segmentadas\PAC_54_DN11-dir.png,640,480,307200,33715,10.974934895833334,273485,89.02506510416667,1,244,170.32555242473677,20.7234960239871,229,239,
255,1,Sick,1,12,PAC_54_DN12-dir.png,C:\Users\LENOVO\OneDrive\medtech project\Imagens e Matrizes da Tese de Thiago Alves Elias da Silva\Desenvolvimento da Metodologia\DOENTES\255\Segmentadas\PAC_54_DN12-dir.png,640,480,307200,34312,11.169270833333334,272888,88.83072916666667,1,230,169.0951853578923,20.568714574648443,225,244,
255,1,Sick,1,13,PAC_54_DN13-dir.png,C:\Users\LENOVO\OneDrive\medtech project\Imagens e Matrizes da Tese de Thiago Alves Elias da Silva\Desenvolvimento da Metodologia\DOENTES\255\Segmentadas\PAC_54_DN13-dir.png,640,480,307200,35667,11.6103515625,271533,88.3896484375,1,232,172.04654162110634,20.26936581212087,239,244,
255,1,Sick,1,14,PAC_54_DN14-dir.png,C:\Users\LENOVO\OneDrive\medtech project\Imagens e Matrizes da Tese de Thiago Alves Elias da Silva\Desenvolvimento da Metodologia\DOENTES\255\Segmentadas\PAC_54_DN14-dir.png,640,480,307200,35922,11.693359375,271278,88.306640625,1,221,169.49081342909636,19.98499622927282,236,249,
255,1,Sick,1,15,PAC_54_DN15-dir.png,C:\Users\LENOVO\OneDrive\medtech project\Imagens e Matrizes da Tese de Thiago Alves Elias da Silva\Desenvolvimento da Metodologia\DOENTES\255\Segmentadas\PAC_54_DN15-dir.png,640,480,307200,34367,11.187174479166668,272833,88.81282552083334,1,228,171.0170512410161,20.780406583023737,232,237,
255,1,Sick,1,16,PAC_54_DN16-dir.png,C:\Users\LENOVO\OneDrive\medtech project\Imagens e Matrizes da Tese de Thiago Alves Elias da Silva\Desenvolvimento da Metodologia\DOENTES\255\Segmentadas\PAC_54_DN16-dir.png,640,480,307200,37765,12.293294270833334,269435,87.70670572916667,1,239,172.83778631007547,20.518398920614427,250,253,
255,1,Sick,1,17,PAC_54_DN17-dir.png,C:\Users\LENOVO\OneDrive\medtech project\Imagens e Matrizes da Tese de Thiago Alves Elias da Silva\Desenvolvimento da Metodologia\DOENTES\255\Segmentadas\PAC_54_DN17-dir.png,640,480,307200,34591,11.260091145833332,272609,88.73990885416667,1,226,173.5874649475297,20.96162998490024,234,242,
255,1,Sick,1,18,PAC_54_DN18-dir.png,C:\Users\LENOVO\OneDrive\medtech project\Imagens e Matrizes da Tese de Thiago Alves Elias da Silva\Desenvolvimento da Metodologia\DOENTES\255\Segmentadas\PAC_54_DN18-dir.png,640,480,307200,37623,12.2470703125,269577,87.7529296875,1,216,175.32209021077531,21.09190057101101,242,251,
255,1,Sick,1,19,PAC_54_DN19-dir.png,C:\Users\LENOVO\OneDrive\medtech project\Imagens e Matrizes da Tese de Thiago Alves Elias da Silva\Desenvolvimento da Metodologia\DOENTES\255\Segmentadas\PAC_54_DN19-dir.png,640,480,307200,35567,11.577799479166668,271633,88.42220052083334,1,223,171.01076840891838,20.89119583915261,240,241,
257,1,Sick,1,0,PAC_29_DN0-esq.png,C:\Users\LENOVO\OneDrive\medtech project\Imagens e Matrizes da Tese de Thiago Alves Elias da Silva\Desenvolvimento da Metodologia\DOENTES\257\Segmentadas\PAC_29_DN0-esq.png,640,480,307200,47696,15.526041666666668,259504,84.47395833333333,96,224,188.13525243206976,14.00422140566244,226,271,
257,1,Sick,1,1,PAC_29_DN1-esq.png,C:\Users\LENOVO\OneDrive\medtech project\Imagens e Matrizes da Tese de Thiago Alves Elias da Silva\Desenvolvimento da Metodologia\DOENTES\257\Segmentadas\PAC_29_DN1-esq.png,640,480,307200,43196,14.061197916666668,264004,85.93880208333333,85,224,187.95381516807112,13.904475863988331,215,257,
257,1,Sick,1,2,PAC_29_DN2-esq.png,C:\Users\LENOVO\OneDrive\medtech project\Imagens e Matrizes da Tese de Thiago Alves Elias da Silva\Desenvolvimento da Metodologia\DOENTES\257\Segmentadas\PAC_29_DN2-esq.png,640,480,307200,45016,14.653645833333334,262184,85.34635416666667,42,226,188.22269859605473,14.253587314975226,219,260,
257,1,Sick,1,3,PAC_29_DN3-esq.png,C:\Users\LENOVO\OneDrive\medtech project\Imagens e Matrizes da Tese de Thiago Alves Elias da Silva\Desenvolvimento da Metodologia\DOENTES\257\Segmentadas\PAC_29_DN3-esq.png,640,480,307200,43834,14.268880208333334,263366,85.73111979166667,97,227,188.29057352739883,14.360324370419677,214,261,
257,1,Sick,1,4,PAC_29_DN4-esq.png,C:\Users\LENOVO\OneDrive\medtech project\Imagens e Matrizes da Tese de Thiago Alves Elias da Silva\Desenvolvimento da Metodologia\DOENTES\257\Segmentadas\PAC_29_DN4-esq.png,640,480,307200,42896,13.963541666666668,264304,86.03645833333333,103,227,189.36980138008207,14.085311518599514,214,258,
257,1,Sick,1,5,PAC_29_DN5-esq.png,C:\Users\LENOVO\OneDrive\medtech project\Imagens e Matrizes da Tese de Thiago Alves Elias da Silva\Desenvolvimento da Metodologia\DOENTES\257\Segmentadas\PAC_29_DN5-esq.png,640,480,307200,45677,14.868815104166666,261523,85.13118489583333,91,230,191.5270924097467,14.079109727415918,211,267,
257,1,Sick,1,6,PAC_29_DN6-esq.png,C:\Users\LENOVO\OneDrive\medtech project\Imagens e Matrizes da Tese de Thiago Alves Elias da Silva\Desenvolvimento da Metodologia\DOENTES\257\Segmentadas\PAC_29_DN6-esq.png,640,480,307200,47893,15.590169270833334,259307,84.40983072916667,96,232,190.97755413108388,13.751379185867792,217,284,
257,1,Sick,1,7,PAC_29_DN7-esq.png,C:\Users\LENOVO\OneDrive\medtech project\Imagens e Matrizes da Tese de Thiago Alves Elias da Silva\Desenvolvimento da Metodologia\DOENTES\257\Segmentadas\PAC_29_DN7-esq.png,640,480,307200,43689,14.2216796875,263511,85.7783203125,94,234,192.28469408775663,14.417639150807014,213,261,
257,1,Sick,1,8,PAC_29_DN8-esq.png,C:\Users\LENOVO\OneDrive\medtech project\Imagens e Matrizes da Tese de Thiago Alves Elias da Silva\Desenvolvimento da Metodologia\DOENTES\257\Segmentadas\PAC_29_DN8-esq.png,640,480,307200,43535,14.171549479166668,263665,85.82845052083333,91,232,191.83406454576777,14.80190490123309,219,261,
257,1,Sick,1,9,PAC_29_DN9-esq.png,C:\Users\LENOVO\OneDrive\medtech project\Imagens e Matrizes da Tese de Thiago Alves Elias da Silva\Desenvolvimento da Metodologia\DOENTES\257\Segmentadas\PAC_29_DN9-esq.png,640,480,307200,44015,14.327799479166666,263185,85.67220052083333,93,234,193.2201522208338,14.709858340886706,214,264,
257,1,Sick,1,10,PAC_29_DN10-esq.png,C:\Users\LENOVO\OneDrive\medtech project\Imagens e Matrizes da Tese de Thiago Alves Elias da Silva\Desenvolvimento da Metodologia\DOENTES\257\Segmentadas\PAC_29_DN10-esq.png,640,480,307200,45181,14.707356770833332,262019,85.29264322916667,113,235,193.91323786547443,14.219537850727376,212,260,
257,1,Sick,1,11,PAC_29_DN11-esq.png,C:\Users\LENOVO\OneDrive\medtech project\Imagens e Matrizes da Tese de Thiago Alves Elias da Silva\Desenvolvimento da Metodologia\DOENTES\257\Segmentadas\PAC_29_DN11-esq.png,640,480,307200,48175,15.681966145833334,259025,84.31803385416666,102,235,193.3584639335755,14.739190271746898,221,278,
257,1,Sick,1,12,PAC_29_DN12-esq.png,C:\Users\LENOVO\OneDrive\medtech project\Imagens e Matrizes da Tese de Thiago Alves Elias da Silva\Desenvolvimento da Metodologia\DOENTES\257\Segmentadas\PAC_29_DN12-esq.png,640,480,307200,43677,14.2177734375,263523,85.7822265625,87,234,192.2879776541429,14.847666021231936,207,266,
257,1,Sick,1,13,PAC_29_DN13-esq.png,C:\Users\LENOVO\OneDrive\medtech project\Imagens e Matrizes da Tese de Thiago Alves Elias da Silva\Desenvolvimento da Metodologia\DOENTES\257\Segmentadas\PAC_29_DN13-esq.png,640,480,307200,41004,13.34765625,266196,86.65234375,107,235,192.0292654375183,15.437541832220356,204,251,
257,1,Sick,1,14,PAC_29_DN14-esq.png,C:\Users\LENOVO\OneDrive\medtech project\Imagens e Matrizes da Tese de Thiago Alves Elias da Silva\Desenvolvimento da Metodologia\DOENTES\257\Segmentadas\PAC_29_DN14-esq.png,640,480,307200,41878,13.632161458333334,265322,86.36783854166666,106,236,194.12443287645064,15.020681239543263,207,254,
257,1,Sick,1,15,PAC_29_DN15-esq.png,C:\Users\LENOVO\OneDrive\medtech project\Imagens e Matrizes da Tese de Thiago Alves Elias da Silva\Desenvolvimento da Metodologia\DOENTES\257\Segmentadas\PAC_29_DN15-esq.png,640,480,307200,43257,14.0810546875,263943,85.9189453125,112,237,194.5144832050304,14.732856424488084,211,261,
257,1,Sick,1,16,PAC_29_DN16-esq.png,C:\Users\LENOVO\OneDrive\medtech project\Imagens e Matrizes da Tese de Thiago Alves Elias da Silva\Desenvolvimento da Metodologia\DOENTES\257\Segmentadas\PAC_29_DN16-esq.png,640,480,307200,44386,14.448567708333334,262814,85.55143229166666,90,236,194.16557022484568,15.170318462668028,206,271,
257,1,Sick,1,17,PAC_29_DN17-esq.png,C:\Users\LENOVO\OneDrive\medtech project\Imagens e Matrizes da Tese de Thiago Alves Elias da Silva\Desenvolvimento da Metodologia\DOENTES\257\Segmentadas\PAC_29_DN17-esq.png,640,480,307200,43413,14.1318359375,263787,85.8681640625,110,239,195.21359961301914,15.25744966018583,210,266,
257,1,Sick,1,18,PAC_29_DN18-esq.png,C:\Users\LENOVO\OneDrive\medtech project\Imagens e Matrizes da Tese de Thiago Alves Elias da Silva\Desenvolvimento da Metodologia\DOENTES\257\Segmentadas\PAC_29_DN18-esq.png,640,480,307200,44118,14.361328125,263082,85.638671875,90,240,195.57087809964187,15.674906803545653,212,271,
257,1,Sick,1,19,PAC_29_DN19-esq.png,C:\Users\LENOVO\OneDrive\medtech project\Imagens e Matrizes da Tese de Thiago Alves Elias da Silva\Desenvolvimento da Metodologia\DOENTES\257\Segmentadas\PAC_29_DN19-esq.png,640,480,307200,44393,14.450846354166666,262807,85.54915364583333,101,240,196.26245128736514,15.205180455096984,213,268,
264,1,Sick,1,0,PAC_32_DN0-esq.png,C:\Users\LENOVO\OneDrive\medtech project\Imagens e Matrizes da Tese de Thiago Alves Elias da Silva\Desenvolvimento da Metodologia\DOENTES\264\Segmentadas\PAC_32_DN0-esq.png,640,480,307200,52647,17.1376953125,254553,82.8623046875,64,252,146.75911258001406,32.63895125483237,241,299,
264,1,Sick,1,1,PAC_32_DN1-esq.png,C:\Users\LENOVO\OneDrive\medtech project\Imagens e Matrizes da Tese de Thiago Alves Elias da Silva\Desenvolvimento da Metodologia\DOENTES\264\Segmentadas\PAC_32_DN1-esq.png,640,480,307200,52749,17.1708984375,254451,82.8291015625,74,253,149.7351987715407,30.00059060773383,242,297,
264,1,Sick,1,2,PAC_32_DN2-esq.png,C:\Users\LENOVO\OneDrive\medtech project\Imagens e Matrizes da Tese de Thiago Alves Elias da Silva\Desenvolvimento da Metodologia\DOENTES\264\Segmentadas\PAC_32_DN2-esq.png,640,480,307200,51826,16.870442708333332,255374,83.12955729166667,63,251,151.31258441708795,28.797922558702865,237,301,
264,1,Sick,1,3,PAC_32_DN3-esq.png,C:\Users\LENOVO\OneDrive\medtech project\Imagens e Matrizes da Tese de Thiago Alves Elias da Silva\Desenvolvimento da Metodologia\DOENTES\264\Segmentadas\PAC_32_DN3-esq.png,640,480,307200,50917,16.574544270833332,256283,83.42545572916666,64,251,153.89435748374805,27.706194644740833,235,300,
264,1,Sick,1,4,PAC_32_DN4-esq.png,C:\Users\LENOVO\OneDrive\medtech project\Imagens e Matrizes da Tese de Thiago Alves Elias da Silva\Desenvolvimento da Metodologia\DOENTES\264\Segmentadas\PAC_32_DN4-esq.png,640,480,307200,49820,16.217447916666668,257380,83.78255208333333,79,248,153.11595744680852,26.197497863270485,222,304,
264,1,Sick,1,5,PAC_32_DN5-esq.png,C:\Users\LENOVO\OneDrive\medtech project\Imagens e Matrizes da Tese de Thiago Alves Elias da Silva\Desenvolvimento da Metodologia\DOENTES\264\Segmentadas\PAC_32_DN5-esq.png,640,480,307200,52117,16.965169270833332,255083,83.03483072916666,68,250,156.24700193794732,26.87320211231877,227,307,
264,1,Sick,1,6,PAC_32_DN6-esq.png,C:\Users\LENOVO\OneDrive\medtech project\Imagens e Matrizes da Tese de Thiago Alves Elias da Silva\Desenvolvimento da Metodologia\DOENTES\264\Segmentadas\PAC_32_DN6-esq.png,640,480,307200,51164,16.654947916666664,256036,83.34505208333334,61,249,155.09522320381518,25.241805379399647,229,304,
264,1,Sick,1,7,PAC_32_DN7-esq.png,C:\Users\LENOVO\OneDrive\medtech project\Imagens e Matrizes da Tese de Thiago Alves Elias da Silva\Desenvolvimento da Metodologia\DOENTES\264\Segmentadas\PAC_32_DN7-esq.png,640,480,307200,52608,17.125,254592,82.875,77,248,156.68852645985402,25.85944036654258,231,307,
264,1,Sick,1,8,PAC_32_DN8-esq.png,C:\Users\LENOVO\OneDrive\medtech project\Imagens e Matrizes da Tese de Thiago Alves Elias da Silva\Desenvolvimento da Metodologia\DOENTES\264\Segmentadas\PAC_32_DN8-esq.png,640,480,307200,54725,17.814127604166664,252475,82.18587239583334,71,247,156.87004111466422,25.1134364697177,241,309,
264,1,Sick,1,9,PAC_32_DN9-esq.png,C:\Users\LENOVO\OneDrive\medtech project\Imagens e Matrizes da Tese de Thiago Alves Elias da Silva\Desenvolvimento da Metodologia\DOENTES\264\Segmentadas\PAC_32_DN9-esq.png,640,480,307200,55495,18.064778645833332,251705,81.93522135416667,96,246,157.6889449499955,23.63708192456851,244,309,
264,1,Sick,1,10,PAC_32_DN10-esq.png,C:\Users\LENOVO\OneDrive\medtech project\Imagens e Matrizes da Tese de Thiago Alves Elias da Silva\Desenvolvimento da Metodologia\DOENTES\264\Segmentadas\PAC_32_DN10-esq.png,640,480,307200,55546,18.081380208333332,251654,81.91861979166667,78,247,157.99998199690347,23.330330952358125,248,304,
264,1,Sick,1,11,PAC_32_DN11-esq.png,C:\Users\LENOVO\OneDrive\medtech project\Imagens e Matrizes da Tese de Thiago Alves Elias da Silva\Desenvolvimento da Metodologia\DOENTES\264\Segmentadas\PAC_32_DN11-esq.png,640,480,307200,55760,18.151041666666668,251440,81.84895833333333,84,247,159.77286585365854,23.91088051633928,244,306,
264,1,Sick,1,12,PAC_32_DN12-esq.png,C:\Users\LENOVO\OneDrive\medtech project\Imagens e Matrizes da Tese de Thiago Alves Elias da Silva\Desenvolvimento da Metodologia\DOENTES\264\Segmentadas\PAC_32_DN12-esq.png,640,480,307200,55061,17.923502604166668,252139,82.07649739583334,76,247,160.12021212836672,22.74903102542013,244,302,
264,1,Sick,1,13,PAC_32_DN13-esq.png,C:\Users\LENOVO\OneDrive\medtech project\Imagens e Matrizes da Tese de Thiago Alves Elias da Silva\Desenvolvimento da Metodologia\DOENTES\264\Segmentadas\PAC_32_DN13-esq.png,640,480,307200,56469,18.3818359375,250731,81.6181640625,104,247,160.99222582301795,22.063913954251504,245,307,
264,1,Sick,1,14,PAC_32_DN14-esq.png,C:\Users\LENOVO\OneDrive\medtech project\Imagens e Matrizes da Tese de Thiago Alves Elias da Silva\Desenvolvimento da Metodologia\DOENTES\264\Segmentadas\PAC_32_DN14-esq.png,640,480,307200,56760,18.4765625,250440,81.5234375,90,246,161.4587033121917,22.39324340636222,247,308,
264,1,Sick,1,15,PAC_32_DN15-esq.png,C:\Users\LENOVO\OneDrive\medtech project\Imagens e Matrizes da Tese de Thiago Alves Elias da Silva\Desenvolvimento da Metodologia\DOENTES\264\Segmentadas\PAC_32_DN15-esq.png,640,480,307200,55376,18.026041666666668,251824,81.97395833333333,32,247,161.84538428199943,22.46845527836202,241,307,
264,1,Sick,1,16,PAC_32_DN16-esq.png,C:\Users\LENOVO\OneDrive\medtech project\Imagens e Matrizes da Tese de Thiago Alves Elias da Silva\Desenvolvimento da Metodologia\DOENTES\264\Segmentadas\PAC_32_DN16-esq.png,640,480,307200,57389,18.681315104166664,249811,81.31868489583334,72,249,162.5868023488822,21.753873612883147,250,306,
264,1,Sick,1,17,PAC_32_DN17-esq.png,C:\Users\LENOVO\OneDrive\medtech project\Imagens e Matrizes da Tese de Thiago Alves Elias da Silva\Desenvolvimento da Metodologia\DOENTES\264\Segmentadas\PAC_32_DN17-esq.png,640,480,307200,57975,18.8720703125,249225,81.1279296875,78,249,165.17255713669684,22.601009238553896,247,314,
264,1,Sick,1,18,PAC_32_DN18-esq.png,C:\Users\LENOVO\OneDrive\medtech project\Imagens e Matrizes da Tese de Thiago Alves Elias da Silva\Desenvolvimento da Metodologia\DOENTES\264\Segmentadas\PAC_32_DN18-esq.png,640,480,307200,56258,18.313151041666668,250942,81.68684895833334,80,248,163.5408830744072,20.91240305660885,241,306,
264,1,Sick,1,19,PAC_32_DN19-esq.png,C:\Users\LENOVO\OneDrive\medtech project\Imagens e Matrizes da Tese de Thiago Alves Elias da Silva\Desenvolvimento da Metodologia\DOENTES\264\Segmentadas\PAC_32_DN19-esq.png,640,480,307200,56132,18.272135416666664,251068,81.72786458333333,34,246,164.2305280410461,19.912337708812654,252,306,
286,1,Sick,1,0,PAC_63_DN0-esq.png,C:\Users\LENOVO\OneDrive\medtech project\Imagens e Matrizes da Tese de Thiago Alves Elias da Silva\12 Novos Casos de Testes\DOENTES\286\Segmentadas\PAC_63_DN0-esq.png,640,480,307200,37909,12.340169270833332,269291,87.65983072916667,68,250,182.9209158774961,23.138092137384003,185,245,
286,1,Sick,1,1,PAC_63_DN1-esq.png,C:\Users\LENOVO\OneDrive\medtech project\Imagens e Matrizes da Tese de Thiago Alves Elias da Silva\12 Novos Casos de Testes\DOENTES\286\Segmentadas\PAC_63_DN1-esq.png,640,480,307200,39978,13.013671875,267222,86.986328125,73,255,183.82567912351794,24.468356896497212,198,246,
286,1,Sick,1,2,PAC_63_DN2-esq.png,C:\Users\LENOVO\OneDrive\medtech project\Imagens e Matrizes da Tese de Thiago Alves Elias da Silva\12 Novos Casos de Testes\DOENTES\286\Segmentadas\PAC_63_DN2-esq.png,640,480,307200,41291,13.441080729166666,265909,86.55891927083333,81,255,186.2151800634521,24.587751701352346,201,249,
286,1,Sick,1,3,PAC_63_DN3-esq.png,C:\Users\LENOVO\OneDrive\medtech project\Imagens e Matrizes da Tese de Thiago Alves Elias da Silva\12 Novos Casos de Testes\DOENTES\286\Segmentadas\PAC_63_DN3-esq.png,640,480,307200,38949,12.678710937500002,268251,87.3212890625,104,255,189.00033376980153,24.103036179460815,194,245,
286,1,Sick,1,4,PAC_63_DN4-esq.png,C:\Users\LENOVO\OneDrive\medtech project\Imagens e Matrizes da Tese de Thiago Alves Elias da Silva\12 Novos Casos de Testes\DOENTES\286\Segmentadas\PAC_63_DN4-esq.png,640,480,307200,39113,12.732096354166666,268087,87.26790364583333,90,255,189.12525247360213,24.258750659583097,196,246,
286,1,Sick,1,5,PAC_63_DN5-esq.png,C:\Users\LENOVO\OneDrive\medtech project\Imagens e Matrizes da Tese de Thiago Alves Elias da Silva\12 Novos Casos de Testes\DOENTES\286\Segmentadas\PAC_63_DN5-esq.png,640,480,307200,38513,12.536783854166666,268687,87.46321614583333,95,255,189.232596785501,24.181051396576475,192,245,
286,1,Sick,1,6,PAC_63_DN6-esq.png,C:\Users\LENOVO\OneDrive\medtech project\Imagens e Matrizes da Tese de Thiago Alves Elias da Silva\12 Novos Casos de Testes\DOENTES\286\Segmentadas\PAC_63_DN6-esq.png,640,480,307200,37407,12.1767578125,269793,87.8232421875,83,255,191.92001497046007,24.147178553958625,187,247,
286,1,Sick,1,7,PAC_63_DN7-esq.png,C:\Users\LENOVO\OneDrive\medtech project\Imagens e Matrizes da Tese de Thiago Alves Elias da Silva\12 Novos Casos de Testes\DOENTES\286\Segmentadas\PAC_63_DN7-esq.png,640,480,307200,37146,12.091796875,270054,87.908203125,106,255,192.5797394066656,24.098357915997,185,247,
286,1,Sick,1,8,PAC_63_DN8-esq.png,C:\Users\LENOVO\OneDrive\medtech project\Imagens e Matrizes da Tese de Thiago Alves Elias da Silva\12 Novos Casos de Testes\DOENTES\286\Segmentadas\PAC_63_DN8-esq.png,640,480,307200,36916,12.016927083333332,270284,87.98307291666667,101,255,193.12306317044101,24.395061486331514,182,246,
286,1,Sick,1,9,PAC_63_DN9-esq.png,C:\Users\LENOVO\OneDrive\medtech project\Imagens e Matrizes da Tese de Thiago Alves Elias da Silva\12 Novos Casos de Testes\DOENTES\286\Segmentadas\PAC_63_DN9-esq.png,640,480,307200,37279,12.135091145833334,269921,87.86490885416667,105,255,195.00506987848385,24.335680164189007,185,246,
286,1,Sick,1,10,PAC_63_DN10-esq.png,C:\Users\LENOVO\OneDrive\medtech project\Imagens e Matrizes da Tese de Thiago Alves Elias da Silva\12 Novos Casos de Testes\DOENTES\286\Segmentadas\PAC_63_DN10-esq.png,640,480,307200,38212,12.438802083333334,268988,87.56119791666667,96,255,194.24246310059667,24.20423053869286,188,248,
286,1,Sick,1,11,PAC_63_DN11-esq.png,C:\Users\LENOVO\OneDrive\medtech project\Imagens e Matrizes da Tese de Thiago Alves Elias da Silva\12 Novos Casos de Testes\DOENTES\286\Segmentadas\PAC_63_DN11-esq.png,640,480,307200,37996,12.368489583333334,269204,87.63151041666667,102,255,195.60964312032846,24.081466937613524,184,247,
286,1,Sick,1,12,PAC_63_DN12-esq.png,C:\Users\LENOVO\OneDrive\medtech project\Imagens e Matrizes da Tese de Thiago Alves Elias da Silva\12 Novos Casos de Testes\DOENTES\286\Segmentadas\PAC_63_DN12-esq.png,640,480,307200,38895,12.6611328125,268305,87.3388671875,96,255,195.5878647641085,24.10620621006351,188,249,
286,1,Sick,1,13,PAC_63_DN13-esq.png,C:\Users\LENOVO\OneDrive\medtech project\Imagens e Matrizes da Tese de Thiago Alves Elias da Silva\12 Novos Casos de Testes\DOENTES\286\Segmentadas\PAC_63_DN13-esq.png,640,480,307200,36840,11.9921875,270360,88.0078125,90,255,196.48124321389793,24.02343173870804,182,247,
286,1,Sick,1,14,PAC_63_DN14-esq.png,C:\Users\LENOVO\OneDrive\medtech project\Imagens e Matrizes da Tese de Thiago Alves Elias da Silva\12 Novos Casos de Testes\DOENTES\286\Segmentadas\PAC_63_DN14-esq.png,640,480,307200,37748,12.287760416666666,269452,87.71223958333333,92,255,196.33662710607186,23.908583467995204,187,246,
286,1,Sick,1,15,PAC_63_DN15-esq.png,C:\Users\LENOVO\OneDrive\medtech project\Imagens e Matrizes da Tese de Thiago Alves Elias da Silva\12 Novos Casos de Testes\DOENTES\286\Segmentadas\PAC_63_DN15-esq.png,640,480,307200,38233,12.445638020833332,268967,87.55436197916666,93,255,197.53731070018048,23.872325499041768,189,247,
286,1,Sick,1,16,PAC_63_DN16-esq.png,C:\Users\LENOVO\OneDrive\medtech project\Imagens e Matrizes da Tese de Thiago Alves Elias da Silva\12 Novos Casos de Testes\DOENTES\286\Segmentadas\PAC_63_DN16-esq.png,640,480,307200,37821,12.3115234375,269379,87.6884765625,90,255,197.56436900134847,24.06529842289349,187,247,
286,1,Sick,1,17,PAC_63_DN17-esq.png,C:\Users\LENOVO\OneDrive\medtech project\Imagens e Matrizes da Tese de Thiago Alves Elias da Silva\12 Novos Casos de Testes\DOENTES\286\Segmentadas\PAC_63_DN17-esq.png,640,480,307200,38820,12.63671875,268380,87.36328125,99,255,198.43142709943328,23.828684273422216,190,249,
286,1,Sick,1,18,PAC_63_DN18-esq.png,C:\Users\LENOVO\OneDrive\medtech project\Imagens e Matrizes da Tese de Thiago Alves Elias da Silva\12 Novos Casos de Testes\DOENTES\286\Segmentadas\PAC_63_DN18-esq.png,640,480,307200,39882,12.982421875,267318,87.017578125,81,255,199.12820319943833,24.179200917507778,194,251,
286,1,Sick,1,19,PAC_63_DN19-esq.png,C:\Users\LENOVO\OneDrive\medtech project\Imagens e Matrizes da Tese de Thiago Alves Elias da Silva\12 Novos Casos de Testes\DOENTES\286\Segmentadas\PAC_63_DN19-esq.png,640,480,307200,38485,12.527669270833334,268715,87.47233072916667,94,255,198.12274912303494,23.604220138454526,189,247,
500,1,Sick,1,0,PAC_28_DN0-dir.png,C:\Users\LENOVO\OneDrive\medtech project\Imagens e Matrizes da Tese de Thiago Alves Elias da Silva\Desenvolvimento da Metodologia\DOENTES\500\Segmentadas\PAC_28_DN0-dir.png,640,480,307200,60930,19.833984375,246270,80.166015625,87,213,164.30441490234696,16.80001978869556,273,280,
500,1,Sick,1,1,PAC_28_DN1-dir.png,C:\Users\LENOVO\OneDrive\medtech project\Imagens e Matrizes da Tese de Thiago Alves Elias da Silva\Desenvolvimento da Metodologia\DOENTES\500\Segmentadas\PAC_28_DN1-dir.png,640,480,307200,58332,18.98828125,248868,81.01171875,81,218,169.63796886785983,16.779200397416915,265,278,
500,1,Sick,1,2,PAC_28_DN2-dir.png,C:\Users\LENOVO\OneDrive\medtech project\Imagens e Matrizes da Tese de Thiago Alves Elias da Silva\Desenvolvimento da Metodologia\DOENTES\500\Segmentadas\PAC_28_DN2-dir.png,640,480,307200,58729,19.117513020833332,248471,80.88248697916667,87,218,170.9006793917826,16.70955036049388,256,287,
500,1,Sick,1,3,PAC_28_DN3-dir.png,C:\Users\LENOVO\OneDrive\medtech project\Imagens e Matrizes da Tese de Thiago Alves Elias da Silva\Desenvolvimento da Metodologia\DOENTES\500\Segmentadas\PAC_28_DN3-dir.png,640,480,307200,60393,19.6591796875,246807,80.3408203125,94,223,175.68024439918534,16.776578386610094,263,285,
500,1,Sick,1,4,PAC_28_DN4-dir.png,C:\Users\LENOVO\OneDrive\medtech project\Imagens e Matrizes da Tese de Thiago Alves Elias da Silva\Desenvolvimento da Metodologia\DOENTES\500\Segmentadas\PAC_28_DN4-dir.png,640,480,307200,62951,20.491861979166668,244249,79.50813802083333,113,223,175.7227526171149,17.23603329811058,267,295,
500,1,Sick,1,5,PAC_28_DN5-dir.png,C:\Users\LENOVO\OneDrive\medtech project\Imagens e Matrizes da Tese de Thiago Alves Elias da Silva\Desenvolvimento da Metodologia\DOENTES\500\Segmentadas\PAC_28_DN5-dir.png,640,480,307200,58025,18.888346354166664,249175,81.11165364583334,110,224,178.96468763464023,16.675257863561153,253,284,
500,1,Sick,1,6,PAC_28_DN6-dir.png,C:\Users\LENOVO\OneDrive\medtech project\Imagens e Matrizes da Tese de Thiago Alves Elias da Silva\Desenvolvimento da Metodologia\DOENTES\500\Segmentadas\PAC_28_DN6-dir.png,640,480,307200,59266,19.292317708333336,247934,80.70768229166667,100,226,180.78407518644755,16.645165958775454,261,284,
500,1,Sick,1,7,PAC_28_DN7-dir.png,C:\Users\LENOVO\OneDrive\medtech project\Imagens e Matrizes da Tese de Thiago Alves Elias da Silva\Desenvolvimento da Metodologia\DOENTES\500\Segmentadas\PAC_28_DN7-dir.png,640,480,307200,61447,20.002278645833332,245753,79.99772135416666,110,230,183.2284895926571,17.121729239638775,265,287,
500,1,Sick,1,8,PAC_28_DN8-dir.png,C:\Users\LENOVO\OneDrive\medtech project\Imagens e Matrizes da Tese de Thiago Alves Elias da Silva\Desenvolvimento da Metodologia\DOENTES\500\Segmentadas\PAC_28_DN8-dir.png,640,480,307200,58091,18.909830729166664,249109,81.09016927083333,100,233,185.14158819782756,17.756653076979397,255,280,
500,1,Sick,1,9,PAC_28_DN9-dir.png,C:\Users\LENOVO\OneDrive\medtech project\Imagens e Matrizes da Tese de Thiago Alves Elias da Silva\Desenvolvimento da Metodologia\DOENTES\500\Segmentadas\PAC_28_DN9-dir.png,640,480,307200,60552,19.7109375,246648,80.2890625,102,235,186.01506143479983,18.33049480060163,253,293,
500,1,Sick,1,10,PAC_28_DN10-dir.png,C:\Users\LENOVO\OneDrive\medtech project\Imagens e Matrizes da Tese de Thiago Alves Elias da Silva\Desenvolvimento da Metodologia\DOENTES\500\Segmentadas\PAC_28_DN10-dir.png,640,480,307200,59249,19.286783854166668,247951,80.71321614583333,104,235,186.5932589579571,18.316660672425886,254,289,
500,1,Sick,1,11,PAC_28_DN11-dir.png,C:\Users\LENOVO\OneDrive\medtech project\Imagens e Matrizes da Tese de Thiago Alves Elias da Silva\Desenvolvimento da Metodologia\DOENTES\500\Segmentadas\PAC_28_DN11-dir.png,640,480,307200,58926,19.181640625,248274,80.818359375,104,238,188.0552218036181,18.718576291984835,253,286,
500,1,Sick,1,12,PAC_28_DN12-dir.png,C:\Users\LENOVO\OneDrive\medtech project\Imagens e Matrizes da Tese de Thiago Alves Elias da Silva\Desenvolvimento da Metodologia\DOENTES\500\Segmentadas\PAC_28_DN12-dir.png,640,480,307200,56392,18.356770833333332,250808,81.64322916666666,100,241,189.959462335083,18.547942259457944,249,278,
500,1,Sick,1,13,PAC_28_DN13-dir.png,C:\Users\LENOVO\OneDrive\medtech project\Imagens e Matrizes da Tese de Thiago Alves Elias da Silva\Desenvolvimento da Metodologia\DOENTES\500\Segmentadas\PAC_28_DN13-dir.png,640,480,307200,61286,19.949869791666668,245914,80.05013020833334,94,239,189.23360963352152,18.97802830591216,263,290,
500,1,Sick,1,14,PAC_28_DN14-dir.png,C:\Users\LENOVO\OneDrive\medtech project\Imagens e Matrizes da Tese de Thiago Alves Elias da Silva\Desenvolvimento da Metodologia\DOENTES\500\Segmentadas\PAC_28_DN14-dir.png,640,480,307200,62506,20.347005208333332,244694,79.65299479166667,101,240,190.10958947940998,19.181032230860318,262,295,
500,1,Sick,1,15,PAC_28_DN15-dir.png,C:\Users\LENOVO\OneDrive\medtech project\Imagens e Matrizes da Tese de Thiago Alves Elias da Silva\Desenvolvimento da Metodologia\DOENTES\500\Segmentadas\PAC_28_DN15-dir.png,640,480,307200,59029,19.215169270833332,248171,80.78483072916667,111,240,191.65701604296194,18.812125984960556,254,286,
500,1,Sick,1,16,PAC_28_DN16-dir.png,C:\Users\LENOVO\OneDrive\medtech project\Imagens e Matrizes da Tese de Thiago Alves Elias da Silva\Desenvolvimento da Metodologia\DOENTES\500\Segmentadas\PAC_28_DN16-dir.png,640,480,307200,63729,20.7451171875,243471,79.2548828125,91,243,192.2384471747556,19.631318603163006,268,297,
500,1,Sick,1,17,PAC_28_DN17-dir.png,C:\Users\LENOVO\OneDrive\medtech project\Imagens e Matrizes da Tese de Thiago Alves Elias da Silva\Desenvolvimento da Metodologia\DOENTES\500\Segmentadas\PAC_28_DN17-dir.png,640,480,307200,64241,20.911783854166664,242959,79.08821614583333,99,245,193.09313366852945,19.86129960844327,265,302,
500,1,Sick,1,18,PAC_28_DN18-dir.png,C:\Users\LENOVO\OneDrive\medtech project\Imagens e Matrizes da Tese de Thiago Alves Elias da Silva\Desenvolvimento da Metodologia\DOENTES\500\Segmentadas\PAC_28_DN18-dir.png,640,480,307200,62261,20.267252604166668,244939,79.73274739583334,115,244,194.51197378776442,19.937104297697793,258,298,
500,1,Sick,1,19,PAC_28_DN19-dir.png,C:\Users\LENOVO\OneDrive\medtech project\Imagens e Matrizes da Tese de Thiago Alves Elias da Silva\Desenvolvimento da Metodologia\DOENTES\500\Segmentadas\PAC_28_DN19-dir.png,640,480,307200,58011,18.8837890625,249189,81.1162109375,100,247,195.06533243695162,20.339134143028136,254,284,
50,0,Healthy,2,0,PAC_14_DN0-dir.png,C:\Users\LENOVO\OneDrive\medtech project\Imagens e Matrizes da Tese de Thiago Alves Elias da Silva\12 Novos Casos de Testes\SAUDAΓòá├╝VEIS\50\Segmentadas\PAC_14_DN0-dir.png,640,480,307200,37430,12.184244791666666,269770,87.81575520833333,1,225,161.80969810312584,18.31955305224152,191,230,
50,0,Healthy,2,1,PAC_14_DN1-dir.png,C:\Users\LENOVO\OneDrive\medtech project\Imagens e Matrizes da Tese de Thiago Alves Elias da Silva\12 Novos Casos de Testes\SAUDAΓòá├╝VEIS\50\Segmentadas\PAC_14_DN1-dir.png,640,480,307200,45351,14.762695312499998,261849,85.2373046875,1,224,163.3324954245772,18.740517981401016,208,265,
50,0,Healthy,2,2,PAC_14_DN2-dir.png,C:\Users\LENOVO\OneDrive\medtech project\Imagens e Matrizes da Tese de Thiago Alves Elias da Silva\12 Novos Casos de Testes\SAUDAΓòá├╝VEIS\50\Segmentadas\PAC_14_DN2-dir.png,640,480,307200,46192,15.036458333333332,261008,84.96354166666666,1,224,163.02918254243158,18.18467798626306,207,269,
50,0,Healthy,2,3,PAC_14_DN3-dir.png,C:\Users\LENOVO\OneDrive\medtech project\Imagens e Matrizes da Tese de Thiago Alves Elias da Silva\12 Novos Casos de Testes\SAUDAΓòá├╝VEIS\50\Segmentadas\PAC_14_DN3-dir.png,640,480,307200,48351,15.739257812499998,258849,84.2607421875,1,224,162.38423197038324,17.49208227769805,209,280,
50,0,Healthy,2,4,PAC_14_DN4-dir.png,C:\Users\LENOVO\OneDrive\medtech project\Imagens e Matrizes da Tese de Thiago Alves Elias da Silva\12 Novos Casos de Testes\SAUDAΓòá├╝VEIS\50\Segmentadas\PAC_14_DN4-dir.png,640,480,307200,45453,14.7958984375,261747,85.2041015625,1,221,161.00886630145425,19.91163206461192,198,281,
50,0,Healthy,2,5,PAC_14_DN5-dir.png,C:\Users\LENOVO\OneDrive\medtech project\Imagens e Matrizes da Tese de Thiago Alves Elias da Silva\12 Novos Casos de Testes\SAUDAΓòá├╝VEIS\50\Segmentadas\PAC_14_DN5-dir.png,640,480,307200,42291,13.7666015625,264909,86.2333984375,2,232,160.66141732283464,18.276478638805624,210,242,
50,0,Healthy,2,6,PAC_14_DN6-dir.png,C:\Users\LENOVO\OneDrive\medtech project\Imagens e Matrizes da Tese de Thiago Alves Elias da Silva\12 Novos Casos de Testes\SAUDAΓòá├╝VEIS\50\Segmentadas\PAC_14_DN6-dir.png,640,480,307200,47275,15.388997395833334,259925,84.61100260416666,1,225,161.85508196721312,19.33070822875412,201,286,
50,0,Healthy,2,7,PAC_14_DN7-dir.png,C:\Users\LENOVO\OneDrive\medtech project\Imagens e Matrizes da Tese de Thiago Alves Elias da Silva\12 Novos Casos de Testes\SAUDAΓòá├╝VEIS\50\Segmentadas\PAC_14_DN7-dir.png,640,480,307200,46933,15.277669270833332,260267,84.72233072916666,1,224,161.5274966441523,19.177678319839988,205,279,
50,0,Healthy,2,8,PAC_14_DN8-dir.png,C:\Users\LENOVO\OneDrive\medtech project\Imagens e Matrizes da Tese de Thiago Alves Elias da Silva\12 Novos Casos de Testes\SAUDAΓòá├╝VEIS\50\Segmentadas\PAC_14_DN8-dir.png,640,480,307200,44794,14.581380208333334,262406,85.41861979166666,1,222,160.34343885341787,19.417174545661243,195,276,
50,0,Healthy,2,9,PAC_14_DN9-dir.png,C:\Users\LENOVO\OneDrive\medtech project\Imagens e Matrizes da Tese de Thiago Alves Elias da Silva\12 Novos Casos de Testes\SAUDAΓòá├╝VEIS\50\Segmentadas\PAC_14_DN9-dir.png,640,480,307200,48183,15.684570312500002,259017,84.3154296875,1,224,161.33625967664943,19.61805348005883,207,280,
50,0,Healthy,2,10,PAC_14_DN10-dir.png,C:\Users\LENOVO\OneDrive\medtech project\Imagens e Matrizes da Tese de Thiago Alves Elias da Silva\12 Novos Casos de Testes\SAUDAΓòá├╝VEIS\50\Segmentadas\PAC_14_DN10-dir.png,640,480,307200,48188,15.686197916666666,259012,84.31380208333333,1,225,161.90906449738523,19.35386694429373,202,288,
50,0,Healthy,2,11,PAC_14_DN11-dir.png,C:\Users\LENOVO\OneDrive\medtech project\Imagens e Matrizes da Tese de Thiago Alves Elias da Silva\12 Novos Casos de Testes\SAUDAΓòá├╝VEIS\50\Segmentadas\PAC_14_DN11-dir.png,640,480,307200,46387,15.099934895833334,260813,84.90006510416667,1,223,160.748507124841,19.413133991216025,199,281,
50,0,Healthy,2,12,PAC_14_DN12-dir.png,C:\Users\LENOVO\OneDrive\medtech project\Imagens e Matrizes da Tese de Thiago Alves Elias da Silva\12 Novos Casos de Testes\SAUDAΓòá├╝VEIS\50\Segmentadas\PAC_14_DN12-dir.png,640,480,307200,50293,16.371419270833336,256907,83.62858072916667,1,225,161.09383015529,20.111712650431965,210,294,
50,0,Healthy,2,13,PAC_14_DN13-dir.png,C:\Users\LENOVO\OneDrive\medtech project\Imagens e Matrizes da Tese de Thiago Alves Elias da Silva\12 Novos Casos de Testes\SAUDAΓòá├╝VEIS\50\Segmentadas\PAC_14_DN13-dir.png,640,480,307200,49377,16.0732421875,257823,83.9267578125,1,224,161.68748607651335,19.70521797189309,205,294,
50,0,Healthy,2,14,PAC_14_DN14-dir.png,C:\Users\LENOVO\OneDrive\medtech project\Imagens e Matrizes da Tese de Thiago Alves Elias da Silva\12 Novos Casos de Testes\SAUDAΓòá├╝VEIS\50\Segmentadas\PAC_14_DN14-dir.png,640,480,307200,48010,15.628255208333334,259190,84.37174479166667,1,224,162.23388877317225,20.176390800630415,201,296,
50,0,Healthy,2,15,PAC_14_DN15-dir.png,C:\Users\LENOVO\OneDrive\medtech project\Imagens e Matrizes da Tese de Thiago Alves Elias da Silva\12 Novos Casos de Testes\SAUDAΓòá├╝VEIS\50\Segmentadas\PAC_14_DN15-dir.png,640,480,307200,48281,15.716471354166666,258919,84.28352864583334,1,222,160.71516745717778,19.97586258240289,202,291,
50,0,Healthy,2,16,PAC_14_DN16-dir.png,C:\Users\LENOVO\OneDrive\medtech project\Imagens e Matrizes da Tese de Thiago Alves Elias da Silva\12 Novos Casos de Testes\SAUDAΓòá├╝VEIS\50\Segmentadas\PAC_14_DN16-dir.png,640,480,307200,46587,15.1650390625,260613,84.8349609375,1,222,160.2107025565072,19.80780305422489,198,282,
50,0,Healthy,2,17,PAC_14_DN17-dir.png,C:\Users\LENOVO\OneDrive\medtech project\Imagens e Matrizes da Tese de Thiago Alves Elias da Silva\12 Novos Casos de Testes\SAUDAΓòá├╝VEIS\50\Segmentadas\PAC_14_DN17-dir.png,640,480,307200,44187,14.3837890625,263013,85.6162109375,1,223,159.90574150768325,19.80665615561129,192,272,
50,0,Healthy,2,18,PAC_14_DN18-dir.png,C:\Users\LENOVO\OneDrive\medtech project\Imagens e Matrizes da Tese de Thiago Alves Elias da Silva\12 Novos Casos de Testes\SAUDAΓòá├╝VEIS\50\Segmentadas\PAC_14_DN18-dir.png,640,480,307200,50703,16.5048828125,256497,83.4951171875,1,221,161.87460308068557,20.381356550008896,216,296,
50,0,Healthy,2,19,PAC_14_DN19-dir.png,C:\Users\LENOVO\OneDrive\medtech project\Imagens e Matrizes da Tese de Thiago Alves Elias da Silva\12 Novos Casos de Testes\SAUDAΓòá├╝VEIS\50\Segmentadas\PAC_14_DN19-dir.png,640,480,307200,48698,15.852213541666666,258502,84.14778645833333,1,221,160.72855148055362,19.311423024277232,203,290,
68,0,Healthy,2,0,PAC_17_DN0-dir.png,C:\Users\LENOVO\OneDrive\medtech project\Imagens e Matrizes da Tese de Thiago Alves Elias da Silva\Desenvolvimento da Metodologia\SAUDAΓòá├╝VEIS\68\Segmentadas\PAC_17_DN0-dir.png,640,480,307200,30435,9.9072265625,276765,90.0927734375,1,207,152.5186462953836,22.1862570949808,181,203,
68,0,Healthy,2,1,PAC_17_DN1-dir.png,C:\Users\LENOVO\OneDrive\medtech project\Imagens e Matrizes da Tese de Thiago Alves Elias da Silva\Desenvolvimento da Metodologia\SAUDAΓòá├╝VEIS\68\Segmentadas\PAC_17_DN1-dir.png,640,480,307200,31481,10.247721354166666,275719,89.75227864583334,1,209,153.5167561386233,22.03975533282827,182,206,
68,0,Healthy,2,2,PAC_17_DN2-dir.png,C:\Users\LENOVO\OneDrive\medtech project\Imagens e Matrizes da Tese de Thiago Alves Elias da Silva\Desenvolvimento da Metodologia\SAUDAΓòá├╝VEIS\68\Segmentadas\PAC_17_DN2-dir.png,640,480,307200,32262,10.501953125,274938,89.498046875,1,207,153.52904345669828,22.235497340041537,184,213,
68,0,Healthy,2,3,PAC_17_DN3-dir.png,C:\Users\LENOVO\OneDrive\medtech project\Imagens e Matrizes da Tese de Thiago Alves Elias da Silva\Desenvolvimento da Metodologia\SAUDAΓòá├╝VEIS\68\Segmentadas\PAC_17_DN3-dir.png,640,480,307200,33045,10.7568359375,274155,89.2431640625,1,204,152.46134059615676,22.110639318849675,187,214,
68,0,Healthy,2,4,PAC_17_DN4-dir.png,C:\Users\LENOVO\OneDrive\medtech project\Imagens e Matrizes da Tese de Thiago Alves Elias da Silva\Desenvolvimento da Metodologia\SAUDAΓòá├╝VEIS\68\Segmentadas\PAC_17_DN4-dir.png,640,480,307200,34902,11.361328125,272298,88.638671875,1,204,154.4410635493668,21.747899365323185,192,226,
68,0,Healthy,2,5,PAC_17_DN5-dir.png,C:\Users\LENOVO\OneDrive\medtech project\Imagens e Matrizes da Tese de Thiago Alves Elias da Silva\Desenvolvimento da Metodologia\SAUDAΓòá├╝VEIS\68\Segmentadas\PAC_17_DN5-dir.png,640,480,307200,33895,11.033528645833334,273305,88.96647135416667,1,206,153.6344003540345,21.835852842671056,186,221,
68,0,Healthy,2,6,PAC_17_DN6-dir.png,C:\Users\LENOVO\OneDrive\medtech project\Imagens e Matrizes da Tese de Thiago Alves Elias da Silva\Desenvolvimento da Metodologia\SAUDAΓòá├╝VEIS\68\Segmentadas\PAC_17_DN6-dir.png,640,480,307200,33446,10.887369791666666,273754,89.11263020833333,1,207,154.51411230042456,21.91406353644003,192,217,
68,0,Healthy,2,7,PAC_17_DN7-dir.png,C:\Users\LENOVO\OneDrive\medtech project\Imagens e Matrizes da Tese de Thiago Alves Elias da Silva\Desenvolvimento da Metodologia\SAUDAΓòá├╝VEIS\68\Segmentadas\PAC_17_DN7-dir.png,640,480,307200,31645,10.301106770833334,275555,89.69889322916667,1,205,153.9052298941381,21.28646140697429,185,209,
68,0,Healthy,2,8,PAC_17_DN8-dir.png,C:\Users\LENOVO\OneDrive\medtech project\Imagens e Matrizes da Tese de Thiago Alves Elias da Silva\Desenvolvimento da Metodologia\SAUDAΓòá├╝VEIS\68\Segmentadas\PAC_17_DN8-dir.png,640,480,307200,32598,10.611328125,274602,89.388671875,1,207,154.35496042702007,21.194806483125458,188,207,
68,0,Healthy,2,9,PAC_17_DN9-dir.png,C:\Users\LENOVO\OneDrive\medtech project\Imagens e Matrizes da Tese de Thiago Alves Elias da Silva\Desenvolvimento da Metodologia\SAUDAΓòá├╝VEIS\68\Segmentadas\PAC_17_DN9-dir.png,640,480,307200,33078,10.767578125,274122,89.232421875,1,205,154.0267549428623,21.901747385573938,189,215,
68,0,Healthy,2,10,PAC_17_DN10-dir.png,C:\Users\LENOVO\OneDrive\medtech project\Imagens e Matrizes da Tese de Thiago Alves Elias da Silva\Desenvolvimento da Metodologia\SAUDAΓòá├╝VEIS\68\Segmentadas\PAC_17_DN10-dir.png,640,480,307200,32137,10.461263020833334,275063,89.53873697916667,1,206,154.42278370725333,21.521846187721113,190,210,
68,0,Healthy,2,11,PAC_17_DN11-dir.png,C:\Users\LENOVO\OneDrive\medtech project\Imagens e Matrizes da Tese de Thiago Alves Elias da Silva\Desenvolvimento da Metodologia\SAUDAΓòá├╝VEIS\68\Segmentadas\PAC_17_DN11-dir.png,640,480,307200,33952,11.052083333333334,273248,88.94791666666667,1,204,155.10776979264844,22.314425222153325,190,222,
68,0,Healthy,2,12,PAC_17_DN12-dir.png,C:\Users\LENOVO\OneDrive\medtech project\Imagens e Matrizes da Tese de Thiago Alves Elias da Silva\Desenvolvimento da Metodologia\SAUDAΓòá├╝VEIS\68\Segmentadas\PAC_17_DN12-dir.png,640,480,307200,31104,10.125,276096,89.875,1,203,154.63618827160494,22.01453666712651,184,207,
68,0,Healthy,2,13,PAC_17_DN13-dir.png,C:\Users\LENOVO\OneDrive\medtech project\Imagens e Matrizes da Tese de Thiago Alves Elias da Silva\Desenvolvimento da Metodologia\SAUDAΓòá├╝VEIS\68\Segmentadas\PAC_17_DN13-dir.png,640,480,307200,34151,11.116861979166668,273049,88.88313802083333,1,205,155.36602149278207,22.294324100534023,193,218,
68,0,Healthy,2,14,PAC_17_DN14-dir.png,C:\Users\LENOVO\OneDrive\medtech project\Imagens e Matrizes da Tese de Thiago Alves Elias da Silva\Desenvolvimento da Metodologia\SAUDAΓòá├╝VEIS\68\Segmentadas\PAC_17_DN14-dir.png,640,480,307200,32146,10.464192708333334,275054,89.53580729166667,1,205,154.00052883718035,21.671059551698317,193,211,
68,0,Healthy,2,15,PAC_17_DN15-dir.png,C:\Users\LENOVO\OneDrive\medtech project\Imagens e Matrizes da Tese de Thiago Alves Elias da Silva\Desenvolvimento da Metodologia\SAUDAΓòá├╝VEIS\68\Segmentadas\PAC_17_DN15-dir.png,640,480,307200,33948,11.05078125,273252,88.94921875,1,204,156.02539177565689,22.25373068248557,190,224,
68,0,Healthy,2,16,PAC_17_DN16-dir.png,C:\Users\LENOVO\OneDrive\medtech project\Imagens e Matrizes da Tese de Thiago Alves Elias da Silva\Desenvolvimento da Metodologia\SAUDAΓòá├╝VEIS\68\Segmentadas\PAC_17_DN16-dir.png,640,480,307200,33036,10.75390625,274164,89.24609375,1,202,154.85530935948663,22.03636438827397,184,219,
68,0,Healthy,2,17,PAC_17_DN17-dir.png,C:\Users\LENOVO\OneDrive\medtech project\Imagens e Matrizes da Tese de Thiago Alves Elias da Silva\Desenvolvimento da Metodologia\SAUDAΓòá├╝VEIS\68\Segmentadas\PAC_17_DN17-dir.png,640,480,307200,32953,10.726888020833334,274247,89.27311197916666,1,204,153.77628743968683,21.57946655877502,190,221,
68,0,Healthy,2,18,PAC_17_DN18-dir.png,C:\Users\LENOVO\OneDrive\medtech project\Imagens e Matrizes da Tese de Thiago Alves Elias da Silva\Desenvolvimento da Metodologia\SAUDAΓòá├╝VEIS\68\Segmentadas\PAC_17_DN18-dir.png,640,480,307200,31473,10.2451171875,275727,89.7548828125,1,203,153.78378292504686,21.57007618875819,175,212,
68,0,Healthy,2,19,PAC_17_DN19-dir.png,C:\Users\LENOVO\OneDrive\medtech project\Imagens e Matrizes da Tese de Thiago Alves Elias da Silva\Desenvolvimento da Metodologia\SAUDAΓòá├╝VEIS\68\Segmentadas\PAC_17_DN19-dir.png,640,480,307200,31316,10.194010416666668,275884,89.80598958333333,1,204,155.46477838804444,21.154354413337742,190,208,
108,0,Healthy,2,0,PAC_69_DN0-dir.png,C:\Users\LENOVO\OneDrive\medtech project\Imagens e Matrizes da Tese de Thiago Alves Elias da Silva\12 Novos Casos de Testes\SAUDAΓòá├╝VEIS\108\Segmentadas\PAC_69_DN0-dir.png,640,480,307200,41068,13.368489583333334,266132,86.63151041666667,72,245,172.7210480179215,17.4272900767682,204,248,
108,0,Healthy,2,1,PAC_69_DN1-dir.png,C:\Users\LENOVO\OneDrive\medtech project\Imagens e Matrizes da Tese de Thiago Alves Elias da Silva\12 Novos Casos de Testes\SAUDAΓòá├╝VEIS\108\Segmentadas\PAC_69_DN1-dir.png,640,480,307200,41145,13.3935546875,266055,86.6064453125,85,235,172.92105966703124,16.709329478536095,205,247,
108,0,Healthy,2,2,PAC_69_DN2-dir.png,C:\Users\LENOVO\OneDrive\medtech project\Imagens e Matrizes da Tese de Thiago Alves Elias da Silva\12 Novos Casos de Testes\SAUDAΓòá├╝VEIS\108\Segmentadas\PAC_69_DN2-dir.png,640,480,307200,40743,13.2626953125,266457,86.7373046875,92,246,174.00962128463786,17.348950662972726,199,249,
108,0,Healthy,2,3,PAC_69_DN3-dir.png,C:\Users\LENOVO\OneDrive\medtech project\Imagens e Matrizes da Tese de Thiago Alves Elias da Silva\12 Novos Casos de Testes\SAUDAΓòá├╝VEIS\108\Segmentadas\PAC_69_DN3-dir.png,640,480,307200,39369,12.815429687499998,267831,87.1845703125,58,246,173.82727526734232,17.33997786257467,195,247,
108,0,Healthy,2,4,PAC_69_DN4-dir.png,C:\Users\LENOVO\OneDrive\medtech project\Imagens e Matrizes da Tese de Thiago Alves Elias da Silva\12 Novos Casos de Testes\SAUDAΓòá├╝VEIS\108\Segmentadas\PAC_69_DN4-dir.png,640,480,307200,40551,13.200195312499998,266649,86.7998046875,69,249,174.54499272521022,17.5416980406829,201,246,
108,0,Healthy,2,5,PAC_69_DN5-dir.png,C:\Users\LENOVO\OneDrive\medtech project\Imagens e Matrizes da Tese de Thiago Alves Elias da Silva\12 Novos Casos de Testes\SAUDAΓòá├╝VEIS\108\Segmentadas\PAC_69_DN5-dir.png,640,480,307200,40960,13.333333333333334,266240,86.66666666666667,93,237,174.7996337890625,16.580814310105584,202,246,
108,0,Healthy,2,6,PAC_69_DN6-dir.png,C:\Users\LENOVO\OneDrive\medtech project\Imagens e Matrizes da Tese de Thiago Alves Elias da Silva\12 Novos Casos de Testes\SAUDAΓòá├╝VEIS\108\Segmentadas\PAC_69_DN6-dir.png,640,480,307200,40785,13.276367187499998,266415,86.7236328125,85,237,173.70082138040945,16.64752714139831,200,248,
108,0,Healthy,2,7,PAC_69_DN7-dir.png,C:\Users\LENOVO\OneDrive\medtech project\Imagens e Matrizes da Tese de Thiago Alves Elias da Silva\12 Novos Casos de Testes\SAUDAΓòá├╝VEIS\108\Segmentadas\PAC_69_DN7-dir.png,640,480,307200,40629,13.2255859375,266571,86.7744140625,72,247,175.7468064682862,16.993151438139243,197,247,
108,0,Healthy,2,8,PAC_69_DN8-dir.png,C:\Users\LENOVO\OneDrive\medtech project\Imagens e Matrizes da Tese de Thiago Alves Elias da Silva\12 Novos Casos de Testes\SAUDAΓòá├╝VEIS\108\Segmentadas\PAC_69_DN8-dir.png,640,480,307200,42313,13.773763020833332,264887,86.22623697916667,66,237,176.6931675844303,17.467434710638592,210,245,
108,0,Healthy,2,9,PAC_69_DN9-dir.png,C:\Users\LENOVO\OneDrive\medtech project\Imagens e Matrizes da Tese de Thiago Alves Elias da Silva\12 Novos Casos de Testes\SAUDAΓòá├╝VEIS\108\Segmentadas\PAC_69_DN9-dir.png,640,480,307200,40735,13.260091145833334,266465,86.73990885416667,76,248,176.08098686633116,17.228176361474357,201,246,
108,0,Healthy,2,10,PAC_69_DN10-dir.png,C:\Users\LENOVO\OneDrive\medtech project\Imagens e Matrizes da Tese de Thiago Alves Elias da Silva\12 Novos Casos de Testes\SAUDAΓòá├╝VEIS\108\Segmentadas\PAC_69_DN10-dir.png,640,480,307200,40794,13.279296874999998,266406,86.720703125,87,245,176.4530568220817,16.965370977931578,198,247,
108,0,Healthy,2,11,PAC_69_DN11-dir.png,C:\Users\LENOVO\OneDrive\medtech project\Imagens e Matrizes da Tese de Thiago Alves Elias da Silva\12 Novos Casos de Testes\SAUDAΓòá├╝VEIS\108\Segmentadas\PAC_69_DN11-dir.png,640,480,307200,40763,13.269205729166666,266437,86.73079427083333,80,245,175.538625714496,17.4661587369202,198,248,
108,0,Healthy,2,12,PAC_69_DN12-dir.png,C:\Users\LENOVO\OneDrive\medtech project\Imagens e Matrizes da Tese de Thiago Alves Elias da Silva\12 Novos Casos de Testes\SAUDAΓòá├╝VEIS\108\Segmentadas\PAC_69_DN12-dir.png,640,480,307200,40528,13.192708333333334,266672,86.80729166666666,76,239,176.874506514015,17.041982817414457,201,246,
108,0,Healthy,2,13,PAC_69_DN13-dir.png,C:\Users\LENOVO\OneDrive\medtech project\Imagens e Matrizes da Tese de Thiago Alves Elias da Silva\12 Novos Casos de Testes\SAUDAΓòá├╝VEIS\108\Segmentadas\PAC_69_DN13-dir.png,640,480,307200,41364,13.46484375,265836,86.53515625,83,239,176.84423653418432,17.37606689680903,204,248,
108,0,Healthy,2,14,PAC_69_DN14-dir.png,C:\Users\LENOVO\OneDrive\medtech project\Imagens e Matrizes da Tese de Thiago Alves Elias da Silva\12 Novos Casos de Testes\SAUDAΓòá├╝VEIS\108\Segmentadas\PAC_69_DN14-dir.png,640,480,307200,40619,13.222330729166668,266581,86.77766927083333,80,247,176.49302050764422,17.511155206564883,198,246,
108,0,Healthy,2,15,PAC_69_DN15-dir.png,C:\Users\LENOVO\OneDrive\medtech project\Imagens e Matrizes da Tese de Thiago Alves Elias da Silva\12 Novos Casos de Testes\SAUDAΓòá├╝VEIS\108\Segmentadas\PAC_69_DN15-dir.png,640,480,307200,40998,13.345703125,266202,86.654296875,69,233,175.60149275574418,17.026745824881655,200,244,
108,0,Healthy,2,16,PAC_69_DN16-dir.png,C:\Users\LENOVO\OneDrive\medtech project\Imagens e Matrizes da Tese de Thiago Alves Elias da Silva\12 Novos Casos de Testes\SAUDAΓòá├╝VEIS\108\Segmentadas\PAC_69_DN16-dir.png,640,480,307200,40741,13.262044270833334,266459,86.73795572916667,69,244,176.4011929014997,17.74428534222775,201,246,
108,0,Healthy,2,17,PAC_69_DN17-dir.png,C:\Users\LENOVO\OneDrive\medtech project\Imagens e Matrizes da Tese de Thiago Alves Elias da Silva\12 Novos Casos de Testes\SAUDAΓòá├╝VEIS\108\Segmentadas\PAC_69_DN17-dir.png,640,480,307200,40923,13.3212890625,266277,86.6787109375,80,248,177.6717982552599,18.08116823065791,200,251,
108,0,Healthy,2,18,PAC_69_DN18-dir.png,C:\Users\LENOVO\OneDrive\medtech project\Imagens e Matrizes da Tese de Thiago Alves Elias da Silva\12 Novos Casos de Testes\SAUDAΓòá├╝VEIS\108\Segmentadas\PAC_69_DN18-dir.png,640,480,307200,40599,13.215820312500002,266601,86.7841796875,73,240,176.49346043005986,17.565624011645586,199,249,
108,0,Healthy,2,19,PAC_69_DN19-dir.png,C:\Users\LENOVO\OneDrive\medtech project\Imagens e Matrizes da Tese de Thiago Alves Elias da Silva\12 Novos Casos de Testes\SAUDAΓòá├╝VEIS\108\Segmentadas\PAC_69_DN19-dir.png,640,480,307200,41174,13.402994791666668,266026,86.59700520833333,97,243,177.35459270413367,17.887866960348067,198,249,
900,0,Healthy,2,0,PAC_39_DN0-dir.png,C:\Users\LENOVO\OneDrive\medtech project\Imagens e Matrizes da Tese de Thiago Alves Elias da Silva\Desenvolvimento da Metodologia\SAUDAΓòá├╝VEIS\900\Segmentadas\PAC_39_DN0-dir.png,640,480,307200,48298,15.722005208333334,258902,84.27799479166667,1,191,129.93856888483995,22.07512270784906,257,274,
900,0,Healthy,2,1,PAC_39_DN1-dir.png,C:\Users\LENOVO\OneDrive\medtech project\Imagens e Matrizes da Tese de Thiago Alves Elias da Silva\Desenvolvimento da Metodologia\SAUDAΓòá├╝VEIS\900\Segmentadas\PAC_39_DN1-dir.png,640,480,307200,43471,14.150716145833334,263729,85.84928385416667,1,181,131.87449104000368,20.73277865521469,235,253,
900,0,Healthy,2,2,PAC_39_DN2-dir.png,C:\Users\LENOVO\OneDrive\medtech project\Imagens e Matrizes da Tese de Thiago Alves Elias da Silva\Desenvolvimento da Metodologia\SAUDAΓòá├╝VEIS\900\Segmentadas\PAC_39_DN2-dir.png,640,480,307200,43272,14.0859375,263928,85.9140625,1,199,134.39887224995377,20.173754996716408,227,260,
900,0,Healthy,2,3,PAC_39_DN3-dir.png,C:\Users\LENOVO\OneDrive\medtech project\Imagens e Matrizes da Tese de Thiago Alves Elias da Silva\Desenvolvimento da Metodologia\SAUDAΓòá├╝VEIS\900\Segmentadas\PAC_39_DN3-dir.png,640,480,307200,44578,14.511067708333334,262622,85.48893229166666,1,198,135.91991565346135,20.75520315387682,231,263,
900,0,Healthy,2,4,PAC_39_DN4-dir.png,C:\Users\LENOVO\OneDrive\medtech project\Imagens e Matrizes da Tese de Thiago Alves Elias da Silva\Desenvolvimento da Metodologia\SAUDAΓòá├╝VEIS\900\Segmentadas\PAC_39_DN4-dir.png,640,480,307200,45122,14.688151041666666,262078,85.31184895833334,1,191,137.15899117946898,20.559382521908613,229,264,
900,0,Healthy,2,5,PAC_39_DN5-dir.png,C:\Users\LENOVO\OneDrive\medtech project\Imagens e Matrizes da Tese de Thiago Alves Elias da Silva\Desenvolvimento da Metodologia\SAUDAΓòá├╝VEIS\900\Segmentadas\PAC_39_DN5-dir.png,640,480,307200,43979,14.316080729166666,263221,85.68391927083333,1,180,135.55637918097273,20.313569368176026,225,260,
900,0,Healthy,2,6,PAC_39_DN6-dir.png,C:\Users\LENOVO\OneDrive\medtech project\Imagens e Matrizes da Tese de Thiago Alves Elias da Silva\Desenvolvimento da Metodologia\SAUDAΓòá├╝VEIS\900\Segmentadas\PAC_39_DN6-dir.png,640,480,307200,45676,14.868489583333332,261524,85.13151041666667,1,199,135.62956476048691,20.469015796219796,229,268,
900,0,Healthy,2,7,PAC_39_DN7-dir.png,C:\Users\LENOVO\OneDrive\medtech project\Imagens e Matrizes da Tese de Thiago Alves Elias da Silva\Desenvolvimento da Metodologia\SAUDAΓòá├╝VEIS\900\Segmentadas\PAC_39_DN7-dir.png,640,480,307200,44072,14.346354166666666,263128,85.65364583333334,1,186,136.58082229079687,20.640517238533775,225,264,
900,0,Healthy,2,8,PAC_39_DN8-dir.png,C:\Users\LENOVO\OneDrive\medtech project\Imagens e Matrizes da Tese de Thiago Alves Elias da Silva\Desenvolvimento da Metodologia\SAUDAΓòá├╝VEIS\900\Segmentadas\PAC_39_DN8-dir.png,640,480,307200,43523,14.167643229166666,263677,85.83235677083333,1,187,135.9728189692806,20.976537794747802,236,261,
900,0,Healthy,2,9,PAC_39_DN9-dir.png,C:\Users\LENOVO\OneDrive\medtech project\Imagens e Matrizes da Tese de Thiago Alves Elias da Silva\Desenvolvimento da Metodologia\SAUDAΓòá├╝VEIS\900\Segmentadas\PAC_39_DN9-dir.png,640,480,307200,45808,14.911458333333332,261392,85.08854166666666,1,189,138.46142595179882,20.947777323005084,239,268,
900,0,Healthy,2,10,PAC_39_DN10-dir.png,C:\Users\LENOVO\OneDrive\medtech project\Imagens e Matrizes da Tese de Thiago Alves Elias da Silva\Desenvolvimento da Metodologia\SAUDAΓòá├╝VEIS\900\Segmentadas\PAC_39_DN10-dir.png,640,480,307200,45209,14.716471354166666,261991,85.28352864583333,1,183,136.6295206706629,20.71715282544802,231,267,
900,0,Healthy,2,11,PAC_39_DN11-dir.png,C:\Users\LENOVO\OneDrive\medtech project\Imagens e Matrizes da Tese de Thiago Alves Elias da Silva\Desenvolvimento da Metodologia\SAUDAΓòá├╝VEIS\900\Segmentadas\PAC_39_DN11-dir.png,640,480,307200,46299,15.071289062500002,260901,84.9287109375,1,182,135.87652001123135,20.492810212709692,225,279,
900,0,Healthy,2,12,PAC_39_DN12-dir.png,C:\Users\LENOVO\OneDrive\medtech project\Imagens e Matrizes da Tese de Thiago Alves Elias da Silva\Desenvolvimento da Metodologia\SAUDAΓòá├╝VEIS\900\Segmentadas\PAC_39_DN12-dir.png,640,480,307200,46110,15.009765624999998,261090,84.990234375,1,192,137.2159835176751,21.20412919165902,232,276,
900,0,Healthy,2,13,PAC_39_DN13-dir.png,C:\Users\LENOVO\OneDrive\medtech project\Imagens e Matrizes da Tese de Thiago Alves Elias da Silva\Desenvolvimento da Metodologia\SAUDAΓòá├╝VEIS\900\Segmentadas\PAC_39_DN13-dir.png,640,480,307200,48552,15.8046875,258648,84.1953125,1,181,135.58106772120613,20.945765614147934,241,283,
900,0,Healthy,2,14,PAC_39_DN14-dir.png,C:\Users\LENOVO\OneDrive\medtech project\Imagens e Matrizes da Tese de Thiago Alves Elias da Silva\Desenvolvimento da Metodologia\SAUDAΓòá├╝VEIS\900\Segmentadas\PAC_39_DN14-dir.png,640,480,307200,46794,15.232421874999998,260406,84.767578125,1,187,139.2618711800658,22.293343929069025,228,279,
900,0,Healthy,2,15,PAC_39_DN15-dir.png,C:\Users\LENOVO\OneDrive\medtech project\Imagens e Matrizes da Tese de Thiago Alves Elias da Silva\Desenvolvimento da Metodologia\SAUDAΓòá├╝VEIS\900\Segmentadas\PAC_39_DN15-dir.png,640,480,307200,45398,14.777994791666666,261802,85.22200520833333,1,184,135.22271906251376,21.41308532378771,230,276,
900,0,Healthy,2,16,PAC_39_DN16-dir.png,C:\Users\LENOVO\OneDrive\medtech project\Imagens e Matrizes da Tese de Thiago Alves Elias da Silva\Desenvolvimento da Metodologia\SAUDAΓòá├╝VEIS\900\Segmentadas\PAC_39_DN16-dir.png,640,480,307200,45568,14.833333333333334,261632,85.16666666666667,1,195,137.61622191011236,21.747661314822775,227,280,
900,0,Healthy,2,17,PAC_39_DN17-dir.png,C:\Users\LENOVO\OneDrive\medtech project\Imagens e Matrizes da Tese de Thiago Alves Elias da Silva\Desenvolvimento da Metodologia\SAUDAΓòá├╝VEIS\900\Segmentadas\PAC_39_DN17-dir.png,640,480,307200,46316,15.076822916666666,260884,84.92317708333333,1,185,137.45409793591847,21.541252304110387,231,269,
900,0,Healthy,2,18,PAC_39_DN18-dir.png,C:\Users\LENOVO\OneDrive\medtech project\Imagens e Matrizes da Tese de Thiago Alves Elias da Silva\Desenvolvimento da Metodologia\SAUDAΓòá├╝VEIS\900\Segmentadas\PAC_39_DN18-dir.png,640,480,307200,50818,16.542317708333336,256382,83.45768229166667,1,192,138.6758235270967,21.77606681677403,244,292,
900,0,Healthy,2,19,PAC_39_DN19-dir.png,C:\Users\LENOVO\OneDrive\medtech project\Imagens e Matrizes da Tese de Thiago Alves Elias da Silva\Desenvolvimento da Metodologia\SAUDAΓòá├╝VEIS\900\Segmentadas\PAC_39_DN19-dir.png,640,480,307200,45303,14.7470703125,261897,85.2529296875,1,183,135.76540184976713,21.42354535309432,233,278,
180,1,Sick,2,0,PAC_01_DN0-esq.png,C:\Users\LENOVO\OneDrive\medtech project\Imagens e Matrizes da Tese de Thiago Alves Elias da Silva\Desenvolvimento da Metodologia\DOENTES\180\Segmentadas\PAC_01_DN0-esq.png,640,480,307200,53134,17.296223958333336,254066,82.70377604166667,2,242,151.86103060187452,38.8400019236007,266,304,
180,1,Sick,2,1,PAC_01_DN1-esq.png,C:\Users\LENOVO\OneDrive\medtech project\Imagens e Matrizes da Tese de Thiago Alves Elias da Silva\Desenvolvimento da Metodologia\DOENTES\180\Segmentadas\PAC_01_DN1-esq.png,640,480,307200,53188,17.313802083333332,254012,82.68619791666667,2,249,155.0919568323682,40.45615552236504,268,307,
180,1,Sick,2,2,PAC_01_DN2-esq.png,C:\Users\LENOVO\OneDrive\medtech project\Imagens e Matrizes da Tese de Thiago Alves Elias da Silva\Desenvolvimento da Metodologia\DOENTES\180\Segmentadas\PAC_01_DN2-esq.png,640,480,307200,52547,17.105143229166668,254653,82.89485677083334,2,250,156.46303309418235,40.21180978587579,265,304,
180,1,Sick,2,3,PAC_01_DN3-esq.png,C:\Users\LENOVO\OneDrive\medtech project\Imagens e Matrizes da Tese de Thiago Alves Elias da Silva\Desenvolvimento da Metodologia\DOENTES\180\Segmentadas\PAC_01_DN3-esq.png,640,480,307200,55168,17.958333333333336,252032,82.04166666666667,2,255,159.8974224187935,40.38455269065498,270,311,
180,1,Sick,2,4,PAC_01_DN4-esq.png,C:\Users\LENOVO\OneDrive\medtech project\Imagens e Matrizes da Tese de Thiago Alves Elias da Silva\Desenvolvimento da Metodologia\DOENTES\180\Segmentadas\PAC_01_DN4-esq.png,640,480,307200,55202,17.969401041666664,251998,82.03059895833333,2,253,159.05090395275533,40.1109175903033,272,313,
180,1,Sick,2,5,PAC_01_DN5-esq.png,C:\Users\LENOVO\OneDrive\medtech project\Imagens e Matrizes da Tese de Thiago Alves Elias da Silva\Desenvolvimento da Metodologia\DOENTES\180\Segmentadas\PAC_01_DN5-esq.png,640,480,307200,50536,16.450520833333336,256664,83.54947916666666,2,255,160.2273626721545,40.398113702075094,265,301,
180,1,Sick,2,6,PAC_01_DN6-esq.png,C:\Users\LENOVO\OneDrive\medtech project\Imagens e Matrizes da Tese de Thiago Alves Elias da Silva\Desenvolvimento da Metodologia\DOENTES\180\Segmentadas\PAC_01_DN6-esq.png,640,480,307200,52271,17.015299479166668,254929,82.98470052083333,2,255,162.20045531939317,39.03924275610536,270,300,
180,1,Sick,2,7,PAC_01_DN7-esq.png,C:\Users\LENOVO\OneDrive\medtech project\Imagens e Matrizes da Tese de Thiago Alves Elias da Silva\Desenvolvimento da Metodologia\DOENTES\180\Segmentadas\PAC_01_DN7-esq.png,640,480,307200,49219,16.021809895833332,257981,83.97819010416666,2,255,162.29590198906925,39.68319362326519,270,300,
180,1,Sick,2,8,PAC_01_DN8-esq.png,C:\Users\LENOVO\OneDrive\medtech project\Imagens e Matrizes da Tese de Thiago Alves Elias da Silva\Desenvolvimento da Metodologia\DOENTES\180\Segmentadas\PAC_01_DN8-esq.png,640,480,307200,52775,17.179361979166664,254425,82.82063802083334,2,255,163.64689720511606,39.35765359895211,279,307,
180,1,Sick,2,9,PAC_01_DN9-esq.png,C:\Users\LENOVO\OneDrive\medtech project\Imagens e Matrizes da Tese de Thiago Alves Elias da Silva\Desenvolvimento da Metodologia\DOENTES\180\Segmentadas\PAC_01_DN9-esq.png,640,480,307200,50016,16.28125,257184,83.71875,2,255,164.17974248240563,38.93803266444743,273,300,
180,1,Sick,2,10,PAC_01_DN10-esq.png,C:\Users\LENOVO\OneDrive\medtech project\Imagens e Matrizes da Tese de Thiago Alves Elias da Silva\Desenvolvimento da Metodologia\DOENTES\180\Segmentadas\PAC_01_DN10-esq.png,640,480,307200,52613,17.126627604166668,254587,82.87337239583333,2,255,164.8000114040256,38.08575846696722,271,307,
180,1,Sick,2,11,PAC_01_DN11-esq.png,C:\Users\LENOVO\OneDrive\medtech project\Imagens e Matrizes da Tese de Thiago Alves Elias da Silva\Desenvolvimento da Metodologia\DOENTES\180\Segmentadas\PAC_01_DN11-esq.png,640,480,307200,50800,16.536458333333336,256400,83.46354166666666,2,255,164.28610236220473,38.964537124318014,273,303,
180,1,Sick,2,12,PAC_01_DN12-esq.png,C:\Users\LENOVO\OneDrive\medtech project\Imagens e Matrizes da Tese de Thiago Alves Elias da Silva\Desenvolvimento da Metodologia\DOENTES\180\Segmentadas\PAC_01_DN12-esq.png,640,480,307200,50756,16.522135416666668,256444,83.47786458333334,2,255,166.00989045630072,39.08246539671416,269,305,
180,1,Sick,2,13,PAC_01_DN13-esq.png,C:\Users\LENOVO\OneDrive\medtech project\Imagens e Matrizes da Tese de Thiago Alves Elias da Silva\Desenvolvimento da Metodologia\DOENTES\180\Segmentadas\PAC_01_DN13-esq.png,640,480,307200,49587,16.1416015625,257613,83.8583984375,2,255,165.3283521890818,39.49986853914611,279,303,
180,1,Sick,2,14,PAC_01_DN14-esq.png,C:\Users\LENOVO\OneDrive\medtech project\Imagens e Matrizes da Tese de Thiago Alves Elias da Silva\Desenvolvimento da Metodologia\DOENTES\180\Segmentadas\PAC_01_DN14-esq.png,640,480,307200,52560,17.109375,254640,82.890625,2,255,163.0699200913242,39.594790709934024,276,308,
180,1,Sick,2,15,PAC_01_DN15-esq.png,C:\Users\LENOVO\OneDrive\medtech project\Imagens e Matrizes da Tese de Thiago Alves Elias da Silva\Desenvolvimento da Metodologia\DOENTES\180\Segmentadas\PAC_01_DN15-esq.png,640,480,307200,49335,16.0595703125,257865,83.9404296875,2,255,163.00443903922164,39.92734052109496,272,300,
180,1,Sick,2,16,PAC_01_DN16-esq.png,C:\Users\LENOVO\OneDrive\medtech project\Imagens e Matrizes da Tese de Thiago Alves Elias da Silva\Desenvolvimento da Metodologia\DOENTES\180\Segmentadas\PAC_01_DN16-esq.png,640,480,307200,50692,16.501302083333332,256508,83.49869791666666,2,255,162.39680817485993,39.90707989461711,272,304,
180,1,Sick,2,17,PAC_01_DN17-esq.png,C:\Users\LENOVO\OneDrive\medtech project\Imagens e Matrizes da Tese de Thiago Alves Elias da Silva\Desenvolvimento da Metodologia\DOENTES\180\Segmentadas\PAC_01_DN17-esq.png,640,480,307200,53076,17.27734375,254124,82.72265625,2,255,164.52590624764488,39.726398520027246,274,313,
180,1,Sick,2,18,PAC_01_DN18-esq.png,C:\Users\LENOVO\OneDrive\medtech project\Imagens e Matrizes da Tese de Thiago Alves Elias da Silva\Desenvolvimento da Metodologia\DOENTES\180\Segmentadas\PAC_01_DN18-esq.png,640,480,307200,50013,16.2802734375,257187,83.7197265625,2,255,162.1810329314378,40.28423271593171,271,304,
180,1,Sick,2,19,PAC_01_DN19-esq.png,C:\Users\LENOVO\OneDrive\medtech project\Imagens e Matrizes da Tese de Thiago Alves Elias da Silva\Desenvolvimento da Metodologia\DOENTES\180\Segmentadas\PAC_01_DN19-esq.png,640,480,307200,54174,17.634765625,253026,82.365234375,2,255,161.848543581792,39.3564063800668,276,309,
210,1,Sick,2,0,PAC_07_DN0-esq.png,C:\Users\LENOVO\OneDrive\medtech project\Imagens e Matrizes da Tese de Thiago Alves Elias da Silva\Desenvolvimento da Metodologia\DOENTES\210\Segmentadas\PAC_07_DN0-esq.png,640,480,307200,65186,21.219401041666668,242014,78.78059895833334,94,254,165.76267910287484,14.660487810015859,263,378,
210,1,Sick,2,1,PAC_07_DN1-esq.png,C:\Users\LENOVO\OneDrive\medtech project\Imagens e Matrizes da Tese de Thiago Alves Elias da Silva\Desenvolvimento da Metodologia\DOENTES\210\Segmentadas\PAC_07_DN1-esq.png,640,480,307200,66317,21.587565104166668,240883,78.41243489583334,100,255,172.71658850671773,14.988455671404612,254,379,
210,1,Sick,2,2,PAC_07_DN2-esq.png,C:\Users\LENOVO\OneDrive\medtech project\Imagens e Matrizes da Tese de Thiago Alves Elias da Silva\Desenvolvimento da Metodologia\DOENTES\210\Segmentadas\PAC_07_DN2-esq.png,640,480,307200,64572,21.01953125,242628,78.98046875,98,255,170.92461128662578,14.92062201798054,245,377,
210,1,Sick,2,3,PAC_07_DN3-esq.png,C:\Users\LENOVO\OneDrive\medtech project\Imagens e Matrizes da Tese de Thiago Alves Elias da Silva\Desenvolvimento da Metodologia\DOENTES\210\Segmentadas\PAC_07_DN3-esq.png,640,480,307200,64335,20.9423828125,242865,79.0576171875,100,254,173.83727364576046,15.136880916273189,245,379,
210,1,Sick,2,4,PAC_07_DN4-esq.png,C:\Users\LENOVO\OneDrive\medtech project\Imagens e Matrizes da Tese de Thiago Alves Elias da Silva\Desenvolvimento da Metodologia\DOENTES\210\Segmentadas\PAC_07_DN4-esq.png,640,480,307200,66050,21.500651041666664,241150,78.49934895833334,102,248,177.48072672218018,15.345242151926001,253,376,
210,1,Sick,2,5,PAC_07_DN5-esq.png,C:\Users\LENOVO\OneDrive\medtech project\Imagens e Matrizes da Tese de Thiago Alves Elias da Silva\Desenvolvimento da Metodologia\DOENTES\210\Segmentadas\PAC_07_DN5-esq.png,640,480,307200,65727,21.3955078125,241473,78.6044921875,101,251,178.13023567179394,15.682550355911493,248,380,
210,1,Sick,2,6,PAC_07_DN6-esq.png,C:\Users\LENOVO\OneDrive\medtech project\Imagens e Matrizes da Tese de Thiago Alves Elias da Silva\Desenvolvimento da Metodologia\DOENTES\210\Segmentadas\PAC_07_DN6-esq.png,640,480,307200,63876,20.79296875,243324,79.20703125,102,242,180.57321998872817,15.811984620286395,250,378,
210,1,Sick,2,7,PAC_07_DN7-esq.png,C:\Users\LENOVO\OneDrive\medtech project\Imagens e Matrizes da Tese de Thiago Alves Elias da Silva\Desenvolvimento da Metodologia\DOENTES\210\Segmentadas\PAC_07_DN7-esq.png,640,480,307200,64941,21.1396484375,242259,78.8603515625,103,243,181.16191620085925,16.24237075960641,248,385,
210,1,Sick,2,8,PAC_07_DN8-esq.png,C:\Users\LENOVO\OneDrive\medtech project\Imagens e Matrizes da Tese de Thiago Alves Elias da Silva\Desenvolvimento da Metodologia\DOENTES\210\Segmentadas\PAC_07_DN8-esq.png,640,480,307200,63885,20.7958984375,243315,79.2041015625,102,240,178.77514283478124,15.9985583441168,234,384,
210,1,Sick,2,9,PAC_07_DN9-esq.png,C:\Users\LENOVO\OneDrive\medtech project\Imagens e Matrizes da Tese de Thiago Alves Elias da Silva\Desenvolvimento da Metodologia\DOENTES\210\Segmentadas\PAC_07_DN9-esq.png,640,480,307200,64483,20.990559895833332,242717,79.00944010416666,101,239,178.95296434719228,16.31475636450757,236,382,
210,1,Sick,2,10,PAC_07_DN10-esq.png,C:\Users\LENOVO\OneDrive\medtech project\Imagens e Matrizes da Tese de Thiago Alves Elias da Silva\Desenvolvimento da Metodologia\DOENTES\210\Segmentadas\PAC_07_DN10-esq.png,640,480,307200,64870,21.116536458333332,242330,78.88346354166667,103,240,180.4898720517959,16.350991966104008,234,386,
210,1,Sick,2,11,PAC_07_DN11-esq.png,C:\Users\LENOVO\OneDrive\medtech project\Imagens e Matrizes da Tese de Thiago Alves Elias da Silva\Desenvolvimento da Metodologia\DOENTES\210\Segmentadas\PAC_07_DN11-esq.png,640,480,307200,65030,21.168619791666668,242170,78.83138020833333,100,238,178.95695832692604,16.30905032969654,234,383,
210,1,Sick,2,12,PAC_07_DN12-esq.png,C:\Users\LENOVO\OneDrive\medtech project\Imagens e Matrizes da Tese de Thiago Alves Elias da Silva\Desenvolvimento da Metodologia\DOENTES\210\Segmentadas\PAC_07_DN12-esq.png,640,480,307200,64827,21.1025390625,242373,78.8974609375,101,237,179.26799018927298,16.371328942629187,235,381,
210,1,Sick,2,13,PAC_07_DN13-esq.png,C:\Users\LENOVO\OneDrive\medtech project\Imagens e Matrizes da Tese de Thiago Alves Elias da Silva\Desenvolvimento da Metodologia\DOENTES\210\Segmentadas\PAC_07_DN13-esq.png,640,480,307200,64862,21.113932291666668,242338,78.88606770833333,100,238,178.46916530480095,16.31043838766805,234,382,
210,1,Sick,2,14,PAC_07_DN14-esq.png,C:\Users\LENOVO\OneDrive\medtech project\Imagens e Matrizes da Tese de Thiago Alves Elias da Silva\Desenvolvimento da Metodologia\DOENTES\210\Segmentadas\PAC_07_DN14-esq.png,640,480,307200,63411,20.6416015625,243789,79.3583984375,102,238,180.69271892889248,16.54019779326462,231,381,
210,1,Sick,2,15,PAC_07_DN15-esq.png,C:\Users\LENOVO\OneDrive\medtech project\Imagens e Matrizes da Tese de Thiago Alves Elias da Silva\Desenvolvimento da Metodologia\DOENTES\210\Segmentadas\PAC_07_DN15-esq.png,640,480,307200,63912,20.8046875,243288,79.1953125,102,237,180.09847915884342,16.4504571154351,234,379,
210,1,Sick,2,16,PAC_07_DN16-esq.png,C:\Users\LENOVO\OneDrive\medtech project\Imagens e Matrizes da Tese de Thiago Alves Elias da Silva\Desenvolvimento da Metodologia\DOENTES\210\Segmentadas\PAC_07_DN16-esq.png,640,480,307200,65371,21.279622395833332,241829,78.72037760416667,102,237,180.01021859846108,16.335735955309023,233,380,
210,1,Sick,2,17,PAC_07_DN17-esq.png,C:\Users\LENOVO\OneDrive\medtech project\Imagens e Matrizes da Tese de Thiago Alves Elias da Silva\Desenvolvimento da Metodologia\DOENTES\210\Segmentadas\PAC_07_DN17-esq.png,640,480,307200,64487,20.991861979166668,242713,79.00813802083333,102,239,179.8706561012297,16.61513411050532,232,374,
210,1,Sick,2,18,PAC_07_DN18-esq.png,C:\Users\LENOVO\OneDrive\medtech project\Imagens e Matrizes da Tese de Thiago Alves Elias da Silva\Desenvolvimento da Metodologia\DOENTES\210\Segmentadas\PAC_07_DN18-esq.png,640,480,307200,63078,20.533203125,244122,79.466796875,102,237,179.69534544532166,16.726110638526077,234,371,
210,1,Sick,2,19,PAC_07_DN19-esq.png,C:\Users\LENOVO\OneDrive\medtech project\Imagens e Matrizes da Tese de Thiago Alves Elias da Silva\Desenvolvimento da Metodologia\DOENTES\210\Segmentadas\PAC_07_DN19-esq.png,640,480,307200,62048,20.197916666666664,245152,79.80208333333333,101,236,178.6267889375967,16.76040784514805,237,369,
251,1,Sick,2,0,PAC_53_DN0-esq.png,C:\Users\LENOVO\OneDrive\medtech project\Imagens e Matrizes da Tese de Thiago Alves Elias da Silva\Desenvolvimento da Metodologia\DOENTES\251\Segmentadas\PAC_53_DN0-esq.png,640,480,307200,29134,9.483723958333332,278066,90.51627604166667,96,224,163.4576783139974,12.110327415668104,163,218,
251,1,Sick,2,1,PAC_53_DN1-esq.png,C:\Users\LENOVO\OneDrive\medtech project\Imagens e Matrizes da Tese de Thiago Alves Elias da Silva\Desenvolvimento da Metodologia\DOENTES\251\Segmentadas\PAC_53_DN1-esq.png,640,480,307200,29848,9.716145833333334,277352,90.28385416666667,112,235,172.79382203162692,12.917419581760672,162,221,
251,1,Sick,2,2,PAC_53_DN2-esq.png,C:\Users\LENOVO\OneDrive\medtech project\Imagens e Matrizes da Tese de Thiago Alves Elias da Silva\Desenvolvimento da Metodologia\DOENTES\251\Segmentadas\PAC_53_DN2-esq.png,640,480,307200,31261,10.176106770833334,275939,89.82389322916666,86,236,175.2495761491955,13.145467928117506,167,225,
251,1,Sick,2,3,PAC_53_DN3-esq.png,C:\Users\LENOVO\OneDrive\medtech project\Imagens e Matrizes da Tese de Thiago Alves Elias da Silva\Desenvolvimento da Metodologia\DOENTES\251\Segmentadas\PAC_53_DN3-esq.png,640,480,307200,31346,10.203776041666666,275854,89.79622395833333,98,232,174.5829770943661,13.195704176304085,167,225,
251,1,Sick,2,4,PAC_53_DN4-esq.png,C:\Users\LENOVO\OneDrive\medtech project\Imagens e Matrizes da Tese de Thiago Alves Elias da Silva\Desenvolvimento da Metodologia\DOENTES\251\Segmentadas\PAC_53_DN4-esq.png,640,480,307200,31182,10.150390625,276018,89.849609375,87,218,164.25437752549547,12.516215225033237,169,221,
251,1,Sick,2,5,PAC_53_DN5-esq.png,C:\Users\LENOVO\OneDrive\medtech project\Imagens e Matrizes da Tese de Thiago Alves Elias da Silva\Desenvolvimento da Metodologia\DOENTES\251\Segmentadas\PAC_53_DN5-esq.png,640,480,307200,30691,9.990559895833332,276509,90.00944010416667,109,221,165.91355772050437,12.777710001497121,165,220,
251,1,Sick,2,6,PAC_53_DN6-esq.png,C:\Users\LENOVO\OneDrive\medtech project\Imagens e Matrizes da Tese de Thiago Alves Elias da Silva\Desenvolvimento da Metodologia\DOENTES\251\Segmentadas\PAC_53_DN6-esq.png,640,480,307200,30996,10.08984375,276204,89.91015625,75,221,166.83678539166345,12.988372080731953,164,227,
251,1,Sick,2,7,PAC_53_DN7-esq.png,C:\Users\LENOVO\OneDrive\medtech project\Imagens e Matrizes da Tese de Thiago Alves Elias da Silva\Desenvolvimento da Metodologia\DOENTES\251\Segmentadas\PAC_53_DN7-esq.png,640,480,307200,29194,9.503255208333334,278006,90.49674479166666,92,220,169.90977598136604,13.059573280517109,158,219,
251,1,Sick,2,8,PAC_53_DN8-esq.png,C:\Users\LENOVO\OneDrive\medtech project\Imagens e Matrizes da Tese de Thiago Alves Elias da Silva\Desenvolvimento da Metodologia\DOENTES\251\Segmentadas\PAC_53_DN8-esq.png,640,480,307200,29651,9.652018229166668,277549,90.34798177083333,89,225,169.41445482445786,13.560979465511307,157,221,
251,1,Sick,2,9,PAC_53_DN9-esq.png,C:\Users\LENOVO\OneDrive\medtech project\Imagens e Matrizes da Tese de Thiago Alves Elias da Silva\Desenvolvimento da Metodologia\DOENTES\251\Segmentadas\PAC_53_DN9-esq.png,640,480,307200,30618,9.966796875,276582,90.033203125,102,217,166.18440133254947,12.86805375478483,165,218,
251,1,Sick,2,10,PAC_53_DN10-esq.png,C:\Users\LENOVO\OneDrive\medtech project\Imagens e Matrizes da Tese de Thiago Alves Elias da Silva\Desenvolvimento da Metodologia\DOENTES\251\Segmentadas\PAC_53_DN10-esq.png,640,480,307200,30962,10.078776041666666,276238,89.92122395833333,89,218,167.3713261417221,13.591954486868206,163,226,
251,1,Sick,2,11,PAC_53_DN11-esq.png,C:\Users\LENOVO\OneDrive\medtech project\Imagens e Matrizes da Tese de Thiago Alves Elias da Silva\Desenvolvimento da Metodologia\DOENTES\251\Segmentadas\PAC_53_DN11-esq.png,640,480,307200,30174,9.822265625,277026,90.177734375,96,219,169.28189832305958,13.42080430145058,155,224,
251,1,Sick,2,12,PAC_53_DN12-esq.png,C:\Users\LENOVO\OneDrive\medtech project\Imagens e Matrizes da Tese de Thiago Alves Elias da Silva\Desenvolvimento da Metodologia\DOENTES\251\Segmentadas\PAC_53_DN12-esq.png,640,480,307200,32705,10.646158854166666,274495,89.35384114583333,102,220,172.99474086531112,13.765401898179432,168,228,
251,1,Sick,2,13,PAC_53_DN13-esq.png,C:\Users\LENOVO\OneDrive\medtech project\Imagens e Matrizes da Tese de Thiago Alves Elias da Silva\Desenvolvimento da Metodologia\DOENTES\251\Segmentadas\PAC_53_DN13-esq.png,640,480,307200,30832,10.036458333333332,276368,89.96354166666667,80,219,170.08604696419306,13.987642719628345,163,223,
251,1,Sick,2,14,PAC_53_DN14-esq.png,C:\Users\LENOVO\OneDrive\medtech project\Imagens e Matrizes da Tese de Thiago Alves Elias da Silva\Desenvolvimento da Metodologia\DOENTES\251\Segmentadas\PAC_53_DN14-esq.png,640,480,307200,30091,9.795247395833332,277109,90.20475260416667,98,220,172.45385663487423,13.628595508371628,159,221,
251,1,Sick,2,15,PAC_53_DN15-esq.png,C:\Users\LENOVO\OneDrive\medtech project\Imagens e Matrizes da Tese de Thiago Alves Elias da Silva\Desenvolvimento da Metodologia\DOENTES\251\Segmentadas\PAC_53_DN15-esq.png,640,480,307200,31038,10.103515625,276162,89.896484375,81,214,167.4353695470069,13.264169781433678,169,220,
251,1,Sick,2,16,PAC_53_DN16-esq.png,C:\Users\LENOVO\OneDrive\medtech project\Imagens e Matrizes da Tese de Thiago Alves Elias da Silva\Desenvolvimento da Metodologia\DOENTES\251\Segmentadas\PAC_53_DN16-esq.png,640,480,307200,30557,9.946940104166666,276643,90.05305989583333,108,218,171.73878325751875,13.4701960451812,164,223,
251,1,Sick,2,17,PAC_53_DN17-esq.png,C:\Users\LENOVO\OneDrive\medtech project\Imagens e Matrizes da Tese de Thiago Alves Elias da Silva\Desenvolvimento da Metodologia\DOENTES\251\Segmentadas\PAC_53_DN17-esq.png,640,480,307200,31460,10.240885416666666,275740,89.75911458333333,76,220,173.1414812460267,13.99873446620239,168,221,
251,1,Sick,2,18,PAC_53_DN18-esq.png,C:\Users\LENOVO\OneDrive\medtech project\Imagens e Matrizes da Tese de Thiago Alves Elias da Silva\Desenvolvimento da Metodologia\DOENTES\251\Segmentadas\PAC_53_DN18-esq.png,640,480,307200,31226,10.164713541666668,275974,89.83528645833333,89,221,175.42038685710625,14.037202701574651,170,222,
251,1,Sick,2,19,PAC_53_DN19-esq.png,C:\Users\LENOVO\OneDrive\medtech project\Imagens e Matrizes da Tese de Thiago Alves Elias da Silva\Desenvolvimento da Metodologia\DOENTES\251\Segmentadas\PAC_53_DN19-esq.png,640,480,307200,30847,10.041341145833334,276353,89.95865885416666,97,225,178.50027555353844,13.941643664555224,162,225,
263,1,Sick,2,0,PAC_51_DN0-esq.png,C:\Users\LENOVO\OneDrive\medtech project\Imagens e Matrizes da Tese de Thiago Alves Elias da Silva\Desenvolvimento da Metodologia\DOENTES\263\Segmentadas\PAC_51_DN0-esq.png,640,480,307200,43729,14.234700520833332,263471,85.76529947916667,91,222,160.14521255917126,19.636307582105673,198,273,
263,1,Sick,2,1,PAC_51_DN1-esq.png,C:\Users\LENOVO\OneDrive\medtech project\Imagens e Matrizes da Tese de Thiago Alves Elias da Silva\Desenvolvimento da Metodologia\DOENTES\263\Segmentadas\PAC_51_DN1-esq.png,640,480,307200,44413,14.457356770833332,262787,85.54264322916667,111,217,161.27870218179362,18.856088489944213,199,277,
263,1,Sick,2,2,PAC_51_DN2-esq.png,C:\Users\LENOVO\OneDrive\medtech project\Imagens e Matrizes da Tese de Thiago Alves Elias da Silva\Desenvolvimento da Metodologia\DOENTES\263\Segmentadas\PAC_51_DN2-esq.png,640,480,307200,43411,14.131184895833334,263789,85.86881510416666,96,224,164.69565317546244,19.238076581585318,196,274,
263,1,Sick,2,3,PAC_51_DN3-esq.png,C:\Users\LENOVO\OneDrive\medtech project\Imagens e Matrizes da Tese de Thiago Alves Elias da Silva\Desenvolvimento da Metodologia\DOENTES\263\Segmentadas\PAC_51_DN3-esq.png,640,480,307200,43206,14.064453125000002,263994,85.935546875,111,223,166.69934731287321,18.926613403891988,193,274,
263,1,Sick,2,4,PAC_51_DN4-esq.png,C:\Users\LENOVO\OneDrive\medtech project\Imagens e Matrizes da Tese de Thiago Alves Elias da Silva\Desenvolvimento da Metodologia\DOENTES\263\Segmentadas\PAC_51_DN4-esq.png,640,480,307200,42688,13.895833333333332,264512,86.10416666666667,119,224,167.9862256371814,18.667621320194637,194,272,
263,1,Sick,2,5,PAC_51_DN5-esq.png,C:\Users\LENOVO\OneDrive\medtech project\Imagens e Matrizes da Tese de Thiago Alves Elias da Silva\Desenvolvimento da Metodologia\DOENTES\263\Segmentadas\PAC_51_DN5-esq.png,640,480,307200,42146,13.719401041666668,265054,86.28059895833333,120,225,169.03858017368196,18.59332787382521,194,271,
263,1,Sick,2,6,PAC_51_DN6-esq.png,C:\Users\LENOVO\OneDrive\medtech project\Imagens e Matrizes da Tese de Thiago Alves Elias da Silva\Desenvolvimento da Metodologia\DOENTES\263\Segmentadas\PAC_51_DN6-esq.png,640,480,307200,42408,13.804687500000002,264792,86.1953125,127,228,171.17161856253537,18.841535642996085,193,272,
263,1,Sick,2,7,PAC_51_DN7-esq.png,C:\Users\LENOVO\OneDrive\medtech project\Imagens e Matrizes da Tese de Thiago Alves Elias da Silva\Desenvolvimento da Metodologia\DOENTES\263\Segmentadas\PAC_51_DN7-esq.png,640,480,307200,42681,13.893554687500002,264519,86.1064453125,115,227,172.65649820763338,18.86129584790899,196,273,
263,1,Sick,2,8,PAC_51_DN8-esq.png,C:\Users\LENOVO\OneDrive\medtech project\Imagens e Matrizes da Tese de Thiago Alves Elias da Silva\Desenvolvimento da Metodologia\DOENTES\263\Segmentadas\PAC_51_DN8-esq.png,640,480,307200,41575,13.533528645833334,265625,86.46647135416666,118,231,174.4125315694528,18.611400091736243,191,270,
263,1,Sick,2,9,PAC_51_DN9-esq.png,C:\Users\LENOVO\OneDrive\medtech project\Imagens e Matrizes da Tese de Thiago Alves Elias da Silva\Desenvolvimento da Metodologia\DOENTES\263\Segmentadas\PAC_51_DN9-esq.png,640,480,307200,42172,13.727864583333332,265028,86.27213541666666,126,228,174.61889405292612,18.83703761690903,192,273,
263,1,Sick,2,10,PAC_51_DN10-esq.png,C:\Users\LENOVO\OneDrive\medtech project\Imagens e Matrizes da Tese de Thiago Alves Elias da Silva\Desenvolvimento da Metodologia\DOENTES\263\Segmentadas\PAC_51_DN10-esq.png,640,480,307200,42291,13.7666015625,264909,86.2333984375,115,231,175.07535882339033,18.778433443407643,194,272,
263,1,Sick,2,11,PAC_51_DN11-esq.png,C:\Users\LENOVO\OneDrive\medtech project\Imagens e Matrizes da Tese de Thiago Alves Elias da Silva\Desenvolvimento da Metodologia\DOENTES\263\Segmentadas\PAC_51_DN11-esq.png,640,480,307200,42598,13.866536458333334,264602,86.13346354166667,121,226,174.67202685572093,18.411097658771684,194,272,
263,1,Sick,2,12,PAC_51_DN12-esq.png,C:\Users\LENOVO\OneDrive\medtech project\Imagens e Matrizes da Tese de Thiago Alves Elias da Silva\Desenvolvimento da Metodologia\DOENTES\263\Segmentadas\PAC_51_DN12-esq.png,640,480,307200,42278,13.762369791666668,264922,86.23763020833334,133,228,176.20559156062254,18.57051987133549,192,273,
263,1,Sick,2,13,PAC_51_DN13-esq.png,C:\Users\LENOVO\OneDrive\medtech project\Imagens e Matrizes da Tese de Thiago Alves Elias da Silva\Desenvolvimento da Metodologia\DOENTES\263\Segmentadas\PAC_51_DN13-esq.png,640,480,307200,42425,13.810221354166666,264775,86.18977864583334,123,233,176.30413671184442,18.25212330881184,193,274,
263,1,Sick,2,14,PAC_51_DN14-esq.png,C:\Users\LENOVO\OneDrive\medtech project\Imagens e Matrizes da Tese de Thiago Alves Elias da Silva\Desenvolvimento da Metodologia\DOENTES\263\Segmentadas\PAC_51_DN14-esq.png,640,480,307200,41742,13.587890624999998,265458,86.412109375,130,227,177.6554070241004,18.388760265765544,193,273,
263,1,Sick,2,15,PAC_51_DN15-esq.png,C:\Users\LENOVO\OneDrive\medtech project\Imagens e Matrizes da Tese de Thiago Alves Elias da Silva\Desenvolvimento da Metodologia\DOENTES\263\Segmentadas\PAC_51_DN15-esq.png,640,480,307200,42125,13.712565104166666,265075,86.28743489583334,125,243,176.51237982195846,17.919631191840445,191,272,
263,1,Sick,2,16,PAC_51_DN16-esq.png,C:\Users\LENOVO\OneDrive\medtech project\Imagens e Matrizes da Tese de Thiago Alves Elias da Silva\Desenvolvimento da Metodologia\DOENTES\263\Segmentadas\PAC_51_DN16-esq.png,640,480,307200,42035,13.683268229166668,265165,86.31673177083333,135,228,177.36364933983586,18.010355621904957,192,272,
263,1,Sick,2,17,PAC_51_DN17-esq.png,C:\Users\LENOVO\OneDrive\medtech project\Imagens e Matrizes da Tese de Thiago Alves Elias da Silva\Desenvolvimento da Metodologia\DOENTES\263\Segmentadas\PAC_51_DN17-esq.png,640,480,307200,41877,13.6318359375,265323,86.3681640625,132,237,177.13520548272322,18.10464237350131,193,270,
263,1,Sick,2,18,PAC_51_DN18-esq.png,C:\Users\LENOVO\OneDrive\medtech project\Imagens e Matrizes da Tese de Thiago Alves Elias da Silva\Desenvolvimento da Metodologia\DOENTES\263\Segmentadas\PAC_51_DN18-esq.png,640,480,307200,42440,13.815104166666666,264760,86.18489583333333,121,228,176.90391140433553,17.784428949797036,192,275,
263,1,Sick,2,19,PAC_51_DN19-esq.png,C:\Users\LENOVO\OneDrive\medtech project\Imagens e Matrizes da Tese de Thiago Alves Elias da Silva\Desenvolvimento da Metodologia\DOENTES\263\Segmentadas\PAC_51_DN19-esq.png,640,480,307200,43058,14.016276041666668,264142,85.98372395833334,132,231,178.77553532444608,18.051245139523097,197,274,
283,1,Sick,2,0,PAC_66_DN0-dir.png,C:\Users\LENOVO\OneDrive\medtech project\Imagens e Matrizes da Tese de Thiago Alves Elias da Silva\12 Novos Casos de Testes\DOENTES\283\Segmentadas\PAC_66_DN0-dir.png,640,480,307200,53466,17.404296875,253734,82.595703125,1,236,168.40233045299817,19.766456390054014,246,264,
283,1,Sick,2,1,PAC_66_DN1-dir.png,C:\Users\LENOVO\OneDrive\medtech project\Imagens e Matrizes da Tese de Thiago Alves Elias da Silva\12 Novos Casos de Testes\DOENTES\283\Segmentadas\PAC_66_DN1-dir.png,640,480,307200,52893,17.2177734375,254307,82.7822265625,1,209,168.46667801032274,19.880282096690348,235,263,
283,1,Sick,2,2,PAC_66_DN2-dir.png,C:\Users\LENOVO\OneDrive\medtech project\Imagens e Matrizes da Tese de Thiago Alves Elias da Silva\12 Novos Casos de Testes\DOENTES\283\Segmentadas\PAC_66_DN2-dir.png,640,480,307200,52714,17.159505208333332,254486,82.84049479166666,1,223,170.4012975680085,19.057664530721652,241,262,
283,1,Sick,2,3,PAC_66_DN3-dir.png,C:\Users\LENOVO\OneDrive\medtech project\Imagens e Matrizes da Tese de Thiago Alves Elias da Silva\12 Novos Casos de Testes\DOENTES\283\Segmentadas\PAC_66_DN3-dir.png,640,480,307200,52599,17.1220703125,254601,82.8779296875,1,225,173.8431529116523,18.10091990542144,230,267,
283,1,Sick,2,4,PAC_66_DN4-dir.png,C:\Users\LENOVO\OneDrive\medtech project\Imagens e Matrizes da Tese de Thiago Alves Elias da Silva\12 Novos Casos de Testes\DOENTES\283\Segmentadas\PAC_66_DN4-dir.png,640,480,307200,54824,17.846354166666668,252376,82.15364583333333,1,215,172.63882606157887,17.827760429492205,233,278,
283,1,Sick,2,5,PAC_66_DN5-dir.png,C:\Users\LENOVO\OneDrive\medtech project\Imagens e Matrizes da Tese de Thiago Alves Elias da Silva\12 Novos Casos de Testes\DOENTES\283\Segmentadas\PAC_66_DN5-dir.png,640,480,307200,53445,17.3974609375,253755,82.6025390625,1,218,176.6044344653382,19.15395785195712,237,267,
283,1,Sick,2,6,PAC_66_DN6-dir.png,C:\Users\LENOVO\OneDrive\medtech project\Imagens e Matrizes da Tese de Thiago Alves Elias da Silva\12 Novos Casos de Testes\DOENTES\283\Segmentadas\PAC_66_DN6-dir.png,640,480,307200,51623,16.804361979166664,255577,83.19563802083333,1,212,171.44888906107744,19.413529474679045,231,261,
283,1,Sick,2,7,PAC_66_DN7-dir.png,C:\Users\LENOVO\OneDrive\medtech project\Imagens e Matrizes da Tese de Thiago Alves Elias da Silva\12 Novos Casos de Testes\DOENTES\283\Segmentadas\PAC_66_DN7-dir.png,640,480,307200,52227,17.0009765625,254973,82.9990234375,1,214,174.77222509429987,18.90958621531093,240,253,
283,1,Sick,2,8,PAC_66_DN8-dir.png,C:\Users\LENOVO\OneDrive\medtech project\Imagens e Matrizes da Tese de Thiago Alves Elias da Silva\12 Novos Casos de Testes\DOENTES\283\Segmentadas\PAC_66_DN8-dir.png,640,480,307200,50621,16.478190104166668,256579,83.52180989583333,1,216,175.76363564528555,18.371237266844073,238,248,
283,1,Sick,2,9,PAC_66_DN9-dir.png,C:\Users\LENOVO\OneDrive\medtech project\Imagens e Matrizes da Tese de Thiago Alves Elias da Silva\12 Novos Casos de Testes\DOENTES\283\Segmentadas\PAC_66_DN9-dir.png,640,480,307200,52318,17.030598958333336,254882,82.96940104166667,1,220,176.05527734240604,18.68197454711893,232,266,
283,1,Sick,2,10,PAC_66_DN10-dir.png,C:\Users\LENOVO\OneDrive\medtech project\Imagens e Matrizes da Tese de Thiago Alves Elias da Silva\12 Novos Casos de Testes\DOENTES\283\Segmentadas\PAC_66_DN10-dir.png,640,480,307200,52316,17.029947916666664,254884,82.97005208333333,1,221,175.59729337105284,18.975833710779092,240,261,
283,1,Sick,2,11,PAC_66_DN11-dir.png,C:\Users\LENOVO\OneDrive\medtech project\Imagens e Matrizes da Tese de Thiago Alves Elias da Silva\12 Novos Casos de Testes\DOENTES\283\Segmentadas\PAC_66_DN11-dir.png,640,480,307200,52305,17.0263671875,254895,82.9736328125,1,217,177.85483223401204,18.403740191028735,234,259,
283,1,Sick,2,12,PAC_66_DN12-dir.png,C:\Users\LENOVO\OneDrive\medtech project\Imagens e Matrizes da Tese de Thiago Alves Elias da Silva\12 Novos Casos de Testes\DOENTES\283\Segmentadas\PAC_66_DN12-dir.png,640,480,307200,52382,17.051432291666664,254818,82.94856770833333,1,228,176.80804474819595,18.472682125706527,237,258,
283,1,Sick,2,13,PAC_66_DN13-dir.png,C:\Users\LENOVO\OneDrive\medtech project\Imagens e Matrizes da Tese de Thiago Alves Elias da Silva\12 Novos Casos de Testes\DOENTES\283\Segmentadas\PAC_66_DN13-dir.png,640,480,307200,51177,16.6591796875,256023,83.3408203125,1,233,177.10401156769643,18.69010940748654,234,255,
283,1,Sick,2,14,PAC_66_DN14-dir.png,C:\Users\LENOVO\OneDrive\medtech project\Imagens e Matrizes da Tese de Thiago Alves Elias da Silva\12 Novos Casos de Testes\DOENTES\283\Segmentadas\PAC_66_DN14-dir.png,640,480,307200,51681,16.8232421875,255519,83.1767578125,1,226,177.48998664886514,19.13033606852407,243,253,
283,1,Sick,2,15,PAC_66_DN15-dir.png,C:\Users\LENOVO\OneDrive\medtech project\Imagens e Matrizes da Tese de Thiago Alves Elias da Silva\12 Novos Casos de Testes\DOENTES\283\Segmentadas\PAC_66_DN15-dir.png,640,480,307200,52954,17.237630208333332,254246,82.76236979166667,1,218,177.2146202364316,18.327730048483517,239,262,
283,1,Sick,2,16,PAC_66_DN16-dir.png,C:\Users\LENOVO\OneDrive\medtech project\Imagens e Matrizes da Tese de Thiago Alves Elias da Silva\12 Novos Casos de Testes\DOENTES\283\Segmentadas\PAC_66_DN16-dir.png,640,480,307200,50066,16.297526041666664,257134,83.70247395833333,1,228,180.03701114528823,19.09855105043357,235,251,
283,1,Sick,2,17,PAC_66_DN17-dir.png,C:\Users\LENOVO\OneDrive\medtech project\Imagens e Matrizes da Tese de Thiago Alves Elias da Silva\12 Novos Casos de Testes\DOENTES\283\Segmentadas\PAC_66_DN17-dir.png,640,480,307200,52257,17.0107421875,254943,82.9892578125,1,243,179.87328013471878,18.259176668171563,236,259,
283,1,Sick,2,18,PAC_66_DN18-dir.png,C:\Users\LENOVO\OneDrive\medtech project\Imagens e Matrizes da Tese de Thiago Alves Elias da Silva\12 Novos Casos de Testes\DOENTES\283\Segmentadas\PAC_66_DN18-dir.png,640,480,307200,49707,16.1806640625,257493,83.8193359375,1,223,179.20896453215846,19.238433857897448,234,248,
283,1,Sick,2,19,PAC_66_DN19-dir.png,C:\Users\LENOVO\OneDrive\medtech project\Imagens e Matrizes da Tese de Thiago Alves Elias da Silva\12 Novos Casos de Testes\DOENTES\283\Segmentadas\PAC_66_DN19-dir.png,640,480,307200,51688,16.825520833333332,255512,83.17447916666667,1,247,177.3898196873549,19.392273105870046,231,264,
650,1,Sick,2,0,PAC_59_DN0-esq.png,C:\Users\LENOVO\OneDrive\medtech project\Imagens e Matrizes da Tese de Thiago Alves Elias da Silva\Desenvolvimento da Metodologia\DOENTES\650\Segmentadas\PAC_59_DN0-esq.png,640,480,307200,36358,11.835286458333332,270842,88.16471354166666,62,208,154.56430496726992,16.288126771932948,179,240,
650,1,Sick,2,1,PAC_59_DN1-esq.png,C:\Users\LENOVO\OneDrive\medtech project\Imagens e Matrizes da Tese de Thiago Alves Elias da Silva\Desenvolvimento da Metodologia\DOENTES\650\Segmentadas\PAC_59_DN1-esq.png,640,480,307200,34591,11.260091145833332,272609,88.73990885416667,87,221,161.43979647885288,16.960245275660483,170,237,
650,1,Sick,2,2,PAC_59_DN2-esq.png,C:\Users\LENOVO\OneDrive\medtech project\Imagens e Matrizes da Tese de Thiago Alves Elias da Silva\Desenvolvimento da Metodologia\DOENTES\650\Segmentadas\PAC_59_DN2-esq.png,640,480,307200,34949,11.376627604166668,272251,88.62337239583333,94,228,167.5960113307963,16.63404628230161,170,238,
650,1,Sick,2,3,PAC_59_DN3-esq.png,C:\Users\LENOVO\OneDrive\medtech project\Imagens e Matrizes da Tese de Thiago Alves Elias da Silva\Desenvolvimento da Metodologia\DOENTES\650\Segmentadas\PAC_59_DN3-esq.png,640,480,307200,34577,11.255533854166666,272623,88.74446614583333,93,232,171.08465164704862,17.22600713687147,169,237,
650,1,Sick,2,4,PAC_59_DN4-esq.png,C:\Users\LENOVO\OneDrive\medtech project\Imagens e Matrizes da Tese de Thiago Alves Elias da Silva\Desenvolvimento da Metodologia\DOENTES\650\Segmentadas\PAC_59_DN4-esq.png,640,480,307200,35206,11.460286458333334,271994,88.53971354166667,102,237,176.74237345906948,17.277261318185527,170,240,
650,1,Sick,2,5,PAC_59_DN5-esq.png,C:\Users\LENOVO\OneDrive\medtech project\Imagens e Matrizes da Tese de Thiago Alves Elias da Silva\Desenvolvimento da Metodologia\DOENTES\650\Segmentadas\PAC_59_DN5-esq.png,640,480,307200,35450,11.539713541666668,271750,88.46028645833334,105,240,179.6646544428773,17.787683265069067,173,238,
650,1,Sick,2,6,PAC_59_DN6-esq.png,C:\Users\LENOVO\OneDrive\medtech project\Imagens e Matrizes da Tese de Thiago Alves Elias da Silva\Desenvolvimento da Metodologia\DOENTES\650\Segmentadas\PAC_59_DN6-esq.png,640,480,307200,36410,11.852213541666666,270790,88.14778645833333,103,246,184.63878055479265,17.92197624926981,175,238,
650,1,Sick,2,7,PAC_59_DN7-esq.png,C:\Users\LENOVO\OneDrive\medtech project\Imagens e Matrizes da Tese de Thiago Alves Elias da Silva\Desenvolvimento da Metodologia\DOENTES\650\Segmentadas\PAC_59_DN7-esq.png,640,480,307200,36493,11.879231770833334,270707,88.12076822916667,98,247,186.44022141232566,18.175272398477485,178,238,
650,1,Sick,2,8,PAC_59_DN8-esq.png,C:\Users\LENOVO\OneDrive\medtech project\Imagens e Matrizes da Tese de Thiago Alves Elias da Silva\Desenvolvimento da Metodologia\DOENTES\650\Segmentadas\PAC_59_DN8-esq.png,640,480,307200,36134,11.762369791666668,271066,88.23763020833333,102,251,190.17390823047546,18.734225231250225,178,238,
650,1,Sick,2,9,PAC_59_DN9-esq.png,C:\Users\LENOVO\OneDrive\medtech project\Imagens e Matrizes da Tese de Thiago Alves Elias da Silva\Desenvolvimento da Metodologia\DOENTES\650\Segmentadas\PAC_59_DN9-esq.png,640,480,307200,36533,11.892252604166668,270667,88.10774739583334,95,250,191.3223660799825,18.64111767096531,176,240,
650,1,Sick,2,10,PAC_59_DN10-esq.png,C:\Users\LENOVO\OneDrive\medtech project\Imagens e Matrizes da Tese de Thiago Alves Elias da Silva\Desenvolvimento da Metodologia\DOENTES\650\Segmentadas\PAC_59_DN10-esq.png,640,480,307200,36447,11.8642578125,270753,88.1357421875,110,249,193.0567124866244,18.123473139321717,176,239,
650,1,Sick,2,11,PAC_59_DN11-esq.png,C:\Users\LENOVO\OneDrive\medtech project\Imagens e Matrizes da Tese de Thiago Alves Elias da Silva\Desenvolvimento da Metodologia\DOENTES\650\Segmentadas\PAC_59_DN11-esq.png,640,480,307200,36118,11.757161458333334,271082,88.24283854166667,117,249,194.53884489728114,18.313605446017217,176,239,
650,1,Sick,2,12,PAC_59_DN12-esq.png,C:\Users\LENOVO\OneDrive\medtech project\Imagens e Matrizes da Tese de Thiago Alves Elias da Silva\Desenvolvimento da Metodologia\DOENTES\650\Segmentadas\PAC_59_DN12-esq.png,640,480,307200,35926,11.694661458333332,271274,88.30533854166667,110,249,195.81492512386572,18.227619953969405,176,238,
650,1,Sick,2,13,PAC_59_DN13-esq.png,C:\Users\LENOVO\OneDrive\medtech project\Imagens e Matrizes da Tese de Thiago Alves Elias da Silva\Desenvolvimento da Metodologia\DOENTES\650\Segmentadas\PAC_59_DN13-esq.png,640,480,307200,36132,11.76171875,271068,88.23828125,100,247,194.56285287279974,18.22135796573673,177,239,
650,1,Sick,2,14,PAC_59_DN14-esq.png,C:\Users\LENOVO\OneDrive\medtech project\Imagens e Matrizes da Tese de Thiago Alves Elias da Silva\Desenvolvimento da Metodologia\DOENTES\650\Segmentadas\PAC_59_DN14-esq.png,640,480,307200,36835,11.990559895833334,270365,88.00944010416667,104,247,195.2277996470748,17.92867301151667,182,239,
650,1,Sick,2,15,PAC_59_DN15-esq.png,C:\Users\LENOVO\OneDrive\medtech project\Imagens e Matrizes da Tese de Thiago Alves Elias da Silva\Desenvolvimento da Metodologia\DOENTES\650\Segmentadas\PAC_59_DN15-esq.png,640,480,307200,35191,11.455403645833332,272009,88.54459635416667,136,247,195.191952487852,18.09108892618082,172,238,
650,1,Sick,2,16,PAC_59_DN16-esq.png,C:\Users\LENOVO\OneDrive\medtech project\Imagens e Matrizes da Tese de Thiago Alves Elias da Silva\Desenvolvimento da Metodologia\DOENTES\650\Segmentadas\PAC_59_DN16-esq.png,640,480,307200,34668,11.28515625,272532,88.71484375,127,247,195.2904984423676,18.261266352574477,168,239,
650,1,Sick,2,17,PAC_59_DN17-esq.png,C:\Users\LENOVO\OneDrive\medtech project\Imagens e Matrizes da Tese de Thiago Alves Elias da Silva\Desenvolvimento da Metodologia\DOENTES\650\Segmentadas\PAC_59_DN17-esq.png,640,480,307200,35030,11.402994791666666,272170,88.59700520833333,139,247,196.1669426206109,18.355161485813007,171,236,
650,1,Sick,2,18,PAC_59_DN18-esq.png,C:\Users\LENOVO\OneDrive\medtech project\Imagens e Matrizes da Tese de Thiago Alves Elias da Silva\Desenvolvimento da Metodologia\DOENTES\650\Segmentadas\PAC_59_DN18-esq.png,640,480,307200,34774,11.319661458333332,272426,88.68033854166667,141,246,196.48682924023697,17.63622220577892,171,237,
650,1,Sick,2,19,PAC_59_DN19-esq.png,C:\Users\LENOVO\OneDrive\medtech project\Imagens e Matrizes da Tese de Thiago Alves Elias da Silva\Desenvolvimento da Metodologia\DOENTES\650\Segmentadas\PAC_59_DN19-esq.png,640,480,307200,35357,11.509440104166666,271843,88.49055989583333,144,246,196.92900981418106,17.850323295770952,172,237,
700,1,Sick,2,0,PAC_60_DN0-dir.png,C:\Users\LENOVO\OneDrive\medtech project\Imagens e Matrizes da Tese de Thiago Alves Elias da Silva\Desenvolvimento da Metodologia\DOENTES\700\Segmentadas\PAC_60_DN0-dir.png,640,480,307200,32801,10.677408854166668,274399,89.32259114583333,2,205,132.74799548794243,18.530709139289378,189,204,
700,1,Sick,2,1,PAC_60_DN1-dir.png,C:\Users\LENOVO\OneDrive\medtech project\Imagens e Matrizes da Tese de Thiago Alves Elias da Silva\Desenvolvimento da Metodologia\DOENTES\700\Segmentadas\PAC_60_DN1-dir.png,640,480,307200,32507,10.581705729166666,274693,89.41829427083333,1,225,143.82431476297413,21.722748456935953,185,213,
700,1,Sick,2,2,PAC_60_DN2-dir.png,C:\Users\LENOVO\OneDrive\medtech project\Imagens e Matrizes da Tese de Thiago Alves Elias da Silva\Desenvolvimento da Metodologia\DOENTES\700\Segmentadas\PAC_60_DN2-dir.png,640,480,307200,32975,10.734049479166668,274225,89.26595052083334,1,232,149.27445034116755,21.940831747760754,184,216,
700,1,Sick,2,3,PAC_60_DN3-dir.png,C:\Users\LENOVO\OneDrive\medtech project\Imagens e Matrizes da Tese de Thiago Alves Elias da Silva\Desenvolvimento da Metodologia\DOENTES\700\Segmentadas\PAC_60_DN3-dir.png,640,480,307200,34005,11.0693359375,273195,88.9306640625,1,234,153.07287163652404,22.345202724825473,192,216,
700,1,Sick,2,4,PAC_60_DN4-dir.png,C:\Users\LENOVO\OneDrive\medtech project\Imagens e Matrizes da Tese de Thiago Alves Elias da Silva\Desenvolvimento da Metodologia\DOENTES\700\Segmentadas\PAC_60_DN4-dir.png,640,480,307200,32497,10.578450520833334,274703,89.42154947916666,1,235,153.73489860602518,22.643530126972248,185,214,
700,1,Sick,2,5,PAC_60_DN5-dir.png,C:\Users\LENOVO\OneDrive\medtech project\Imagens e Matrizes da Tese de Thiago Alves Elias da Silva\Desenvolvimento da Metodologia\DOENTES\700\Segmentadas\PAC_60_DN5-dir.png,640,480,307200,32027,10.425455729166666,275173,89.57454427083333,1,236,156.62750179536016,22.71585475009615,183,211,
700,1,Sick,2,6,PAC_60_DN6-dir.png,C:\Users\LENOVO\OneDrive\medtech project\Imagens e Matrizes da Tese de Thiago Alves Elias da Silva\Desenvolvimento da Metodologia\DOENTES\700\Segmentadas\PAC_60_DN6-dir.png,640,480,307200,32080,10.442708333333334,275120,89.55729166666667,1,238,159.03528678304238,22.777789236968115,186,208,
700,1,Sick,2,7,PAC_60_DN7-dir.png,C:\Users\LENOVO\OneDrive\medtech project\Imagens e Matrizes da Tese de Thiago Alves Elias da Silva\Desenvolvimento da Metodologia\DOENTES\700\Segmentadas\PAC_60_DN7-dir.png,640,480,307200,31535,10.265299479166666,275665,89.73470052083333,1,242,162.39790708736325,23.486087196435374,181,211,
700,1,Sick,2,8,PAC_60_DN8-dir.png,C:\Users\LENOVO\OneDrive\medtech project\Imagens e Matrizes da Tese de Thiago Alves Elias da Silva\Desenvolvimento da Metodologia\DOENTES\700\Segmentadas\PAC_60_DN8-dir.png,640,480,307200,31850,10.367838541666668,275350,89.63216145833334,1,239,162.59353218210362,22.650524834510826,187,209,
700,1,Sick,2,9,PAC_60_DN9-dir.png,C:\Users\LENOVO\OneDrive\medtech project\Imagens e Matrizes da Tese de Thiago Alves Elias da Silva\Desenvolvimento da Metodologia\DOENTES\700\Segmentadas\PAC_60_DN9-dir.png,640,480,307200,31002,10.091796875,276198,89.908203125,1,238,163.81510870266433,23.277184280214936,183,208,
700,1,Sick,2,10,PAC_60_DN10-dir.png,C:\Users\LENOVO\OneDrive\medtech project\Imagens e Matrizes da Tese de Thiago Alves Elias da Silva\Desenvolvimento da Metodologia\DOENTES\700\Segmentadas\PAC_60_DN10-dir.png,640,480,307200,31595,10.284830729166666,275605,89.71516927083333,1,237,163.15372685551512,22.42944898896308,188,208,
700,1,Sick,2,11,PAC_60_DN11-dir.png,C:\Users\LENOVO\OneDrive\medtech project\Imagens e Matrizes da Tese de Thiago Alves Elias da Silva\Desenvolvimento da Metodologia\DOENTES\700\Segmentadas\PAC_60_DN11-dir.png,640,480,307200,30973,10.082356770833334,276227,89.91764322916667,1,237,165.67997933684177,22.384068507431007,180,209,
700,1,Sick,2,12,PAC_60_DN12-dir.png,C:\Users\LENOVO\OneDrive\medtech project\Imagens e Matrizes da Tese de Thiago Alves Elias da Silva\Desenvolvimento da Metodologia\DOENTES\700\Segmentadas\PAC_60_DN12-dir.png,640,480,307200,30499,9.928059895833332,276701,90.07194010416667,1,236,166.20230171481032,22.491714813845864,181,205,
700,1,Sick,2,13,PAC_60_DN13-dir.png,C:\Users\LENOVO\OneDrive\medtech project\Imagens e Matrizes da Tese de Thiago Alves Elias da Silva\Desenvolvimento da Metodologia\DOENTES\700\Segmentadas\PAC_60_DN13-dir.png,640,480,307200,32060,10.436197916666666,275140,89.56380208333333,1,235,166.12916406737367,22.2878380989285,191,210,
700,1,Sick,2,14,PAC_60_DN14-dir.png,C:\Users\LENOVO\OneDrive\medtech project\Imagens e Matrizes da Tese de Thiago Alves Elias da Silva\Desenvolvimento da Metodologia\DOENTES\700\Segmentadas\PAC_60_DN14-dir.png,640,480,307200,32770,10.667317708333334,274430,89.33268229166667,1,237,168.6235581324382,23.004867546338716,192,211,
700,1,Sick,2,15,PAC_60_DN15-dir.png,C:\Users\LENOVO\OneDrive\medtech project\Imagens e Matrizes da Tese de Thiago Alves Elias da Silva\Desenvolvimento da Metodologia\DOENTES\700\Segmentadas\PAC_60_DN15-dir.png,640,480,307200,31187,10.152018229166666,276013,89.84798177083333,1,237,169.66646359059865,23.34224857726876,180,208,
700,1,Sick,2,16,PAC_60_DN16-dir.png,C:\Users\LENOVO\OneDrive\medtech project\Imagens e Matrizes da Tese de Thiago Alves Elias da Silva\Desenvolvimento da Metodologia\DOENTES\700\Segmentadas\PAC_60_DN16-dir.png,640,480,307200,31577,10.278971354166666,275623,89.72102864583333,1,239,169.95731070082655,23.405480691964264,181,209,
700,1,Sick,2,17,PAC_60_DN17-dir.png,C:\Users\LENOVO\OneDrive\medtech project\Imagens e Matrizes da Tese de Thiago Alves Elias da Silva\Desenvolvimento da Metodologia\DOENTES\700\Segmentadas\PAC_60_DN17-dir.png,640,480,307200,31423,10.228841145833334,275777,89.77115885416667,1,238,168.28565063806766,22.888609081187298,184,208,
700,1,Sick,2,18,PAC_60_DN18-dir.png,C:\Users\LENOVO\OneDrive\medtech project\Imagens e Matrizes da Tese de Thiago Alves Elias da Silva\Desenvolvimento da Metodologia\DOENTES\700\Segmentadas\PAC_60_DN18-dir.png,640,480,307200,32245,10.496419270833334,274955,89.50358072916667,1,242,171.05436501783223,23.13040401626759,188,208,
700,1,Sick,2,19,PAC_60_DN19-dir.png,C:\Users\LENOVO\OneDrive\medtech project\Imagens e Matrizes da Tese de Thiago Alves Elias da Silva\Desenvolvimento da Metodologia\DOENTES\700\Segmentadas\PAC_60_DN19-dir.png,640,480,307200,32134,10.460286458333332,275066,89.53971354166667,1,242,172.00631729632164,23.260355090295725,187,207,
1050,1,Sick,2,0,PAC_65_DN0-esq.png,C:\Users\LENOVO\OneDrive\medtech project\Imagens e Matrizes da Tese de Thiago Alves Elias da Silva\12 Novos Casos de Testes\DOENTES\1050\Segmentadas\PAC_65_DN0-esq.png,640,480,307200,35263,11.478841145833334,271937,88.52115885416667,1,212,152.3807957349063,20.67038051828817,188,230,
1050,1,Sick,2,1,PAC_65_DN1-esq.png,C:\Users\LENOVO\OneDrive\medtech project\Imagens e Matrizes da Tese de Thiago Alves Elias da Silva\12 Novos Casos de Testes\DOENTES\1050\Segmentadas\PAC_65_DN1-esq.png,640,480,307200,36700,11.946614583333332,270500,88.05338541666666,1,228,159.50871934604905,21.591798958948075,189,242,
1050,1,Sick,2,2,PAC_65_DN2-esq.png,C:\Users\LENOVO\OneDrive\medtech project\Imagens e Matrizes da Tese de Thiago Alves Elias da Silva\12 Novos Casos de Testes\DOENTES\1050\Segmentadas\PAC_65_DN2-esq.png,640,480,307200,35265,11.4794921875,271935,88.5205078125,1,233,162.58848716858074,22.279426335117616,190,232,
1050,1,Sick,2,3,PAC_65_DN3-esq.png,C:\Users\LENOVO\OneDrive\medtech project\Imagens e Matrizes da Tese de Thiago Alves Elias da Silva\12 Novos Casos de Testes\DOENTES\1050\Segmentadas\PAC_65_DN3-esq.png,640,480,307200,35773,11.644856770833334,271427,88.35514322916667,1,235,164.08987225002096,22.675316145140325,193,235,
1050,1,Sick,2,4,PAC_65_DN4-esq.png,C:\Users\LENOVO\OneDrive\medtech project\Imagens e Matrizes da Tese de Thiago Alves Elias da Silva\12 Novos Casos de Testes\DOENTES\1050\Segmentadas\PAC_65_DN4-esq.png,640,480,307200,34898,11.360026041666666,272302,88.63997395833333,1,238,167.7850020058456,22.84474047071519,188,233,
1050,1,Sick,2,5,PAC_65_DN5-esq.png,C:\Users\LENOVO\OneDrive\medtech project\Imagens e Matrizes da Tese de Thiago Alves Elias da Silva\12 Novos Casos de Testes\DOENTES\1050\Segmentadas\PAC_65_DN5-esq.png,640,480,307200,35677,11.613606770833334,271523,88.38639322916667,1,239,169.2332875522045,22.682909309498104,193,234,
1050,1,Sick,2,6,PAC_65_DN6-esq.png,C:\Users\LENOVO\OneDrive\medtech project\Imagens e Matrizes da Tese de Thiago Alves Elias da Silva\12 Novos Casos de Testes\DOENTES\1050\Segmentadas\PAC_65_DN6-esq.png,640,480,307200,34780,11.321614583333334,272420,88.67838541666667,1,249,170.9056641748131,22.4344303570302,187,231,
1050,1,Sick,2,7,PAC_65_DN7-esq.png,C:\Users\LENOVO\OneDrive\medtech project\Imagens e Matrizes da Tese de Thiago Alves Elias da Silva\12 Novos Casos de Testes\DOENTES\1050\Segmentadas\PAC_65_DN7-esq.png,640,480,307200,36165,11.7724609375,271035,88.2275390625,1,241,171.24106180008295,23.07038648495897,191,239,
1050,1,Sick,2,8,PAC_65_DN8-esq.png,C:\Users\LENOVO\OneDrive\medtech project\Imagens e Matrizes da Tese de Thiago Alves Elias da Silva\12 Novos Casos de Testes\DOENTES\1050\Segmentadas\PAC_65_DN8-esq.png,640,480,307200,34578,11.255859375,272622,88.744140625,1,241,172.03719127769102,23.5062875454181,187,233,
1050,1,Sick,2,9,PAC_65_DN9-esq.png,C:\Users\LENOVO\OneDrive\medtech project\Imagens e Matrizes da Tese de Thiago Alves Elias da Silva\12 Novos Casos de Testes\DOENTES\1050\Segmentadas\PAC_65_DN9-esq.png,640,480,307200,34153,11.117513020833334,273047,88.88248697916666,1,249,173.87681902029104,23.025240649220994,188,229,
1050,1,Sick,2,10,PAC_65_DN10-esq.png,C:\Users\LENOVO\OneDrive\medtech project\Imagens e Matrizes da Tese de Thiago Alves Elias da Silva\12 Novos Casos de Testes\DOENTES\1050\Segmentadas\PAC_65_DN10-esq.png,640,480,307200,34895,11.359049479166666,272305,88.64095052083333,1,242,175.2295744375985,23.369014599760447,190,231,
1050,1,Sick,2,11,PAC_65_DN11-esq.png,C:\Users\LENOVO\OneDrive\medtech project\Imagens e Matrizes da Tese de Thiago Alves Elias da Silva\12 Novos Casos de Testes\DOENTES\1050\Segmentadas\PAC_65_DN11-esq.png,640,480,307200,33625,10.945638020833332,273575,89.05436197916666,1,242,175.33689219330856,24.21938250204161,186,226,
1050,1,Sick,2,12,PAC_65_DN12-esq.png,C:\Users\LENOVO\OneDrive\medtech project\Imagens e Matrizes da Tese de Thiago Alves Elias da Silva\12 Novos Casos de Testes\DOENTES\1050\Segmentadas\PAC_65_DN12-esq.png,640,480,307200,33995,11.066080729166666,273205,88.93391927083333,1,242,176.68624797764377,23.63054823427332,191,227,
1050,1,Sick,2,13,PAC_65_DN13-esq.png,C:\Users\LENOVO\OneDrive\medtech project\Imagens e Matrizes da Tese de Thiago Alves Elias da Silva\12 Novos Casos de Testes\DOENTES\1050\Segmentadas\PAC_65_DN13-esq.png,640,480,307200,33403,10.873372395833334,273797,89.12662760416666,1,243,177.62102206388647,23.460037621792107,186,223,
1050,1,Sick,2,14,PAC_65_DN14-esq.png,C:\Users\LENOVO\OneDrive\medtech project\Imagens e Matrizes da Tese de Thiago Alves Elias da Silva\12 Novos Casos de Testes\DOENTES\1050\Segmentadas\PAC_65_DN14-esq.png,640,480,307200,33951,11.0517578125,273249,88.9482421875,1,242,177.03519778504315,23.937625087059136,187,226,
1050,1,Sick,2,15,PAC_65_DN15-esq.png,C:\Users\LENOVO\OneDrive\medtech project\Imagens e Matrizes da Tese de Thiago Alves Elias da Silva\12 Novos Casos de Testes\DOENTES\1050\Segmentadas\PAC_65_DN15-esq.png,640,480,307200,35102,11.426432291666666,272098,88.57356770833333,1,244,180.04461284257306,24.062956413428957,186,239,
1050,1,Sick,2,16,PAC_65_DN16-esq.png,C:\Users\LENOVO\OneDrive\medtech project\Imagens e Matrizes da Tese de Thiago Alves Elias da Silva\12 Novos Casos de Testes\DOENTES\1050\Segmentadas\PAC_65_DN16-esq.png,640,480,307200,35854,11.671223958333334,271346,88.32877604166667,1,245,179.28041501645563,23.928875516607075,193,233,
1050,1,Sick,2,17,PAC_65_DN17-esq.png,C:\Users\LENOVO\OneDrive\medtech project\Imagens e Matrizes da Tese de Thiago Alves Elias da Silva\12 Novos Casos de Testes\DOENTES\1050\Segmentadas\PAC_65_DN17-esq.png,640,480,307200,35176,11.450520833333332,272024,88.54947916666667,1,242,178.98732090061407,23.997323040476523,191,233,
1050,1,Sick,2,18,PAC_65_DN18-esq.png,C:\Users\LENOVO\OneDrive\medtech project\Imagens e Matrizes da Tese de Thiago Alves Elias da Silva\12 Novos Casos de Testes\DOENTES\1050\Segmentadas\PAC_65_DN18-esq.png,640,480,307200,35335,11.502278645833334,271865,88.49772135416667,1,244,181.36852978633084,23.13184964401007,190,235,
1050,1,Sick,2,19,PAC_65_DN19-esq.png,C:\Users\LENOVO\OneDrive\medtech project\Imagens e Matrizes da Tese de Thiago Alves Elias da Silva\12 Novos Casos de Testes\DOENTES\1050\Segmentadas\PAC_65_DN19-esq.png,640,480,307200,35017,11.398763020833332,272183,88.60123697916666,1,241,178.595453636805,24.362197539189406,190,229,
42,0,Healthy,3,0,PAC_11_DN0-dir.png,C:\Users\LENOVO\OneDrive\medtech project\Imagens e Matrizes da Tese de Thiago Alves Elias da Silva\Desenvolvimento da Metodologia\SAUDAΓòá├╝VEIS\42\Segmentadas\PAC_11_DN0-dir.png,640,480,307200,49678,16.171223958333332,257522,83.82877604166666,94,225,156.70928781351907,21.524763930623482,247,294,
42,0,Healthy,3,1,PAC_11_DN1-dir.png,C:\Users\LENOVO\OneDrive\medtech project\Imagens e Matrizes da Tese de Thiago Alves Elias da Silva\Desenvolvimento da Metodologia\SAUDAΓòá├╝VEIS\42\Segmentadas\PAC_11_DN1-dir.png,640,480,307200,48850,15.901692708333334,258350,84.09830729166666,89,214,150.9209621289662,21.01378493546121,249,297,
42,0,Healthy,3,2,PAC_11_DN2-dir.png,C:\Users\LENOVO\OneDrive\medtech project\Imagens e Matrizes da Tese de Thiago Alves Elias da Silva\Desenvolvimento da Metodologia\SAUDAΓòá├╝VEIS\42\Segmentadas\PAC_11_DN2-dir.png,640,480,307200,46279,15.064778645833332,260921,84.93522135416667,91,212,149.50843795241903,20.286164705708035,242,287,
42,0,Healthy,3,3,PAC_11_DN3-dir.png,C:\Users\LENOVO\OneDrive\medtech project\Imagens e Matrizes da Tese de Thiago Alves Elias da Silva\Desenvolvimento da Metodologia\SAUDAΓòá├╝VEIS\42\Segmentadas\PAC_11_DN3-dir.png,640,480,307200,46144,15.020833333333334,261056,84.97916666666666,91,212,150.0428658113731,20.241241412597386,242,285,
42,0,Healthy,3,4,PAC_11_DN4-dir.png,C:\Users\LENOVO\OneDrive\medtech project\Imagens e Matrizes da Tese de Thiago Alves Elias da Silva\Desenvolvimento da Metodologia\SAUDAΓòá├╝VEIS\42\Segmentadas\PAC_11_DN4-dir.png,640,480,307200,46654,15.186848958333332,260546,84.81315104166667,94,212,152.07517040339522,20.102993573365616,240,296,
42,0,Healthy,3,5,PAC_11_DN5-dir.png,C:\Users\LENOVO\OneDrive\medtech project\Imagens e Matrizes da Tese de Thiago Alves Elias da Silva\Desenvolvimento da Metodologia\SAUDAΓòá├╝VEIS\42\Segmentadas\PAC_11_DN5-dir.png,640,480,307200,48451,15.771809895833332,258749,84.22819010416667,94,211,153.66795318982065,20.583252061852175,246,302,
42,0,Healthy,3,6,PAC_11_DN6-dir.png,C:\Users\LENOVO\OneDrive\medtech project\Imagens e Matrizes da Tese de Thiago Alves Elias da Silva\Desenvolvimento da Metodologia\SAUDAΓòá├╝VEIS\42\Segmentadas\PAC_11_DN6-dir.png,640,480,307200,48226,15.698567708333332,258974,84.30143229166667,94,214,152.72852817982002,20.29383941281843,244,298,
42,0,Healthy,3,7,PAC_11_DN7-dir.png,C:\Users\LENOVO\OneDrive\medtech project\Imagens e Matrizes da Tese de Thiago Alves Elias da Silva\Desenvolvimento da Metodologia\SAUDAΓòá├╝VEIS\42\Segmentadas\PAC_11_DN7-dir.png,640,480,307200,47501,15.462565104166668,259699,84.53743489583333,94,212,153.2447948464243,20.417463450225792,242,297,
42,0,Healthy,3,8,PAC_11_DN8-dir.png,C:\Users\LENOVO\OneDrive\medtech project\Imagens e Matrizes da Tese de Thiago Alves Elias da Silva\Desenvolvimento da Metodologia\SAUDAΓòá├╝VEIS\42\Segmentadas\PAC_11_DN8-dir.png,640,480,307200,48728,15.861979166666668,258472,84.13802083333334,94,209,152.84325233951733,20.575293274850534,243,302,
42,0,Healthy,3,9,PAC_11_DN9-dir.png,C:\Users\LENOVO\OneDrive\medtech project\Imagens e Matrizes da Tese de Thiago Alves Elias da Silva\Desenvolvimento da Metodologia\SAUDAΓòá├╝VEIS\42\Segmentadas\PAC_11_DN9-dir.png,640,480,307200,47279,15.390299479166666,259921,84.60970052083333,94,212,154.2676875568434,20.90554718976238,244,295,
42,0,Healthy,3,10,PAC_11_DN10-dir.png,C:\Users\LENOVO\OneDrive\medtech project\Imagens e Matrizes da Tese de Thiago Alves Elias da Silva\Desenvolvimento da Metodologia\SAUDAΓòá├╝VEIS\42\Segmentadas\PAC_11_DN10-dir.png,640,480,307200,47695,15.525716145833332,259505,84.47428385416667,95,214,155.19482126009015,20.923795421009014,250,284,
42,0,Healthy,3,11,PAC_11_DN11-dir.png,C:\Users\LENOVO\OneDrive\medtech project\Imagens e Matrizes da Tese de Thiago Alves Elias da Silva\Desenvolvimento da Metodologia\SAUDAΓòá├╝VEIS\42\Segmentadas\PAC_11_DN11-dir.png,640,480,307200,38194,12.432942708333334,269006,87.56705729166666,64,245,153.81415929203538,23.886929554382313,223,274,
42,0,Healthy,3,12,PAC_11_DN12-dir.png,C:\Users\LENOVO\OneDrive\medtech project\Imagens e Matrizes da Tese de Thiago Alves Elias da Silva\Desenvolvimento da Metodologia\SAUDAΓòá├╝VEIS\42\Segmentadas\PAC_11_DN12-dir.png,640,480,307200,44508,14.488281250000002,262692,85.51171875,93,218,151.70681675204457,21.517032391313954,231,288,
42,0,Healthy,3,13,PAC_11_DN13-dir.png,C:\Users\LENOVO\OneDrive\medtech project\Imagens e Matrizes da Tese de Thiago Alves Elias da Silva\Desenvolvimento da Metodologia\SAUDAΓòá├╝VEIS\42\Segmentadas\PAC_11_DN13-dir.png,640,480,307200,48228,15.69921875,258972,84.30078125,93,218,152.3444264742473,21.27888594884474,243,297,
42,0,Healthy,3,14,PAC_11_DN14-dir.png,C:\Users\LENOVO\OneDrive\medtech project\Imagens e Matrizes da Tese de Thiago Alves Elias da Silva\Desenvolvimento da Metodologia\SAUDAΓòá├╝VEIS\42\Segmentadas\PAC_11_DN14-dir.png,640,480,307200,49456,16.098958333333332,257744,83.90104166666667,98,231,160.57558233581366,22.237199321652763,238,300,
42,0,Healthy,3,15,PAC_11_DN15-dir.png,C:\Users\LENOVO\OneDrive\medtech project\Imagens e Matrizes da Tese de Thiago Alves Elias da Silva\Desenvolvimento da Metodologia\SAUDAΓòá├╝VEIS\42\Segmentadas\PAC_11_DN15-dir.png,640,480,307200,46870,15.257161458333332,260330,84.74283854166667,93,213,152.75809686366546,21.145939149798824,237,295,
42,0,Healthy,3,16,PAC_11_DN16-dir.png,C:\Users\LENOVO\OneDrive\medtech project\Imagens e Matrizes da Tese de Thiago Alves Elias da Silva\Desenvolvimento da Metodologia\SAUDAΓòá├╝VEIS\42\Segmentadas\PAC_11_DN16-dir.png,640,480,307200,49022,15.957682291666666,258178,84.04231770833334,92,206,151.45069560605444,20.843753121987202,239,298,
42,0,Healthy,3,17,PAC_11_DN17-dir.png,C:\Users\LENOVO\OneDrive\medtech project\Imagens e Matrizes da Tese de Thiago Alves Elias da Silva\Desenvolvimento da Metodologia\SAUDAΓòá├╝VEIS\42\Segmentadas\PAC_11_DN17-dir.png,640,480,307200,49391,16.077799479166664,257809,83.92220052083333,91,202,150.8787430908465,20.949346403766775,238,303,
42,0,Healthy,3,18,PAC_11_DN18-dir.png,C:\Users\LENOVO\OneDrive\medtech project\Imagens e Matrizes da Tese de Thiago Alves Elias da Silva\Desenvolvimento da Metodologia\SAUDAΓòá├╝VEIS\42\Segmentadas\PAC_11_DN18-dir.png,640,480,307200,46965,15.288085937500002,260235,84.7119140625,88,203,152.15381667198977,21.23929397124406,235,292,
42,0,Healthy,3,19,PAC_11_DN19-dir.png,C:\Users\LENOVO\OneDrive\medtech project\Imagens e Matrizes da Tese de Thiago Alves Elias da Silva\Desenvolvimento da Metodologia\SAUDAΓòá├╝VEIS\42\Segmentadas\PAC_11_DN19-dir.png,640,480,307200,47343,15.4111328125,259857,84.5888671875,91,202,150.21927212048243,20.80098360040756,236,292,
64,0,Healthy,3,0,PAC_48_DN0-dir.png,C:\Users\LENOVO\OneDrive\medtech project\Imagens e Matrizes da Tese de Thiago Alves Elias da Silva\12 Novos Casos de Testes\SAUDAΓòá├╝VEIS\64\Segmentadas\PAC_48_DN0-dir.png,640,480,307200,38258,12.453776041666668,268942,87.54622395833334,77,205,146.3319044382874,12.853623127908879,218,258,
64,0,Healthy,3,1,PAC_48_DN1-dir.png,C:\Users\LENOVO\OneDrive\medtech project\Imagens e Matrizes da Tese de Thiago Alves Elias da Silva\12 Novos Casos de Testes\SAUDAΓòá├╝VEIS\64\Segmentadas\PAC_48_DN1-dir.png,640,480,307200,36422,11.856119791666666,270778,88.14388020833334,86,203,146.29040140574378,12.412734679258051,204,256,
64,0,Healthy,3,2,PAC_48_DN2-dir.png,C:\Users\LENOVO\OneDrive\medtech project\Imagens e Matrizes da Tese de Thiago Alves Elias da Silva\12 Novos Casos de Testes\SAUDAΓòá├╝VEIS\64\Segmentadas\PAC_48_DN2-dir.png,640,480,307200,34903,11.361653645833334,272297,88.63834635416666,104,202,145.8862848465748,12.064272747268916,197,250,
64,0,Healthy,3,3,PAC_48_DN3-dir.png,C:\Users\LENOVO\OneDrive\medtech project\Imagens e Matrizes da Tese de Thiago Alves Elias da Silva\12 Novos Casos de Testes\SAUDAΓòá├╝VEIS\64\Segmentadas\PAC_48_DN3-dir.png,640,480,307200,36595,11.912434895833334,270605,88.08756510416667,99,214,146.89960377100698,14.05802503501416,202,254,
64,0,Healthy,3,4,PAC_48_DN4-dir.png,C:\Users\LENOVO\OneDrive\medtech project\Imagens e Matrizes da Tese de Thiago Alves Elias da Silva\12 Novos Casos de Testes\SAUDAΓòá├╝VEIS\64\Segmentadas\PAC_48_DN4-dir.png,640,480,307200,37801,12.305013020833332,269399,87.69498697916667,84,210,146.88129943652285,13.803655149781124,206,258,
64,0,Healthy,3,5,PAC_48_DN5-dir.png,C:\Users\LENOVO\OneDrive\medtech project\Imagens e Matrizes da Tese de Thiago Alves Elias da Silva\12 Novos Casos de Testes\SAUDAΓòá├╝VEIS\64\Segmentadas\PAC_48_DN5-dir.png,640,480,307200,37049,12.060221354166668,270151,87.93977864583333,86,219,148.26346190180573,14.539267634175614,201,257,
64,0,Healthy,3,6,PAC_48_DN6-dir.png,C:\Users\LENOVO\OneDrive\medtech project\Imagens e Matrizes da Tese de Thiago Alves Elias da Silva\12 Novos Casos de Testes\SAUDAΓòá├╝VEIS\64\Segmentadas\PAC_48_DN6-dir.png,640,480,307200,36835,11.990559895833334,270365,88.00944010416667,95,214,148.14402063255056,14.004148167226186,200,255,
64,0,Healthy,3,7,PAC_48_DN7-dir.png,C:\Users\LENOVO\OneDrive\medtech project\Imagens e Matrizes da Tese de Thiago Alves Elias da Silva\12 Novos Casos de Testes\SAUDAΓòá├╝VEIS\64\Segmentadas\PAC_48_DN7-dir.png,640,480,307200,36984,12.0390625,270216,87.9609375,87,205,147.72728747566515,12.903860280616454,203,254,
64,0,Healthy,3,8,PAC_48_DN8-dir.png,C:\Users\LENOVO\OneDrive\medtech project\Imagens e Matrizes da Tese de Thiago Alves Elias da Silva\12 Novos Casos de Testes\SAUDAΓòá├╝VEIS\64\Segmentadas\PAC_48_DN8-dir.png,640,480,307200,36787,11.974934895833334,270413,88.02506510416667,98,204,147.46016255742518,12.650843048484385,205,254,
64,0,Healthy,3,9,PAC_48_DN9-dir.png,C:\Users\LENOVO\OneDrive\medtech project\Imagens e Matrizes da Tese de Thiago Alves Elias da Silva\12 Novos Casos de Testes\SAUDAΓòá├╝VEIS\64\Segmentadas\PAC_48_DN9-dir.png,640,480,307200,37370,12.164713541666666,269830,87.83528645833333,92,212,148.7036928017126,13.762825278891745,205,256,
64,0,Healthy,3,10,PAC_48_DN10-dir.png,C:\Users\LENOVO\OneDrive\medtech project\Imagens e Matrizes da Tese de Thiago Alves Elias da Silva\12 Novos Casos de Testes\SAUDAΓòá├╝VEIS\64\Segmentadas\PAC_48_DN10-dir.png,640,480,307200,37783,12.299153645833332,269417,87.70084635416666,85,217,150.44991133578594,14.76582592886306,205,262,
64,0,Healthy,3,11,PAC_48_DN11-dir.png,C:\Users\LENOVO\OneDrive\medtech project\Imagens e Matrizes da Tese de Thiago Alves Elias da Silva\12 Novos Casos de Testes\SAUDAΓòá├╝VEIS\64\Segmentadas\PAC_48_DN11-dir.png,640,480,307200,37091,12.073893229166668,270109,87.92610677083333,86,220,149.2284920870292,14.607088366087764,201,258,
64,0,Healthy,3,12,PAC_48_DN12-dir.png,C:\Users\LENOVO\OneDrive\medtech project\Imagens e Matrizes da Tese de Thiago Alves Elias da Silva\12 Novos Casos de Testes\SAUDAΓòá├╝VEIS\64\Segmentadas\PAC_48_DN12-dir.png,640,480,307200,38882,12.656901041666666,268318,87.34309895833333,95,209,149.82364590298852,13.358568747529809,204,264,
64,0,Healthy,3,13,PAC_48_DN13-dir.png,C:\Users\LENOVO\OneDrive\medtech project\Imagens e Matrizes da Tese de Thiago Alves Elias da Silva\12 Novos Casos de Testes\SAUDAΓòá├╝VEIS\64\Segmentadas\PAC_48_DN13-dir.png,640,480,307200,38438,12.512369791666666,268762,87.48763020833333,93,212,150.85628804828556,13.994191795380631,203,262,
64,0,Healthy,3,14,PAC_48_DN14-dir.png,C:\Users\LENOVO\OneDrive\medtech project\Imagens e Matrizes da Tese de Thiago Alves Elias da Silva\12 Novos Casos de Testes\SAUDAΓòá├╝VEIS\64\Segmentadas\PAC_48_DN14-dir.png,640,480,307200,39262,12.780598958333334,267938,87.21940104166667,78,209,148.61993785339513,13.642445301555306,210,261,
64,0,Healthy,3,15,PAC_48_DN15-dir.png,C:\Users\LENOVO\OneDrive\medtech project\Imagens e Matrizes da Tese de Thiago Alves Elias da Silva\12 Novos Casos de Testes\SAUDAΓòá├╝VEIS\64\Segmentadas\PAC_48_DN15-dir.png,640,480,307200,38275,12.459309895833332,268925,87.54069010416666,96,204,149.60384062704114,12.691557735923523,205,260,
64,0,Healthy,3,16,PAC_48_DN16-dir.png,C:\Users\LENOVO\OneDrive\medtech project\Imagens e Matrizes da Tese de Thiago Alves Elias da Silva\12 Novos Casos de Testes\SAUDAΓòá├╝VEIS\64\Segmentadas\PAC_48_DN16-dir.png,640,480,307200,36623,11.921549479166666,270577,88.07845052083333,99,212,148.95631160745978,14.131873801961763,200,260,
64,0,Healthy,3,17,PAC_48_DN17-dir.png,C:\Users\LENOVO\OneDrive\medtech project\Imagens e Matrizes da Tese de Thiago Alves Elias da Silva\12 Novos Casos de Testes\SAUDAΓòá├╝VEIS\64\Segmentadas\PAC_48_DN17-dir.png,640,480,307200,37058,12.063151041666668,270142,87.93684895833334,97,211,150.65545901020022,13.653136683903787,206,256,
64,0,Healthy,3,18,PAC_48_DN18-dir.png,C:\Users\LENOVO\OneDrive\medtech project\Imagens e Matrizes da Tese de Thiago Alves Elias da Silva\12 Novos Casos de Testes\SAUDAΓòá├╝VEIS\64\Segmentadas\PAC_48_DN18-dir.png,640,480,307200,39001,12.695638020833332,268199,87.30436197916667,86,213,150.70646906489577,13.656777363495248,213,259,
64,0,Healthy,3,19,PAC_48_DN19-dir.png,C:\Users\LENOVO\OneDrive\medtech project\Imagens e Matrizes da Tese de Thiago Alves Elias da Silva\12 Novos Casos de Testes\SAUDAΓòá├╝VEIS\64\Segmentadas\PAC_48_DN19-dir.png,640,480,307200,38087,12.398111979166666,269113,87.60188802083333,84,208,147.5688817706829,14.007568065236358,211,261,
220,0,Healthy,3,0,PAC_40_DN0-dir.png,C:\Users\LENOVO\OneDrive\medtech project\Imagens e Matrizes da Tese de Thiago Alves Elias da Silva\Desenvolvimento da Metodologia\SAUDAΓòá├╝VEIS\220\Segmentadas\PAC_40_DN0-dir.png,640,480,307200,45709,14.879231770833334,261491,85.12076822916667,1,155,107.27574438294428,24.687717499688063,239,262,
220,0,Healthy,3,1,PAC_40_DN1-dir.png,C:\Users\LENOVO\OneDrive\medtech project\Imagens e Matrizes da Tese de Thiago Alves Elias da Silva\Desenvolvimento da Metodologia\SAUDAΓòá├╝VEIS\220\Segmentadas\PAC_40_DN1-dir.png,640,480,307200,39253,12.777669270833334,267947,87.22233072916666,1,157,99.57407077166077,23.772255159862542,221,238,
220,0,Healthy,3,2,PAC_40_DN2-dir.png,C:\Users\LENOVO\OneDrive\medtech project\Imagens e Matrizes da Tese de Thiago Alves Elias da Silva\Desenvolvimento da Metodologia\SAUDAΓòá├╝VEIS\220\Segmentadas\PAC_40_DN2-dir.png,640,480,307200,41152,13.395833333333334,266048,86.60416666666667,1,161,99.87723561430793,24.9329270316885,221,246,
220,0,Healthy,3,3,PAC_40_DN3-dir.png,C:\Users\LENOVO\OneDrive\medtech project\Imagens e Matrizes da Tese de Thiago Alves Elias da Silva\Desenvolvimento da Metodologia\SAUDAΓòá├╝VEIS\220\Segmentadas\PAC_40_DN3-dir.png,640,480,307200,40339,13.131184895833334,266861,86.86881510416666,1,165,102.68353206574282,24.682791346601974,222,240,
220,0,Healthy,3,4,PAC_40_DN4-dir.png,C:\Users\LENOVO\OneDrive\medtech project\Imagens e Matrizes da Tese de Thiago Alves Elias da Silva\Desenvolvimento da Metodologia\SAUDAΓòá├╝VEIS\220\Segmentadas\PAC_40_DN4-dir.png,640,480,307200,38091,12.3994140625,269109,87.6005859375,1,160,97.95093329132867,23.131866104688125,218,232,
220,0,Healthy,3,5,PAC_40_DN5-dir.png,C:\Users\LENOVO\OneDrive\medtech project\Imagens e Matrizes da Tese de Thiago Alves Elias da Silva\Desenvolvimento da Metodologia\SAUDAΓòá├╝VEIS\220\Segmentadas\PAC_40_DN5-dir.png,640,480,307200,36872,12.002604166666666,270328,87.99739583333334,1,157,101.12372532002604,23.14920519026136,222,231,
220,0,Healthy,3,6,PAC_40_DN6-dir.png,C:\Users\LENOVO\OneDrive\medtech project\Imagens e Matrizes da Tese de Thiago Alves Elias da Silva\Desenvolvimento da Metodologia\SAUDAΓòá├╝VEIS\220\Segmentadas\PAC_40_DN6-dir.png,640,480,307200,37627,12.248372395833334,269573,87.75162760416667,1,166,103.73295771653333,22.865347346153698,216,238,
220,0,Healthy,3,7,PAC_40_DN7-dir.png,C:\Users\LENOVO\OneDrive\medtech project\Imagens e Matrizes da Tese de Thiago Alves Elias da Silva\Desenvolvimento da Metodologia\SAUDAΓòá├╝VEIS\220\Segmentadas\PAC_40_DN7-dir.png,640,480,307200,36766,11.968098958333332,270434,88.03190104166667,1,168,100.02249360822499,23.486265040151793,219,235,
220,0,Healthy,3,8,PAC_40_DN8-dir.png,C:\Users\LENOVO\OneDrive\medtech project\Imagens e Matrizes da Tese de Thiago Alves Elias da Silva\Desenvolvimento da Metodologia\SAUDAΓòá├╝VEIS\220\Segmentadas\PAC_40_DN8-dir.png,640,480,307200,37794,12.302734375,269406,87.697265625,1,165,101.83507964227125,22.12581888753244,212,243,
220,0,Healthy,3,9,PAC_40_DN9-dir.png,C:\Users\LENOVO\OneDrive\medtech project\Imagens e Matrizes da Tese de Thiago Alves Elias da Silva\Desenvolvimento da Metodologia\SAUDAΓòá├╝VEIS\220\Segmentadas\PAC_40_DN9-dir.png,640,480,307200,36688,11.942708333333334,270512,88.05729166666667,1,179,101.08937527256869,22.406276145506926,213,236,
220,0,Healthy,3,10,PAC_40_DN10-dir.png,C:\Users\LENOVO\OneDrive\medtech project\Imagens e Matrizes da Tese de Thiago Alves Elias da Silva\Desenvolvimento da Metodologia\SAUDAΓòá├╝VEIS\220\Segmentadas\PAC_40_DN10-dir.png,640,480,307200,36098,11.750651041666666,271102,88.24934895833333,1,159,94.9028201008366,22.265564510735164,210,231,
220,0,Healthy,3,11,PAC_40_DN11-dir.png,C:\Users\LENOVO\OneDrive\medtech project\Imagens e Matrizes da Tese de Thiago Alves Elias da Silva\Desenvolvimento da Metodologia\SAUDAΓòá├╝VEIS\220\Segmentadas\PAC_40_DN11-dir.png,640,480,307200,37730,12.281901041666666,269470,87.71809895833333,1,169,93.6321494831699,23.093027737828223,212,243,
220,0,Healthy,3,12,PAC_40_DN12-dir.png,C:\Users\LENOVO\OneDrive\medtech project\Imagens e Matrizes da Tese de Thiago Alves Elias da Silva\Desenvolvimento da Metodologia\SAUDAΓòá├╝VEIS\220\Segmentadas\PAC_40_DN12-dir.png,640,480,307200,40258,13.104817708333332,266942,86.89518229166666,1,178,102.75552685180585,23.12208529821257,216,252,
220,0,Healthy,3,13,PAC_40_DN13-dir.png,C:\Users\LENOVO\OneDrive\medtech project\Imagens e Matrizes da Tese de Thiago Alves Elias da Silva\Desenvolvimento da Metodologia\SAUDAΓòá├╝VEIS\220\Segmentadas\PAC_40_DN13-dir.png,640,480,307200,37652,12.256510416666666,269548,87.74348958333333,1,185,100.75953468607246,23.12168951329949,209,243,
220,0,Healthy,3,14,PAC_40_DN14-dir.png,C:\Users\LENOVO\OneDrive\medtech project\Imagens e Matrizes da Tese de Thiago Alves Elias da Silva\Desenvolvimento da Metodologia\SAUDAΓòá├╝VEIS\220\Segmentadas\PAC_40_DN14-dir.png,640,480,307200,38333,12.478190104166668,268867,87.52180989583334,1,187,98.59056165705789,23.63103615485591,207,249,
220,0,Healthy,3,15,PAC_40_DN15-dir.png,C:\Users\LENOVO\OneDrive\medtech project\Imagens e Matrizes da Tese de Thiago Alves Elias da Silva\Desenvolvimento da Metodologia\SAUDAΓòá├╝VEIS\220\Segmentadas\PAC_40_DN15-dir.png,640,480,307200,38634,12.576171875,268566,87.423828125,1,170,101.67784852720402,23.20939683475602,213,249,
220,0,Healthy,3,16,PAC_40_DN16-dir.png,C:\Users\LENOVO\OneDrive\medtech project\Imagens e Matrizes da Tese de Thiago Alves Elias da Silva\Desenvolvimento da Metodologia\SAUDAΓòá├╝VEIS\220\Segmentadas\PAC_40_DN16-dir.png,640,480,307200,39279,12.7861328125,267921,87.2138671875,1,165,101.04422210341404,22.910090059589812,212,244,
220,0,Healthy,3,17,PAC_40_DN17-dir.png,C:\Users\LENOVO\OneDrive\medtech project\Imagens e Matrizes da Tese de Thiago Alves Elias da Silva\Desenvolvimento da Metodologia\SAUDAΓòá├╝VEIS\220\Segmentadas\PAC_40_DN17-dir.png,640,480,307200,36519,11.8876953125,270681,88.1123046875,1,159,95.95473589090611,21.630852013320997,210,237,
220,0,Healthy,3,18,PAC_40_DN18-dir.png,C:\Users\LENOVO\OneDrive\medtech project\Imagens e Matrizes da Tese de Thiago Alves Elias da Silva\Desenvolvimento da Metodologia\SAUDAΓòá├╝VEIS\220\Segmentadas\PAC_40_DN18-dir.png,640,480,307200,39539,12.870768229166666,267661,87.12923177083334,1,176,97.60798199246314,23.482100249279885,213,250,
220,0,Healthy,3,19,PAC_40_DN19-dir.png,C:\Users\LENOVO\OneDrive\medtech project\Imagens e Matrizes da Tese de Thiago Alves Elias da Silva\Desenvolvimento da Metodologia\SAUDAΓòá├╝VEIS\220\Segmentadas\PAC_40_DN19-dir.png,640,480,307200,42119,13.710611979166668,265081,86.28938802083333,1,173,101.07381466796457,24.306278282471563,213,269,
1000,0,Healthy,3,0,PAC_38_DN0-dir.png,C:\Users\LENOVO\OneDrive\medtech project\Imagens e Matrizes da Tese de Thiago Alves Elias da Silva\Desenvolvimento da Metodologia\SAUDAΓòá├╝VEIS\1000\Segmentadas\PAC_38_DN0-dir.png,640,480,307200,38256,12.453125,268944,87.546875,1,179,129.57000209117524,21.752087189834768,216,210,
1000,0,Healthy,3,1,PAC_38_DN1-dir.png,C:\Users\LENOVO\OneDrive\medtech project\Imagens e Matrizes da Tese de Thiago Alves Elias da Silva\Desenvolvimento da Metodologia\SAUDAΓòá├╝VEIS\1000\Segmentadas\PAC_38_DN1-dir.png,640,480,307200,39608,12.893229166666668,267592,87.10677083333334,1,189,133.78095334275903,22.94919742104925,219,218,
1000,0,Healthy,3,2,PAC_38_DN2-dir.png,C:\Users\LENOVO\OneDrive\medtech project\Imagens e Matrizes da Tese de Thiago Alves Elias da Silva\Desenvolvimento da Metodologia\SAUDAΓòá├╝VEIS\1000\Segmentadas\PAC_38_DN2-dir.png,640,480,307200,36886,12.007161458333334,270314,87.99283854166666,1,185,131.9239006669197,22.703719006483745,204,223,
1000,0,Healthy,3,3,PAC_38_DN3-dir.png,C:\Users\LENOVO\OneDrive\medtech project\Imagens e Matrizes da Tese de Thiago Alves Elias da Silva\Desenvolvimento da Metodologia\SAUDAΓòá├╝VEIS\1000\Segmentadas\PAC_38_DN3-dir.png,640,480,307200,36397,11.847981770833334,270803,88.15201822916666,1,187,132.045882902437,22.17452658441382,202,215,
1000,0,Healthy,3,4,PAC_38_DN4-dir.png,C:\Users\LENOVO\OneDrive\medtech project\Imagens e Matrizes da Tese de Thiago Alves Elias da Silva\Desenvolvimento da Metodologia\SAUDAΓòá├╝VEIS\1000\Segmentadas\PAC_38_DN4-dir.png,640,480,307200,34970,11.383463541666666,272230,88.61653645833333,1,188,131.08098370031456,22.969428435852233,198,210,
1000,0,Healthy,3,5,PAC_38_DN5-dir.png,C:\Users\LENOVO\OneDrive\medtech project\Imagens e Matrizes da Tese de Thiago Alves Elias da Silva\Desenvolvimento da Metodologia\SAUDAΓòá├╝VEIS\1000\Segmentadas\PAC_38_DN5-dir.png,640,480,307200,34550,11.246744791666668,272650,88.75325520833334,1,189,133.12958031837917,23.04855183091974,199,208,
1000,0,Healthy,3,6,PAC_38_DN6-dir.png,C:\Users\LENOVO\OneDrive\medtech project\Imagens e Matrizes da Tese de Thiago Alves Elias da Silva\Desenvolvimento da Metodologia\SAUDAΓòá├╝VEIS\1000\Segmentadas\PAC_38_DN6-dir.png,640,480,307200,33241,10.820638020833332,273959,89.17936197916667,1,189,130.73637977196836,22.694237055558432,197,202,
1000,0,Healthy,3,7,PAC_38_DN7-dir.png,C:\Users\LENOVO\OneDrive\medtech project\Imagens e Matrizes da Tese de Thiago Alves Elias da Silva\Desenvolvimento da Metodologia\SAUDAΓòá├╝VEIS\1000\Segmentadas\PAC_38_DN7-dir.png,640,480,307200,32596,10.610677083333334,274604,89.38932291666667,1,190,128.77570867591115,22.354168193604934,193,206,
1000,0,Healthy,3,8,PAC_38_DN8-dir.png,C:\Users\LENOVO\OneDrive\medtech project\Imagens e Matrizes da Tese de Thiago Alves Elias da Silva\Desenvolvimento da Metodologia\SAUDAΓòá├╝VEIS\1000\Segmentadas\PAC_38_DN8-dir.png,640,480,307200,31441,10.234700520833332,275759,89.76529947916667,1,188,128.06520148850228,21.934896150304983,189,200,
1000,0,Healthy,3,9,PAC_38_DN9-dir.png,C:\Users\LENOVO\OneDrive\medtech project\Imagens e Matrizes da Tese de Thiago Alves Elias da Silva\Desenvolvimento da Metodologia\SAUDAΓòá├╝VEIS\1000\Segmentadas\PAC_38_DN9-dir.png,640,480,307200,32385,10.5419921875,274815,89.4580078125,1,189,128.23300910915546,22.578826777729386,190,202,
1000,0,Healthy,3,10,PAC_38_DN10-dir.png,C:\Users\LENOVO\OneDrive\medtech project\Imagens e Matrizes da Tese de Thiago Alves Elias da Silva\Desenvolvimento da Metodologia\SAUDAΓòá├╝VEIS\1000\Segmentadas\PAC_38_DN10-dir.png,640,480,307200,32452,10.563802083333334,274748,89.43619791666667,1,193,129.57719092814003,22.721548252342192,190,202,
1000,0,Healthy,3,11,PAC_38_DN11-dir.png,C:\Users\LENOVO\OneDrive\medtech project\Imagens e Matrizes da Tese de Thiago Alves Elias da Silva\Desenvolvimento da Metodologia\SAUDAΓòá├╝VEIS\1000\Segmentadas\PAC_38_DN11-dir.png,640,480,307200,29488,9.598958333333334,277712,90.40104166666667,1,192,127.02658708627239,21.586600466815746,176,196,
1000,0,Healthy,3,12,PAC_38_DN12-dir.png,C:\Users\LENOVO\OneDrive\medtech project\Imagens e Matrizes da Tese de Thiago Alves Elias da Silva\Desenvolvimento da Metodologia\SAUDAΓòá├╝VEIS\1000\Segmentadas\PAC_38_DN12-dir.png,640,480,307200,29720,9.674479166666666,277480,90.32552083333333,1,194,128.01063257065948,22.161090937753993,178,194,
1000,0,Healthy,3,13,PAC_38_DN13-dir.png,C:\Users\LENOVO\OneDrive\medtech project\Imagens e Matrizes da Tese de Thiago Alves Elias da Silva\Desenvolvimento da Metodologia\SAUDAΓòá├╝VEIS\1000\Segmentadas\PAC_38_DN13-dir.png,640,480,307200,29263,9.525716145833334,277937,90.47428385416667,1,191,125.8848716809623,22.615491360237154,169,196,
1000,0,Healthy,3,14,PAC_38_DN14-dir.png,C:\Users\LENOVO\OneDrive\medtech project\Imagens e Matrizes da Tese de Thiago Alves Elias da Silva\Desenvolvimento da Metodologia\SAUDAΓòá├╝VEIS\1000\Segmentadas\PAC_38_DN14-dir.png,640,480,307200,28369,9.234700520833334,278831,90.76529947916666,1,192,126.60266488067961,21.920460362082647,167,199,
1000,0,Healthy,3,15,PAC_38_DN15-dir.png,C:\Users\LENOVO\OneDrive\medtech project\Imagens e Matrizes da Tese de Thiago Alves Elias da Silva\Desenvolvimento da Metodologia\SAUDAΓòá├╝VEIS\1000\Segmentadas\PAC_38_DN15-dir.png,640,480,307200,32599,10.611653645833332,274601,89.38834635416667,1,193,129.4267922328906,23.283246003387084,186,206,
1000,0,Healthy,3,16,PAC_38_DN16-dir.png,C:\Users\LENOVO\OneDrive\medtech project\Imagens e Matrizes da Tese de Thiago Alves Elias da Silva\Desenvolvimento da Metodologia\SAUDAΓòá├╝VEIS\1000\Segmentadas\PAC_38_DN16-dir.png,640,480,307200,29982,9.759765625,277218,90.240234375,1,192,126.46751384163832,22.336492113669614,177,196,
1000,0,Healthy,3,17,PAC_38_DN17-dir.png,C:\Users\LENOVO\OneDrive\medtech project\Imagens e Matrizes da Tese de Thiago Alves Elias da Silva\Desenvolvimento da Metodologia\SAUDAΓòá├╝VEIS\1000\Segmentadas\PAC_38_DN17-dir.png,640,480,307200,30741,10.0068359375,276459,89.9931640625,1,193,127.23681727985426,22.969243660342467,177,200,
1000,0,Healthy,3,18,PAC_38_DN18-dir.png,C:\Users\LENOVO\OneDrive\medtech project\Imagens e Matrizes da Tese de Thiago Alves Elias da Silva\Desenvolvimento da Metodologia\SAUDAΓòá├╝VEIS\1000\Segmentadas\PAC_38_DN18-dir.png,640,480,307200,31175,10.148111979166668,276025,89.85188802083334,1,190,124.5149959903769,23.358638788991172,174,209,
1000,0,Healthy,3,19,PAC_38_DN19-dir.png,C:\Users\LENOVO\OneDrive\medtech project\Imagens e Matrizes da Tese de Thiago Alves Elias da Silva\Desenvolvimento da Metodologia\SAUDAΓòá├╝VEIS\1000\Segmentadas\PAC_38_DN19-dir.png,640,480,307200,29127,9.4814453125,278073,90.5185546875,1,189,124.1128849521063,21.608625657220415,173,193,
202,1,Sick,3,0,PAC_05_DN0-dir.png,C:\Users\LENOVO\OneDrive\medtech project\Imagens e Matrizes da Tese de Thiago Alves Elias da Silva\Desenvolvimento da Metodologia\DOENTES\202\Segmentadas\PAC_05_DN0-dir.png,640,480,307200,47733,15.538085937500002,259467,84.4619140625,2,232,161.45008694194792,17.857532463851463,204,291,
202,1,Sick,3,1,PAC_05_DN1-dir.png,C:\Users\LENOVO\OneDrive\medtech project\Imagens e Matrizes da Tese de Thiago Alves Elias da Silva\Desenvolvimento da Metodologia\DOENTES\202\Segmentadas\PAC_05_DN1-dir.png,640,480,307200,47889,15.5888671875,259311,84.4111328125,2,232,168.6327549124016,18.69334564684597,211,290,
202,1,Sick,3,2,PAC_05_DN2-dir.png,C:\Users\LENOVO\OneDrive\medtech project\Imagens e Matrizes da Tese de Thiago Alves Elias da Silva\Desenvolvimento da Metodologia\DOENTES\202\Segmentadas\PAC_05_DN2-dir.png,640,480,307200,48662,15.840494791666668,258538,84.15950520833333,2,232,172.68745633142905,18.887839292195224,208,294,
202,1,Sick,3,3,PAC_05_DN3-dir.png,C:\Users\LENOVO\OneDrive\medtech project\Imagens e Matrizes da Tese de Thiago Alves Elias da Silva\Desenvolvimento da Metodologia\DOENTES\202\Segmentadas\PAC_05_DN3-dir.png,640,480,307200,49118,15.988932291666666,258082,84.01106770833333,2,232,176.52536748238936,18.93211597019359,211,292,
202,1,Sick,3,4,PAC_05_DN4-dir.png,C:\Users\LENOVO\OneDrive\medtech project\Imagens e Matrizes da Tese de Thiago Alves Elias da Silva\Desenvolvimento da Metodologia\DOENTES\202\Segmentadas\PAC_05_DN4-dir.png,640,480,307200,49044,15.964843749999998,258156,84.03515625,2,232,178.52921866079438,19.430826875493278,207,297,
202,1,Sick,3,5,PAC_05_DN5-dir.png,C:\Users\LENOVO\OneDrive\medtech project\Imagens e Matrizes da Tese de Thiago Alves Elias da Silva\Desenvolvimento da Metodologia\DOENTES\202\Segmentadas\PAC_05_DN5-dir.png,640,480,307200,49309,16.051106770833336,257891,83.94889322916667,2,232,179.1179906305137,19.792012862648377,212,295,
202,1,Sick,3,6,PAC_05_DN6-dir.png,C:\Users\LENOVO\OneDrive\medtech project\Imagens e Matrizes da Tese de Thiago Alves Elias da Silva\Desenvolvimento da Metodologia\DOENTES\202\Segmentadas\PAC_05_DN6-dir.png,640,480,307200,48628,15.829427083333334,258572,84.17057291666666,2,237,182.70227029694826,20.423399113150026,207,290,
202,1,Sick,3,7,PAC_05_DN7-dir.png,C:\Users\LENOVO\OneDrive\medtech project\Imagens e Matrizes da Tese de Thiago Alves Elias da Silva\Desenvolvimento da Metodologia\DOENTES\202\Segmentadas\PAC_05_DN7-dir.png,640,480,307200,48209,15.693033854166666,258991,84.30696614583333,2,240,184.94644153581282,20.612134348295857,213,291,
202,1,Sick,3,8,PAC_05_DN8-dir.png,C:\Users\LENOVO\OneDrive\medtech project\Imagens e Matrizes da Tese de Thiago Alves Elias da Silva\Desenvolvimento da Metodologia\DOENTES\202\Segmentadas\PAC_05_DN8-dir.png,640,480,307200,47516,15.467447916666666,259684,84.53255208333333,2,241,185.58674972640796,20.856176031583637,211,286,
202,1,Sick,3,9,PAC_05_DN9-dir.png,C:\Users\LENOVO\OneDrive\medtech project\Imagens e Matrizes da Tese de Thiago Alves Elias da Silva\Desenvolvimento da Metodologia\DOENTES\202\Segmentadas\PAC_05_DN9-dir.png,640,480,307200,47669,15.517252604166668,259531,84.48274739583333,2,242,186.17382365898172,21.076618059924556,206,289,
202,1,Sick,3,10,PAC_05_DN10-dir.png,C:\Users\LENOVO\OneDrive\medtech project\Imagens e Matrizes da Tese de Thiago Alves Elias da Silva\Desenvolvimento da Metodologia\DOENTES\202\Segmentadas\PAC_05_DN10-dir.png,640,480,307200,49585,16.140950520833332,257615,83.85904947916667,2,245,189.09545225370576,21.290926801608645,210,297,
202,1,Sick,3,11,PAC_05_DN11-dir.png,C:\Users\LENOVO\OneDrive\medtech project\Imagens e Matrizes da Tese de Thiago Alves Elias da Silva\Desenvolvimento da Metodologia\DOENTES\202\Segmentadas\PAC_05_DN11-dir.png,640,480,307200,46692,15.199218749999998,260508,84.80078125,2,245,189.28326051572003,21.556944762208754,206,286,
202,1,Sick,3,12,PAC_05_DN12-dir.png,C:\Users\LENOVO\OneDrive\medtech project\Imagens e Matrizes da Tese de Thiago Alves Elias da Silva\Desenvolvimento da Metodologia\DOENTES\202\Segmentadas\PAC_05_DN12-dir.png,640,480,307200,46104,15.0078125,261096,84.9921875,2,248,191.9332378969287,22.106259730949102,200,287,
202,1,Sick,3,13,PAC_05_DN13-dir.png,C:\Users\LENOVO\OneDrive\medtech project\Imagens e Matrizes da Tese de Thiago Alves Elias da Silva\Desenvolvimento da Metodologia\DOENTES\202\Segmentadas\PAC_05_DN13-dir.png,640,480,307200,45370,14.768880208333332,261830,85.23111979166667,2,247,191.41273969583426,21.822905666658063,198,280,
202,1,Sick,3,14,PAC_05_DN14-dir.png,C:\Users\LENOVO\OneDrive\medtech project\Imagens e Matrizes da Tese de Thiago Alves Elias da Silva\Desenvolvimento da Metodologia\DOENTES\202\Segmentadas\PAC_05_DN14-dir.png,640,480,307200,47297,15.396158854166666,259903,84.60384114583334,2,246,190.97168953633422,21.916043932079877,202,294,
202,1,Sick,3,15,PAC_05_DN15-dir.png,C:\Users\LENOVO\OneDrive\medtech project\Imagens e Matrizes da Tese de Thiago Alves Elias da Silva\Desenvolvimento da Metodologia\DOENTES\202\Segmentadas\PAC_05_DN15-dir.png,640,480,307200,46853,15.251627604166668,260347,84.74837239583334,2,248,192.3038652807718,22.207674756501945,205,286,
202,1,Sick,3,16,PAC_05_DN16-dir.png,C:\Users\LENOVO\OneDrive\medtech project\Imagens e Matrizes da Tese de Thiago Alves Elias da Silva\Desenvolvimento da Metodologia\DOENTES\202\Segmentadas\PAC_05_DN16-dir.png,640,480,307200,47265,15.385742187500002,259935,84.6142578125,2,249,192.3030783878134,22.17777694845512,206,287,
202,1,Sick,3,17,PAC_05_DN17-dir.png,C:\Users\LENOVO\OneDrive\medtech project\Imagens e Matrizes da Tese de Thiago Alves Elias da Silva\Desenvolvimento da Metodologia\DOENTES\202\Segmentadas\PAC_05_DN17-dir.png,640,480,307200,47663,15.515299479166666,259537,84.48470052083333,2,248,192.5502591108407,22.188970346018074,208,287,
202,1,Sick,3,18,PAC_05_DN18-dir.png,C:\Users\LENOVO\OneDrive\medtech project\Imagens e Matrizes da Tese de Thiago Alves Elias da Silva\Desenvolvimento da Metodologia\DOENTES\202\Segmentadas\PAC_05_DN18-dir.png,640,480,307200,46973,15.290690104166666,260227,84.70930989583333,2,248,192.32422881229644,22.473850048189774,204,288,
202,1,Sick,3,19,PAC_05_DN19-dir.png,C:\Users\LENOVO\OneDrive\medtech project\Imagens e Matrizes da Tese de Thiago Alves Elias da Silva\Desenvolvimento da Metodologia\DOENTES\202\Segmentadas\PAC_05_DN19-dir.png,640,480,307200,47967,15.614257812499998,259233,84.3857421875,2,248,191.97510788667208,22.103844601977098,209,288,
241,1,Sick,3,0,PAC_25_DN0-dir.png,C:\Users\LENOVO\OneDrive\medtech project\Imagens e Matrizes da Tese de Thiago Alves Elias da Silva\Desenvolvimento da Metodologia\DOENTES\241\Segmentadas\PAC_25_DN0-dir.png,640,480,307200,43113,14.0341796875,264087,85.9658203125,79,250,181.5825389093777,20.86287801033003,221,244,
241,1,Sick,3,1,PAC_25_DN1-dir.png,C:\Users\LENOVO\OneDrive\medtech project\Imagens e Matrizes da Tese de Thiago Alves Elias da Silva\Desenvolvimento da Metodologia\DOENTES\241\Segmentadas\PAC_25_DN1-dir.png,640,480,307200,43179,14.0556640625,264021,85.9443359375,126,255,180.7317677574747,20.626531292101763,212,248,
241,1,Sick,3,2,PAC_25_DN2-dir.png,C:\Users\LENOVO\OneDrive\medtech project\Imagens e Matrizes da Tese de Thiago Alves Elias da Silva\Desenvolvimento da Metodologia\DOENTES\241\Segmentadas\PAC_25_DN2-dir.png,640,480,307200,42112,13.708333333333334,265088,86.29166666666667,106,255,182.8747387917933,20.929272272566045,208,250,
241,1,Sick,3,3,PAC_25_DN3-dir.png,C:\Users\LENOVO\OneDrive\medtech project\Imagens e Matrizes da Tese de Thiago Alves Elias da Silva\Desenvolvimento da Metodologia\DOENTES\241\Segmentadas\PAC_25_DN3-dir.png,640,480,307200,41239,13.424153645833334,265961,86.57584635416666,66,255,182.04255680302626,21.624551785272526,210,245,
241,1,Sick,3,4,PAC_25_DN4-dir.png,C:\Users\LENOVO\OneDrive\medtech project\Imagens e Matrizes da Tese de Thiago Alves Elias da Silva\Desenvolvimento da Metodologia\DOENTES\241\Segmentadas\PAC_25_DN4-dir.png,640,480,307200,39447,12.8408203125,267753,87.1591796875,107,255,184.50051968464015,20.891979506502388,203,244,
241,1,Sick,3,5,PAC_25_DN5-dir.png,C:\Users\LENOVO\OneDrive\medtech project\Imagens e Matrizes da Tese de Thiago Alves Elias da Silva\Desenvolvimento da Metodologia\DOENTES\241\Segmentadas\PAC_25_DN5-dir.png,640,480,307200,41032,13.356770833333334,266168,86.64322916666667,90,255,182.59326866835642,21.283677029508485,203,253,
241,1,Sick,3,6,PAC_25_DN6-dir.png,C:\Users\LENOVO\OneDrive\medtech project\Imagens e Matrizes da Tese de Thiago Alves Elias da Silva\Desenvolvimento da Metodologia\DOENTES\241\Segmentadas\PAC_25_DN6-dir.png,640,480,307200,41613,13.5458984375,265587,86.4541015625,79,255,184.82426164900392,21.16162292002002,200,262,
241,1,Sick,3,7,PAC_25_DN7-dir.png,C:\Users\LENOVO\OneDrive\medtech project\Imagens e Matrizes da Tese de Thiago Alves Elias da Silva\Desenvolvimento da Metodologia\DOENTES\241\Segmentadas\PAC_25_DN7-dir.png,640,480,307200,38156,12.420572916666666,269044,87.57942708333334,91,255,186.08695880071286,21.144485126153132,192,247,
241,1,Sick,3,8,PAC_25_DN8-dir.png,C:\Users\LENOVO\OneDrive\medtech project\Imagens e Matrizes da Tese de Thiago Alves Elias da Silva\Desenvolvimento da Metodologia\DOENTES\241\Segmentadas\PAC_25_DN8-dir.png,640,480,307200,41989,13.668294270833334,265211,86.33170572916666,90,255,184.71109100002383,21.160295019918745,211,253,
241,1,Sick,3,9,PAC_25_DN9-dir.png,C:\Users\LENOVO\OneDrive\medtech project\Imagens e Matrizes da Tese de Thiago Alves Elias da Silva\Desenvolvimento da Metodologia\DOENTES\241\Segmentadas\PAC_25_DN9-dir.png,640,480,307200,41013,13.3505859375,266187,86.6494140625,92,255,183.71209128812816,21.075926530049557,202,252,
241,1,Sick,3,10,PAC_25_DN10-dir.png,C:\Users\LENOVO\OneDrive\medtech project\Imagens e Matrizes da Tese de Thiago Alves Elias da Silva\Desenvolvimento da Metodologia\DOENTES\241\Segmentadas\PAC_25_DN10-dir.png,640,480,307200,40494,13.181640624999998,266706,86.818359375,85,255,185.9912332691263,20.997525582788445,203,253,
241,1,Sick,3,11,PAC_25_DN11-dir.png,C:\Users\LENOVO\OneDrive\medtech project\Imagens e Matrizes da Tese de Thiago Alves Elias da Silva\Desenvolvimento da Metodologia\DOENTES\241\Segmentadas\PAC_25_DN11-dir.png,640,480,307200,38008,12.372395833333332,269192,87.62760416666666,94,255,187.06190801936435,21.11344489954099,549,366,
241,1,Sick,3,12,PAC_25_DN12-dir.png,C:\Users\LENOVO\OneDrive\medtech project\Imagens e Matrizes da Tese de Thiago Alves Elias da Silva\Desenvolvimento da Metodologia\DOENTES\241\Segmentadas\PAC_25_DN12-dir.png,640,480,307200,38005,12.371419270833334,269195,87.62858072916667,37,252,187.04599394816472,21.25550493409611,561,363,
241,1,Sick,3,13,PAC_25_DN13-dir.png,C:\Users\LENOVO\OneDrive\medtech project\Imagens e Matrizes da Tese de Thiago Alves Elias da Silva\Desenvolvimento da Metodologia\DOENTES\241\Segmentadas\PAC_25_DN13-dir.png,640,480,307200,38862,12.650390625,268338,87.349609375,83,255,185.65778909989191,21.589190547725075,530,367,
241,1,Sick,3,14,PAC_25_DN14-dir.png,C:\Users\LENOVO\OneDrive\medtech project\Imagens e Matrizes da Tese de Thiago Alves Elias da Silva\Desenvolvimento da Metodologia\DOENTES\241\Segmentadas\PAC_25_DN14-dir.png,640,480,307200,38358,12.486328125,268842,87.513671875,15,255,187.76393451170551,21.98619590898085,546,372,
241,1,Sick,3,15,PAC_25_DN15-dir.png,C:\Users\LENOVO\OneDrive\medtech project\Imagens e Matrizes da Tese de Thiago Alves Elias da Silva\Desenvolvimento da Metodologia\DOENTES\241\Segmentadas\PAC_25_DN15-dir.png,640,480,307200,47005,15.301106770833334,260195,84.69889322916667,88,255,186.8243803850654,21.560661059198083,469,403,
241,1,Sick,3,16,PAC_25_DN16-dir.png,C:\Users\LENOVO\OneDrive\medtech project\Imagens e Matrizes da Tese de Thiago Alves Elias da Silva\Desenvolvimento da Metodologia\DOENTES\241\Segmentadas\PAC_25_DN16-dir.png,640,480,307200,38224,12.442708333333332,268976,87.55729166666667,79,251,185.32157806613645,21.319848125394007,543,368,
241,1,Sick,3,17,PAC_25_DN17-dir.png,C:\Users\LENOVO\OneDrive\medtech project\Imagens e Matrizes da Tese de Thiago Alves Elias da Silva\Desenvolvimento da Metodologia\DOENTES\241\Segmentadas\PAC_25_DN17-dir.png,640,480,307200,39406,12.827473958333332,267794,87.17252604166667,15,250,185.7462315383444,21.817152234868594,560,372,
241,1,Sick,3,18,PAC_25_DN18-dir.png,C:\Users\LENOVO\OneDrive\medtech project\Imagens e Matrizes da Tese de Thiago Alves Elias da Silva\Desenvolvimento da Metodologia\DOENTES\241\Segmentadas\PAC_25_DN18-dir.png,640,480,307200,38632,12.575520833333334,268568,87.42447916666667,17,251,186.39521640091115,21.63874996389034,550,372,
241,1,Sick,3,19,PAC_25_DN19-dir.png,C:\Users\LENOVO\OneDrive\medtech project\Imagens e Matrizes da Tese de Thiago Alves Elias da Silva\Desenvolvimento da Metodologia\DOENTES\241\Segmentadas\PAC_25_DN19-dir.png,640,480,307200,37168,12.098958333333334,270032,87.90104166666667,17,248,184.5467068445975,21.77594303178465,547,371,
245,1,Sick,3,0,PAC_26_DN0-dir.png,C:\Users\LENOVO\OneDrive\medtech project\Imagens e Matrizes da Tese de Thiago Alves Elias da Silva\Desenvolvimento da Metodologia\DOENTES\245\Segmentadas\PAC_26_DN0-dir.png,640,480,307200,31102,10.124348958333334,276098,89.87565104166667,89,199,133.27162240370393,18.33783955444536,220,189,
245,1,Sick,3,1,PAC_26_DN1-dir.png,C:\Users\LENOVO\OneDrive\medtech project\Imagens e Matrizes da Tese de Thiago Alves Elias da Silva\Desenvolvimento da Metodologia\DOENTES\245\Segmentadas\PAC_26_DN1-dir.png,640,480,307200,32856,10.6953125,274344,89.3046875,95,201,138.28570124178233,17.915660094637722,223,198,
245,1,Sick,3,2,PAC_26_DN2-dir.png,C:\Users\LENOVO\OneDrive\medtech project\Imagens e Matrizes da Tese de Thiago Alves Elias da Silva\Desenvolvimento da Metodologia\DOENTES\245\Segmentadas\PAC_26_DN2-dir.png,640,480,307200,35283,11.4853515625,271917,88.5146484375,97,208,143.20043647082164,18.859760702094853,221,206,
245,1,Sick,3,3,PAC_26_DN3-dir.png,C:\Users\LENOVO\OneDrive\medtech project\Imagens e Matrizes da Tese de Thiago Alves Elias da Silva\Desenvolvimento da Metodologia\DOENTES\245\Segmentadas\PAC_26_DN3-dir.png,640,480,307200,33609,10.9404296875,273591,89.0595703125,100,214,144.47127257579814,19.114255712694238,217,196,
245,1,Sick,3,4,PAC_26_DN4-dir.png,C:\Users\LENOVO\OneDrive\medtech project\Imagens e Matrizes da Tese de Thiago Alves Elias da Silva\Desenvolvimento da Metodologia\DOENTES\245\Segmentadas\PAC_26_DN4-dir.png,640,480,307200,33530,10.914713541666666,273670,89.08528645833333,102,208,145.84589919475096,17.980407172416083,221,198,
245,1,Sick,3,5,PAC_26_DN5-dir.png,C:\Users\LENOVO\OneDrive\medtech project\Imagens e Matrizes da Tese de Thiago Alves Elias da Silva\Desenvolvimento da Metodologia\DOENTES\245\Segmentadas\PAC_26_DN5-dir.png,640,480,307200,31644,10.30078125,275556,89.69921875,104,208,145.8093477436481,17.834353823538642,218,192,
245,1,Sick,3,6,PAC_26_DN6-dir.png,C:\Users\LENOVO\OneDrive\medtech project\Imagens e Matrizes da Tese de Thiago Alves Elias da Silva\Desenvolvimento da Metodologia\DOENTES\245\Segmentadas\PAC_26_DN6-dir.png,640,480,307200,36879,12.0048828125,270321,87.9951171875,108,208,149.62143767455734,17.819711594150252,232,209,
245,1,Sick,3,7,PAC_26_DN7-dir.png,C:\Users\LENOVO\OneDrive\medtech project\Imagens e Matrizes da Tese de Thiago Alves Elias da Silva\Desenvolvimento da Metodologia\DOENTES\245\Segmentadas\PAC_26_DN7-dir.png,640,480,307200,36706,11.948567708333334,270494,88.05143229166667,108,213,150.89979839808205,18.678878231227124,229,208,
245,1,Sick,3,8,PAC_26_DN8-dir.png,C:\Users\LENOVO\OneDrive\medtech project\Imagens e Matrizes da Tese de Thiago Alves Elias da Silva\Desenvolvimento da Metodologia\DOENTES\245\Segmentadas\PAC_26_DN8-dir.png,640,480,307200,34865,11.349283854166666,272335,88.65071614583333,109,212,151.37889000430232,18.09861513682013,223,206,
245,1,Sick,3,9,PAC_26_DN9-dir.png,C:\Users\LENOVO\OneDrive\medtech project\Imagens e Matrizes da Tese de Thiago Alves Elias da Silva\Desenvolvimento da Metodologia\DOENTES\245\Segmentadas\PAC_26_DN9-dir.png,640,480,307200,36167,11.773111979166668,271033,88.22688802083334,110,214,153.3075179030608,18.724167769139765,222,212,
245,1,Sick,3,10,PAC_26_DN10-dir.png,C:\Users\LENOVO\OneDrive\medtech project\Imagens e Matrizes da Tese de Thiago Alves Elias da Silva\Desenvolvimento da Metodologia\DOENTES\245\Segmentadas\PAC_26_DN10-dir.png,640,480,307200,37130,12.086588541666666,270070,87.91341145833333,111,215,154.86453002962563,17.902456311605153,229,213,
245,1,Sick,3,11,PAC_26_DN11-dir.png,C:\Users\LENOVO\OneDrive\medtech project\Imagens e Matrizes da Tese de Thiago Alves Elias da Silva\Desenvolvimento da Metodologia\DOENTES\245\Segmentadas\PAC_26_DN11-dir.png,640,480,307200,37985,12.364908854166666,269215,87.63509114583333,110,215,154.6620508095301,18.091910452056666,232,217,
245,1,Sick,3,12,PAC_26_DN12-dir.png,C:\Users\LENOVO\OneDrive\medtech project\Imagens e Matrizes da Tese de Thiago Alves Elias da Silva\Desenvolvimento da Metodologia\DOENTES\245\Segmentadas\PAC_26_DN12-dir.png,640,480,307200,37013,12.048502604166666,270187,87.95149739583333,106,218,157.1428146867317,18.080825419408622,231,210,
245,1,Sick,3,13,PAC_26_DN13-dir.png,C:\Users\LENOVO\OneDrive\medtech project\Imagens e Matrizes da Tese de Thiago Alves Elias da Silva\Desenvolvimento da Metodologia\DOENTES\245\Segmentadas\PAC_26_DN13-dir.png,640,480,307200,37666,12.261067708333332,269534,87.73893229166667,111,216,156.37784739552913,18.225531000327603,236,217,
245,1,Sick,3,14,PAC_26_DN14-dir.png,C:\Users\LENOVO\OneDrive\medtech project\Imagens e Matrizes da Tese de Thiago Alves Elias da Silva\Desenvolvimento da Metodologia\DOENTES\245\Segmentadas\PAC_26_DN14-dir.png,640,480,307200,37013,12.048502604166666,270187,87.95149739583333,108,221,158.94066949450192,18.247549306381117,226,214,
245,1,Sick,3,15,PAC_26_DN15-dir.png,C:\Users\LENOVO\OneDrive\medtech project\Imagens e Matrizes da Tese de Thiago Alves Elias da Silva\Desenvolvimento da Metodologia\DOENTES\245\Segmentadas\PAC_26_DN15-dir.png,640,480,307200,40450,13.167317708333334,266750,86.83268229166666,117,222,161.655673671199,18.534632817203054,230,224,
245,1,Sick,3,16,PAC_26_DN16-dir.png,C:\Users\LENOVO\OneDrive\medtech project\Imagens e Matrizes da Tese de Thiago Alves Elias da Silva\Desenvolvimento da Metodologia\DOENTES\245\Segmentadas\PAC_26_DN16-dir.png,640,480,307200,40638,13.228515625,266562,86.771484375,116,223,162.12094591269255,18.743805545881706,235,224,
245,1,Sick,3,17,PAC_26_DN17-dir.png,C:\Users\LENOVO\OneDrive\medtech project\Imagens e Matrizes da Tese de Thiago Alves Elias da Silva\Desenvolvimento da Metodologia\DOENTES\245\Segmentadas\PAC_26_DN17-dir.png,640,480,307200,40934,13.324869791666666,266266,86.67513020833333,115,225,164.51424243904822,18.6440108345149,238,218,
245,1,Sick,3,18,PAC_26_DN18-dir.png,C:\Users\LENOVO\OneDrive\medtech project\Imagens e Matrizes da Tese de Thiago Alves Elias da Silva\Desenvolvimento da Metodologia\DOENTES\245\Segmentadas\PAC_26_DN18-dir.png,640,480,307200,41023,13.353841145833334,266177,86.64615885416667,116,225,163.01881871145454,18.765082077852917,239,222,
245,1,Sick,3,19,PAC_26_DN19-dir.png,C:\Users\LENOVO\OneDrive\medtech project\Imagens e Matrizes da Tese de Thiago Alves Elias da Silva\Desenvolvimento da Metodologia\DOENTES\245\Segmentadas\PAC_26_DN19-dir.png,640,480,307200,38496,12.53125,268704,87.46875,118,225,164.2846269742311,19.080747515882123,236,214,
249,1,Sick,3,0,PAC_27_DN0-dir.png,C:\Users\LENOVO\OneDrive\medtech project\Imagens e Matrizes da Tese de Thiago Alves Elias da Silva\Desenvolvimento da Metodologia\DOENTES\249\Segmentadas\PAC_27_DN0-dir.png,640,480,307200,29615,9.640299479166666,277585,90.35970052083333,145,231,170.16869829478304,14.909432457517505,203,191,
249,1,Sick,3,1,PAC_27_DN1-dir.png,C:\Users\LENOVO\OneDrive\medtech project\Imagens e Matrizes da Tese de Thiago Alves Elias da Silva\Desenvolvimento da Metodologia\DOENTES\249\Segmentadas\PAC_27_DN1-dir.png,640,480,307200,27341,8.900065104166668,279859,91.09993489583333,146,233,170.54771222705827,14.638825022256809,190,186,
249,1,Sick,3,2,PAC_27_DN2-dir.png,C:\Users\LENOVO\OneDrive\medtech project\Imagens e Matrizes da Tese de Thiago Alves Elias da Silva\Desenvolvimento da Metodologia\DOENTES\249\Segmentadas\PAC_27_DN2-dir.png,640,480,307200,24793,8.070638020833334,282407,91.92936197916667,145,233,171.33759528899287,15.262415512859786,192,167,
249,1,Sick,3,3,PAC_27_DN3-dir.png,C:\Users\LENOVO\OneDrive\medtech project\Imagens e Matrizes da Tese de Thiago Alves Elias da Silva\Desenvolvimento da Metodologia\DOENTES\249\Segmentadas\PAC_27_DN3-dir.png,640,480,307200,26836,8.735677083333334,280364,91.26432291666666,145,237,171.87121776717842,14.887673688850091,191,180,
249,1,Sick,3,4,PAC_27_DN4-dir.png,C:\Users\LENOVO\OneDrive\medtech project\Imagens e Matrizes da Tese de Thiago Alves Elias da Silva\Desenvolvimento da Metodologia\DOENTES\249\Segmentadas\PAC_27_DN4-dir.png,640,480,307200,27183,8.8486328125,280017,91.1513671875,143,236,170.86907258212852,14.840940169236609,183,190,
249,1,Sick,3,5,PAC_27_DN5-dir.png,C:\Users\LENOVO\OneDrive\medtech project\Imagens e Matrizes da Tese de Thiago Alves Elias da Silva\Desenvolvimento da Metodologia\DOENTES\249\Segmentadas\PAC_27_DN5-dir.png,640,480,307200,27829,9.058919270833334,279371,90.94108072916667,143,238,172.05041503467606,15.163649401385754,191,191,
249,1,Sick,3,6,PAC_27_DN6-dir.png,C:\Users\LENOVO\OneDrive\medtech project\Imagens e Matrizes da Tese de Thiago Alves Elias da Silva\Desenvolvimento da Metodologia\DOENTES\249\Segmentadas\PAC_27_DN6-dir.png,640,480,307200,28722,9.349609375,278478,90.650390625,137,239,171.84534503168302,15.047050390654883,187,198,
249,1,Sick,3,7,PAC_27_DN7-dir.png,C:\Users\LENOVO\OneDrive\medtech project\Imagens e Matrizes da Tese de Thiago Alves Elias da Silva\Desenvolvimento da Metodologia\DOENTES\249\Segmentadas\PAC_27_DN7-dir.png,640,480,307200,28104,9.1484375,279096,90.8515625,142,240,171.80771420438373,15.367697580769118,187,192,
249,1,Sick,3,8,PAC_27_DN8-dir.png,C:\Users\LENOVO\OneDrive\medtech project\Imagens e Matrizes da Tese de Thiago Alves Elias da Silva\Desenvolvimento da Metodologia\DOENTES\249\Segmentadas\PAC_27_DN8-dir.png,640,480,307200,27436,8.930989583333334,279764,91.06901041666666,144,237,170.6668975069252,14.989050258572874,190,183,
249,1,Sick,3,9,PAC_27_DN9-dir.png,C:\Users\LENOVO\OneDrive\medtech project\Imagens e Matrizes da Tese de Thiago Alves Elias da Silva\Desenvolvimento da Metodologia\DOENTES\249\Segmentadas\PAC_27_DN9-dir.png,640,480,307200,29232,9.515625,277968,90.484375,144,238,170.74606595511767,14.824253285786279,187,194,
249,1,Sick,3,10,PAC_27_DN10-dir.png,C:\Users\LENOVO\OneDrive\medtech project\Imagens e Matrizes da Tese de Thiago Alves Elias da Silva\Desenvolvimento da Metodologia\DOENTES\249\Segmentadas\PAC_27_DN10-dir.png,640,480,307200,27773,9.040690104166666,279427,90.95930989583333,145,238,170.82817844669282,15.053449661899782,186,195,
249,1,Sick,3,11,PAC_27_DN11-dir.png,C:\Users\LENOVO\OneDrive\medtech project\Imagens e Matrizes da Tese de Thiago Alves Elias da Silva\Desenvolvimento da Metodologia\DOENTES\249\Segmentadas\PAC_27_DN11-dir.png,640,480,307200,27507,8.9541015625,279693,91.0458984375,145,242,171.94030610390084,15.60627739825809,185,188,
249,1,Sick,3,12,PAC_27_DN12-dir.png,C:\Users\LENOVO\OneDrive\medtech project\Imagens e Matrizes da Tese de Thiago Alves Elias da Silva\Desenvolvimento da Metodologia\DOENTES\249\Segmentadas\PAC_27_DN12-dir.png,640,480,307200,26721,8.6982421875,280479,91.3017578125,145,242,171.84701171363346,15.731403700277308,178,187,
249,1,Sick,3,13,PAC_27_DN13-dir.png,C:\Users\LENOVO\OneDrive\medtech project\Imagens e Matrizes da Tese de Thiago Alves Elias da Silva\Desenvolvimento da Metodologia\DOENTES\249\Segmentadas\PAC_27_DN13-dir.png,640,480,307200,27907,9.084309895833332,279293,90.91569010416667,145,242,172.5601103665747,15.614969754258853,188,189,
249,1,Sick,3,14,PAC_27_DN14-dir.png,C:\Users\LENOVO\OneDrive\medtech project\Imagens e Matrizes da Tese de Thiago Alves Elias da Silva\Desenvolvimento da Metodologia\DOENTES\249\Segmentadas\PAC_27_DN14-dir.png,640,480,307200,29044,9.454427083333334,278156,90.54557291666666,146,242,172.42470045448286,15.867937198285329,203,188,
249,1,Sick,3,15,PAC_27_DN15-dir.png,C:\Users\LENOVO\OneDrive\medtech project\Imagens e Matrizes da Tese de Thiago Alves Elias da Silva\Desenvolvimento da Metodologia\DOENTES\249\Segmentadas\PAC_27_DN15-dir.png,640,480,307200,28306,9.214192708333334,278894,90.78580729166667,146,242,172.95767681763584,15.800240874799092,191,191,
249,1,Sick,3,16,PAC_27_DN16-dir.png,C:\Users\LENOVO\OneDrive\medtech project\Imagens e Matrizes da Tese de Thiago Alves Elias da Silva\Desenvolvimento da Metodologia\DOENTES\249\Segmentadas\PAC_27_DN16-dir.png,640,480,307200,29181,9.4990234375,278019,90.5009765625,145,245,174.10428018231042,15.933263198923743,193,190,
249,1,Sick,3,17,PAC_27_DN17-dir.png,C:\Users\LENOVO\OneDrive\medtech project\Imagens e Matrizes da Tese de Thiago Alves Elias da Silva\Desenvolvimento da Metodologia\DOENTES\249\Segmentadas\PAC_27_DN17-dir.png,640,480,307200,27349,8.902669270833332,279851,91.09733072916667,146,245,173.61040623057517,16.22721121882711,183,188,
249,1,Sick,3,18,PAC_27_DN18-dir.png,C:\Users\LENOVO\OneDrive\medtech project\Imagens e Matrizes da Tese de Thiago Alves Elias da Silva\Desenvolvimento da Metodologia\DOENTES\249\Segmentadas\PAC_27_DN18-dir.png,640,480,307200,28574,9.301432291666668,278626,90.69856770833333,147,246,174.31332680058796,16.50441355729986,184,190,
249,1,Sick,3,19,PAC_27_DN19-dir.png,C:\Users\LENOVO\OneDrive\medtech project\Imagens e Matrizes da Tese de Thiago Alves Elias da Silva\Desenvolvimento da Metodologia\DOENTES\249\Segmentadas\PAC_27_DN19-dir.png,640,480,307200,27533,8.962565104166668,279667,91.03743489583334,147,245,174.62292521701232,16.280612323152585,186,187,
259,1,Sick,3,0,PAC_35_DN0-esq.png,C:\Users\LENOVO\OneDrive\medtech project\Imagens e Matrizes da Tese de Thiago Alves Elias da Silva\Desenvolvimento da Metodologia\DOENTES\259\Segmentadas\PAC_35_DN0-esq.png,640,480,307200,66677,21.704752604166664,240523,78.29524739583333,99,232,157.00694392369184,17.059521609541996,285,300,
259,1,Sick,3,1,PAC_35_DN1-esq.png,C:\Users\LENOVO\OneDrive\medtech project\Imagens e Matrizes da Tese de Thiago Alves Elias da Silva\Desenvolvimento da Metodologia\DOENTES\259\Segmentadas\PAC_35_DN1-esq.png,640,480,307200,66623,21.687174479166664,240577,78.31282552083333,99,244,167.37589120874173,17.703079667429424,285,298,
259,1,Sick,3,2,PAC_35_DN2-esq.png,C:\Users\LENOVO\OneDrive\medtech project\Imagens e Matrizes da Tese de Thiago Alves Elias da Silva\Desenvolvimento da Metodologia\DOENTES\259\Segmentadas\PAC_35_DN2-esq.png,640,480,307200,66030,21.494140625,241170,78.505859375,97,246,173.00575495986672,17.77460382581995,283,298,
259,1,Sick,3,3,PAC_35_DN3-esq.png,C:\Users\LENOVO\OneDrive\medtech project\Imagens e Matrizes da Tese de Thiago Alves Elias da Silva\Desenvolvimento da Metodologia\DOENTES\259\Segmentadas\PAC_35_DN3-esq.png,640,480,307200,66654,21.697265625,240546,78.302734375,106,245,174.4110330962883,17.950052861467665,286,299,
259,1,Sick,3,4,PAC_35_DN4-esq.png,C:\Users\LENOVO\OneDrive\medtech project\Imagens e Matrizes da Tese de Thiago Alves Elias da Silva\Desenvolvimento da Metodologia\DOENTES\259\Segmentadas\PAC_35_DN4-esq.png,640,480,307200,66344,21.596354166666668,240856,78.40364583333333,117,249,175.32890690944168,18.084617420037535,281,296,
259,1,Sick,3,5,PAC_35_DN5-esq.png,C:\Users\LENOVO\OneDrive\medtech project\Imagens e Matrizes da Tese de Thiago Alves Elias da Silva\Desenvolvimento da Metodologia\DOENTES\259\Segmentadas\PAC_35_DN5-esq.png,640,480,307200,66567,21.6689453125,240633,78.3310546875,112,246,178.15839680322082,18.210997237660703,284,296,
259,1,Sick,3,6,PAC_35_DN6-esq.png,C:\Users\LENOVO\OneDrive\medtech project\Imagens e Matrizes da Tese de Thiago Alves Elias da Silva\Desenvolvimento da Metodologia\DOENTES\259\Segmentadas\PAC_35_DN6-esq.png,640,480,307200,66459,21.6337890625,240741,78.3662109375,123,250,179.8586797875382,18.174943584987197,280,298,
259,1,Sick,3,7,PAC_35_DN7-esq.png,C:\Users\LENOVO\OneDrive\medtech project\Imagens e Matrizes da Tese de Thiago Alves Elias da Silva\Desenvolvimento da Metodologia\DOENTES\259\Segmentadas\PAC_35_DN7-esq.png,640,480,307200,64615,21.033528645833332,242585,78.96647135416667,113,249,180.67010756016404,18.496488751931075,278,291,
259,1,Sick,3,8,PAC_35_DN8-esq.png,C:\Users\LENOVO\OneDrive\medtech project\Imagens e Matrizes da Tese de Thiago Alves Elias da Silva\Desenvolvimento da Metodologia\DOENTES\259\Segmentadas\PAC_35_DN8-esq.png,640,480,307200,66179,21.542643229166668,241021,78.45735677083333,116,233,180.98229045467596,18.21899170508481,283,299,
259,1,Sick,3,9,PAC_35_DN9-esq.png,C:\Users\LENOVO\OneDrive\medtech project\Imagens e Matrizes da Tese de Thiago Alves Elias da Silva\Desenvolvimento da Metodologia\DOENTES\259\Segmentadas\PAC_35_DN9-esq.png,640,480,307200,65534,21.332682291666664,241666,78.66731770833333,117,252,181.75548570207832,18.383034030507183,281,296,
259,1,Sick,3,10,PAC_35_DN10-esq.png,C:\Users\LENOVO\OneDrive\medtech project\Imagens e Matrizes da Tese de Thiago Alves Elias da Silva\Desenvolvimento da Metodologia\DOENTES\259\Segmentadas\PAC_35_DN10-esq.png,640,480,307200,67508,21.975260416666668,239692,78.02473958333334,108,253,182.46615215974404,18.56685451051743,284,301,
259,1,Sick,3,11,PAC_35_DN11-esq.png,C:\Users\LENOVO\OneDrive\medtech project\Imagens e Matrizes da Tese de Thiago Alves Elias da Silva\Desenvolvimento da Metodologia\DOENTES\259\Segmentadas\PAC_35_DN11-esq.png,640,480,307200,66211,21.553059895833336,240989,78.44694010416666,90,241,182.89222334657384,18.526437135442904,286,295,
259,1,Sick,3,12,PAC_35_DN12-esq.png,C:\Users\LENOVO\OneDrive\medtech project\Imagens e Matrizes da Tese de Thiago Alves Elias da Silva\Desenvolvimento da Metodologia\DOENTES\259\Segmentadas\PAC_35_DN12-esq.png,640,480,307200,66533,21.657877604166668,240667,78.34212239583334,114,245,183.51294846166564,18.305712910713666,282,301,
259,1,Sick,3,13,PAC_35_DN13-esq.png,C:\Users\LENOVO\OneDrive\medtech project\Imagens e Matrizes da Tese de Thiago Alves Elias da Silva\Desenvolvimento da Metodologia\DOENTES\259\Segmentadas\PAC_35_DN13-esq.png,640,480,307200,66354,21.599609375,240846,78.400390625,114,252,186.07044036531332,18.42253346593026,283,296,
259,1,Sick,3,14,PAC_35_DN14-esq.png,C:\Users\LENOVO\OneDrive\medtech project\Imagens e Matrizes da Tese de Thiago Alves Elias da Silva\Desenvolvimento da Metodologia\DOENTES\259\Segmentadas\PAC_35_DN14-esq.png,640,480,307200,65687,21.382486979166668,241513,78.61751302083333,125,244,186.44558283983133,18.372900251077574,284,292,
259,1,Sick,3,15,PAC_35_DN15-esq.png,C:\Users\LENOVO\OneDrive\medtech project\Imagens e Matrizes da Tese de Thiago Alves Elias da Silva\Desenvolvimento da Metodologia\DOENTES\259\Segmentadas\PAC_35_DN15-esq.png,640,480,307200,66431,21.624674479166668,240769,78.37532552083334,116,246,186.3430175670997,18.36877789361859,283,296,
259,1,Sick,3,16,PAC_35_DN16-esq.png,C:\Users\LENOVO\OneDrive\medtech project\Imagens e Matrizes da Tese de Thiago Alves Elias da Silva\Desenvolvimento da Metodologia\DOENTES\259\Segmentadas\PAC_35_DN16-esq.png,640,480,307200,66936,21.7890625,240264,78.2109375,134,247,187.53220987211665,18.343476401752994,283,295,
259,1,Sick,3,17,PAC_35_DN17-esq.png,C:\Users\LENOVO\OneDrive\medtech project\Imagens e Matrizes da Tese de Thiago Alves Elias da Silva\Desenvolvimento da Metodologia\DOENTES\259\Segmentadas\PAC_35_DN17-esq.png,640,480,307200,67649,22.021158854166668,239551,77.97884114583333,124,239,187.96539490605923,18.07453594543002,289,295,
259,1,Sick,3,18,PAC_35_DN18-esq.png,C:\Users\LENOVO\OneDrive\medtech project\Imagens e Matrizes da Tese de Thiago Alves Elias da Silva\Desenvolvimento da Metodologia\DOENTES\259\Segmentadas\PAC_35_DN18-esq.png,640,480,307200,68044,22.149739583333332,239156,77.85026041666666,60,242,187.93185291869966,17.84208427354458,289,298,
259,1,Sick,3,19,PAC_35_DN19-esq.png,C:\Users\LENOVO\OneDrive\medtech project\Imagens e Matrizes da Tese de Thiago Alves Elias da Silva\Desenvolvimento da Metodologia\DOENTES\259\Segmentadas\PAC_35_DN19-esq.png,640,480,307200,68242,22.214192708333332,238958,77.78580729166666,112,242,186.82126842706836,18.51244535196322,290,297,
282,1,Sick,3,0,PAC_61_DN0-esq.png,C:\Users\LENOVO\OneDrive\medtech project\Imagens e Matrizes da Tese de Thiago Alves Elias da Silva\12 Novos Casos de Testes\DOENTES\282\Segmentadas\PAC_61_DN0-esq.png,640,480,307200,32363,10.534830729166666,274837,89.46516927083333,94,241,168.65596514538208,19.984508349884685,174,221,
282,1,Sick,3,1,PAC_61_DN1-esq.png,C:\Users\LENOVO\OneDrive\medtech project\Imagens e Matrizes da Tese de Thiago Alves Elias da Silva\12 Novos Casos de Testes\DOENTES\282\Segmentadas\PAC_61_DN1-esq.png,640,480,307200,32366,10.535807291666668,274834,89.46419270833333,98,246,173.62457517147624,20.40255536368532,178,220,
282,1,Sick,3,2,PAC_61_DN2-esq.png,C:\Users\LENOVO\OneDrive\medtech project\Imagens e Matrizes da Tese de Thiago Alves Elias da Silva\12 Novos Casos de Testes\DOENTES\282\Segmentadas\PAC_61_DN2-esq.png,640,480,307200,31511,10.257486979166666,275689,89.74251302083334,101,251,177.33877058804862,20.788529217659885,169,221,
282,1,Sick,3,3,PAC_61_DN3-esq.png,C:\Users\LENOVO\OneDrive\medtech project\Imagens e Matrizes da Tese de Thiago Alves Elias da Silva\12 Novos Casos de Testes\DOENTES\282\Segmentadas\PAC_61_DN3-esq.png,640,480,307200,31896,10.3828125,275304,89.6171875,101,255,179.35963757210936,21.044712153540026,170,222,
282,1,Sick,3,4,PAC_61_DN4-esq.png,C:\Users\LENOVO\OneDrive\medtech project\Imagens e Matrizes da Tese de Thiago Alves Elias da Silva\12 Novos Casos de Testes\DOENTES\282\Segmentadas\PAC_61_DN4-esq.png,640,480,307200,31221,10.1630859375,275979,89.8369140625,101,255,181.13167419365172,21.193483856220222,168,221,
282,1,Sick,3,5,PAC_61_DN5-esq.png,C:\Users\LENOVO\OneDrive\medtech project\Imagens e Matrizes da Tese de Thiago Alves Elias da Silva\12 Novos Casos de Testes\DOENTES\282\Segmentadas\PAC_61_DN5-esq.png,640,480,307200,31354,10.206380208333334,275846,89.79361979166667,108,255,181.86783185558463,20.66867936743168,168,222,
282,1,Sick,3,6,PAC_61_DN6-esq.png,C:\Users\LENOVO\OneDrive\medtech project\Imagens e Matrizes da Tese de Thiago Alves Elias da Silva\12 Novos Casos de Testes\DOENTES\282\Segmentadas\PAC_61_DN6-esq.png,640,480,307200,32425,10.555013020833332,274775,89.44498697916666,110,255,183.3254895913647,20.55127426211177,170,224,
282,1,Sick,3,7,PAC_61_DN7-esq.png,C:\Users\LENOVO\OneDrive\medtech project\Imagens e Matrizes da Tese de Thiago Alves Elias da Silva\12 Novos Casos de Testes\DOENTES\282\Segmentadas\PAC_61_DN7-esq.png,640,480,307200,33831,11.0126953125,273369,88.9873046875,111,255,183.07850787739056,20.01710382941956,174,230,
282,1,Sick,3,8,PAC_61_DN8-esq.png,C:\Users\LENOVO\OneDrive\medtech project\Imagens e Matrizes da Tese de Thiago Alves Elias da Silva\12 Novos Casos de Testes\DOENTES\282\Segmentadas\PAC_61_DN8-esq.png,640,480,307200,32006,10.418619791666666,275194,89.58138020833334,111,255,182.79213272511404,20.005190586693466,171,222,
282,1,Sick,3,9,PAC_61_DN9-esq.png,C:\Users\LENOVO\OneDrive\medtech project\Imagens e Matrizes da Tese de Thiago Alves Elias da Silva\12 Novos Casos de Testes\DOENTES\282\Segmentadas\PAC_61_DN9-esq.png,640,480,307200,32584,10.606770833333332,274616,89.39322916666667,115,255,184.24100785661673,20.061512608894304,173,223,
282,1,Sick,3,10,PAC_61_DN10-esq.png,C:\Users\LENOVO\OneDrive\medtech project\Imagens e Matrizes da Tese de Thiago Alves Elias da Silva\12 Novos Casos de Testes\DOENTES\282\Segmentadas\PAC_61_DN10-esq.png,640,480,307200,32950,10.725911458333332,274250,89.27408854166666,115,255,184.6823368740516,19.992749839187777,174,223,
282,1,Sick,3,11,PAC_61_DN11-esq.png,C:\Users\LENOVO\OneDrive\medtech project\Imagens e Matrizes da Tese de Thiago Alves Elias da Silva\12 Novos Casos de Testes\DOENTES\282\Segmentadas\PAC_61_DN11-esq.png,640,480,307200,31904,10.385416666666666,275296,89.61458333333333,105,255,185.38120611835507,20.69178442468594,168,224,
282,1,Sick,3,12,PAC_61_DN12-esq.png,C:\Users\LENOVO\OneDrive\medtech project\Imagens e Matrizes da Tese de Thiago Alves Elias da Silva\12 Novos Casos de Testes\DOENTES\282\Segmentadas\PAC_61_DN12-esq.png,640,480,307200,33159,10.7939453125,274041,89.2060546875,101,255,185.88295786965833,20.378416435874346,176,223,
282,1,Sick,3,13,PAC_61_DN13-esq.png,C:\Users\LENOVO\OneDrive\medtech project\Imagens e Matrizes da Tese de Thiago Alves Elias da Silva\12 Novos Casos de Testes\DOENTES\282\Segmentadas\PAC_61_DN13-esq.png,640,480,307200,32151,10.4658203125,275049,89.5341796875,115,255,187.3540791888277,20.365369024349732,168,226,
282,1,Sick,3,14,PAC_61_DN14-esq.png,C:\Users\LENOVO\OneDrive\medtech project\Imagens e Matrizes da Tese de Thiago Alves Elias da Silva\12 Novos Casos de Testes\DOENTES\282\Segmentadas\PAC_61_DN14-esq.png,640,480,307200,31617,10.2919921875,275583,89.7080078125,108,255,186.64183825157352,20.826283218419697,169,222,
282,1,Sick,3,15,PAC_61_DN15-esq.png,C:\Users\LENOVO\OneDrive\medtech project\Imagens e Matrizes da Tese de Thiago Alves Elias da Silva\12 Novos Casos de Testes\DOENTES\282\Segmentadas\PAC_61_DN15-esq.png,640,480,307200,31151,10.140299479166668,276049,89.85970052083333,104,255,187.6727552887548,21.00342471773672,166,223,
282,1,Sick,3,16,PAC_61_DN16-esq.png,C:\Users\LENOVO\OneDrive\medtech project\Imagens e Matrizes da Tese de Thiago Alves Elias da Silva\12 Novos Casos de Testes\DOENTES\282\Segmentadas\PAC_61_DN16-esq.png,640,480,307200,31798,10.350911458333334,275402,89.64908854166667,114,255,188.38889238316875,20.626786856435267,170,224,
282,1,Sick,3,17,PAC_61_DN17-esq.png,C:\Users\LENOVO\OneDrive\medtech project\Imagens e Matrizes da Tese de Thiago Alves Elias da Silva\12 Novos Casos de Testes\DOENTES\282\Segmentadas\PAC_61_DN17-esq.png,640,480,307200,32130,10.458984375,275070,89.541015625,113,255,189.18145035792094,20.456638985149315,172,223,
282,1,Sick,3,18,PAC_61_DN18-esq.png,C:\Users\LENOVO\OneDrive\medtech project\Imagens e Matrizes da Tese de Thiago Alves Elias da Silva\12 Novos Casos de Testes\DOENTES\282\Segmentadas\PAC_61_DN18-esq.png,640,480,307200,32267,10.503580729166668,274933,89.49641927083334,123,255,190.60358880590076,20.349072366135456,169,225,
282,1,Sick,3,19,PAC_61_DN19-esq.png,C:\Users\LENOVO\OneDrive\medtech project\Imagens e Matrizes da Tese de Thiago Alves Elias da Silva\12 Novos Casos de Testes\DOENTES\282\Segmentadas\PAC_61_DN19-esq.png,640,480,307200,31489,10.250325520833334,275711,89.74967447916666,113,255,190.53656832544698,20.57825810061127,169,222,
450,1,Sick,3,0,PAC_36_DN0-dir.png,C:\Users\LENOVO\OneDrive\medtech project\Imagens e Matrizes da Tese de Thiago Alves Elias da Silva\Desenvolvimento da Metodologia\DOENTES\450\Segmentadas\PAC_36_DN0-dir.png,640,480,307200,46274,15.063151041666668,260926,84.93684895833333,101,232,145.44016078143233,13.355970939778754,216,273,
450,1,Sick,3,1,PAC_36_DN1-dir.png,C:\Users\LENOVO\OneDrive\medtech project\Imagens e Matrizes da Tese de Thiago Alves Elias da Silva\Desenvolvimento da Metodologia\DOENTES\450\Segmentadas\PAC_36_DN1-dir.png,640,480,307200,42618,13.873046875,264582,86.126953125,105,218,148.11267539537286,13.354274230245853,224,249,
450,1,Sick,3,2,PAC_36_DN2-dir.png,C:\Users\LENOVO\OneDrive\medtech project\Imagens e Matrizes da Tese de Thiago Alves Elias da Silva\Desenvolvimento da Metodologia\DOENTES\450\Segmentadas\PAC_36_DN2-dir.png,640,480,307200,42482,13.828776041666666,264718,86.17122395833333,102,236,151.26738383315288,13.178713674561633,213,256,
450,1,Sick,3,3,PAC_36_DN3-dir.png,C:\Users\LENOVO\OneDrive\medtech project\Imagens e Matrizes da Tese de Thiago Alves Elias da Silva\Desenvolvimento da Metodologia\DOENTES\450\Segmentadas\PAC_36_DN3-dir.png,640,480,307200,40999,13.346028645833332,266201,86.65397135416667,99,242,151.7555062318593,14.00941099897363,216,244,
450,1,Sick,3,4,PAC_36_DN4-dir.png,C:\Users\LENOVO\OneDrive\medtech project\Imagens e Matrizes da Tese de Thiago Alves Elias da Silva\Desenvolvimento da Metodologia\DOENTES\450\Segmentadas\PAC_36_DN4-dir.png,640,480,307200,42505,13.836263020833334,264695,86.16373697916667,113,209,153.51949182449124,12.849937968716754,216,254,
450,1,Sick,3,5,PAC_36_DN5-dir.png,C:\Users\LENOVO\OneDrive\medtech project\Imagens e Matrizes da Tese de Thiago Alves Elias da Silva\Desenvolvimento da Metodologia\DOENTES\450\Segmentadas\PAC_36_DN5-dir.png,640,480,307200,41145,13.3935546875,266055,86.6064453125,113,220,154.37525823307814,13.563095702060115,216,246,
450,1,Sick,3,6,PAC_36_DN6-dir.png,C:\Users\LENOVO\OneDrive\medtech project\Imagens e Matrizes da Tese de Thiago Alves Elias da Silva\Desenvolvimento da Metodologia\DOENTES\450\Segmentadas\PAC_36_DN6-dir.png,640,480,307200,40380,13.14453125,266820,86.85546875,114,234,154.61844972758792,13.573991875902845,210,245,
450,1,Sick,3,7,PAC_36_DN7-dir.png,C:\Users\LENOVO\OneDrive\medtech project\Imagens e Matrizes da Tese de Thiago Alves Elias da Silva\Desenvolvimento da Metodologia\DOENTES\450\Segmentadas\PAC_36_DN7-dir.png,640,480,307200,41049,13.362304687500002,266151,86.6376953125,110,218,154.90659942994958,13.024657159667703,216,245,
450,1,Sick,3,8,PAC_36_DN8-dir.png,C:\Users\LENOVO\OneDrive\medtech project\Imagens e Matrizes da Tese de Thiago Alves Elias da Silva\Desenvolvimento da Metodologia\DOENTES\450\Segmentadas\PAC_36_DN8-dir.png,640,480,307200,41305,13.445638020833334,265895,86.55436197916667,117,246,157.28805229391114,14.176153917108154,217,246,
450,1,Sick,3,9,PAC_36_DN9-dir.png,C:\Users\LENOVO\OneDrive\medtech project\Imagens e Matrizes da Tese de Thiago Alves Elias da Silva\Desenvolvimento da Metodologia\DOENTES\450\Segmentadas\PAC_36_DN9-dir.png,640,480,307200,39933,12.999023437500002,267267,87.0009765625,103,231,157.19224701374802,13.066491729309908,209,243,
450,1,Sick,3,10,PAC_36_DN10-dir.png,C:\Users\LENOVO\OneDrive\medtech project\Imagens e Matrizes da Tese de Thiago Alves Elias da Silva\Desenvolvimento da Metodologia\DOENTES\450\Segmentadas\PAC_36_DN10-dir.png,640,480,307200,40540,13.196614583333332,266660,86.80338541666667,107,246,159.51618154908732,13.967410783981421,215,244,
450,1,Sick,3,11,PAC_36_DN11-dir.png,C:\Users\LENOVO\OneDrive\medtech project\Imagens e Matrizes da Tese de Thiago Alves Elias da Silva\Desenvolvimento da Metodologia\DOENTES\450\Segmentadas\PAC_36_DN11-dir.png,640,480,307200,41308,13.446614583333332,265892,86.55338541666666,107,215,160.01028856395857,13.155024808888912,215,248,
450,1,Sick,3,12,PAC_36_DN12-dir.png,C:\Users\LENOVO\OneDrive\medtech project\Imagens e Matrizes da Tese de Thiago Alves Elias da Silva\Desenvolvimento da Metodologia\DOENTES\450\Segmentadas\PAC_36_DN12-dir.png,640,480,307200,40878,13.306640625,266322,86.693359375,115,242,159.8086990557268,14.143033383360033,216,247,
450,1,Sick,3,13,PAC_36_DN13-dir.png,C:\Users\LENOVO\OneDrive\medtech project\Imagens e Matrizes da Tese de Thiago Alves Elias da Silva\Desenvolvimento da Metodologia\DOENTES\450\Segmentadas\PAC_36_DN13-dir.png,640,480,307200,39987,13.0166015625,267213,86.9833984375,106,230,159.6282291744817,14.007124837925138,216,241,
450,1,Sick,3,14,PAC_36_DN14-dir.png,C:\Users\LENOVO\OneDrive\medtech project\Imagens e Matrizes da Tese de Thiago Alves Elias da Silva\Desenvolvimento da Metodologia\DOENTES\450\Segmentadas\PAC_36_DN14-dir.png,640,480,307200,40535,13.194986979166668,266665,86.80501302083333,103,238,160.85612433699274,14.114169899815472,220,240,
450,1,Sick,3,15,PAC_36_DN15-dir.png,C:\Users\LENOVO\OneDrive\medtech project\Imagens e Matrizes da Tese de Thiago Alves Elias da Silva\Desenvolvimento da Metodologia\DOENTES\450\Segmentadas\PAC_36_DN15-dir.png,640,480,307200,39924,12.996093750000002,267276,87.00390625,94,249,160.45418795711853,14.495807126559564,212,242,
450,1,Sick,3,16,PAC_36_DN16-dir.png,C:\Users\LENOVO\OneDrive\medtech project\Imagens e Matrizes da Tese de Thiago Alves Elias da Silva\Desenvolvimento da Metodologia\DOENTES\450\Segmentadas\PAC_36_DN16-dir.png,640,480,307200,38518,12.538411458333334,268682,87.46158854166667,91,249,162.24630043096735,14.342295747837348,211,234,
450,1,Sick,3,17,PAC_36_DN17-dir.png,C:\Users\LENOVO\OneDrive\medtech project\Imagens e Matrizes da Tese de Thiago Alves Elias da Silva\Desenvolvimento da Metodologia\DOENTES\450\Segmentadas\PAC_36_DN17-dir.png,640,480,307200,38616,12.5703125,268584,87.4296875,128,239,163.39926455355294,13.860115826682634,210,239,
450,1,Sick,3,18,PAC_36_DN18-dir.png,C:\Users\LENOVO\OneDrive\medtech project\Imagens e Matrizes da Tese de Thiago Alves Elias da Silva\Desenvolvimento da Metodologia\DOENTES\450\Segmentadas\PAC_36_DN18-dir.png,640,480,307200,40322,13.125651041666666,266878,86.87434895833334,98,229,161.80221715192698,13.391723898713765,213,244,
450,1,Sick,3,19,PAC_36_DN19-dir.png,C:\Users\LENOVO\OneDrive\medtech project\Imagens e Matrizes da Tese de Thiago Alves Elias da Silva\Desenvolvimento da Metodologia\DOENTES\450\Segmentadas\PAC_36_DN19-dir.png,640,480,307200,41788,13.602864583333332,265412,86.39713541666667,94,228,162.9125107686417,13.212822794945762,213,251,
51,0,Healthy,4,0,PAC_15_DN0-dir.png,C:\Users\LENOVO\OneDrive\medtech project\Imagens e Matrizes da Tese de Thiago Alves Elias da Silva\Desenvolvimento da Metodologia\SAUDAΓòá├╝VEIS\51\Segmentadas\PAC_15_DN0-dir.png,640,480,307200,57495,18.7158203125,249705,81.2841796875,1,218,148.06395338725108,19.769840040817236,245,325,
51,0,Healthy,4,1,PAC_15_DN1-dir.png,C:\Users\LENOVO\OneDrive\medtech project\Imagens e Matrizes da Tese de Thiago Alves Elias da Silva\Desenvolvimento da Metodologia\SAUDAΓòá├╝VEIS\51\Segmentadas\PAC_15_DN1-dir.png,640,480,307200,57404,18.686197916666668,249796,81.31380208333333,1,209,146.35715281165076,19.659570311868965,238,323,
51,0,Healthy,4,2,PAC_15_DN2-dir.png,C:\Users\LENOVO\OneDrive\medtech project\Imagens e Matrizes da Tese de Thiago Alves Elias da Silva\Desenvolvimento da Metodologia\SAUDAΓòá├╝VEIS\51\Segmentadas\PAC_15_DN2-dir.png,640,480,307200,53000,17.252604166666664,254200,82.74739583333334,1,206,145.50496226415095,19.826946926658636,233,303,
51,0,Healthy,4,3,PAC_15_DN3-dir.png,C:\Users\LENOVO\OneDrive\medtech project\Imagens e Matrizes da Tese de Thiago Alves Elias da Silva\Desenvolvimento da Metodologia\SAUDAΓòá├╝VEIS\51\Segmentadas\PAC_15_DN3-dir.png,640,480,307200,52860,17.20703125,254340,82.79296875,1,220,150.1405221339387,20.86834313060862,233,314,
51,0,Healthy,4,4,PAC_15_DN4-dir.png,C:\Users\LENOVO\OneDrive\medtech project\Imagens e Matrizes da Tese de Thiago Alves Elias da Silva\Desenvolvimento da Metodologia\SAUDAΓòá├╝VEIS\51\Segmentadas\PAC_15_DN4-dir.png,640,480,307200,54400,17.708333333333336,252800,82.29166666666666,1,218,146.83755514705882,21.09519019041433,232,323,
51,0,Healthy,4,5,PAC_15_DN5-dir.png,C:\Users\LENOVO\OneDrive\medtech project\Imagens e Matrizes da Tese de Thiago Alves Elias da Silva\Desenvolvimento da Metodologia\SAUDAΓòá├╝VEIS\51\Segmentadas\PAC_15_DN5-dir.png,640,480,307200,50273,16.364908854166664,256927,83.63509114583333,1,221,147.37367970879,20.88459368330407,226,308,
51,0,Healthy,4,6,PAC_15_DN6-dir.png,C:\Users\LENOVO\OneDrive\medtech project\Imagens e Matrizes da Tese de Thiago Alves Elias da Silva\Desenvolvimento da Metodologia\SAUDAΓòá├╝VEIS\51\Segmentadas\PAC_15_DN6-dir.png,640,480,307200,48016,15.630208333333334,259184,84.36979166666667,1,222,148.93939520159947,21.03501054459509,230,294,
51,0,Healthy,4,7,PAC_15_DN7-dir.png,C:\Users\LENOVO\OneDrive\medtech project\Imagens e Matrizes da Tese de Thiago Alves Elias da Silva\Desenvolvimento da Metodologia\SAUDAΓòá├╝VEIS\51\Segmentadas\PAC_15_DN7-dir.png,640,480,307200,55548,18.08203125,251652,81.91796875,1,221,146.8967559588104,21.124608824661234,234,322,
51,0,Healthy,4,8,PAC_15_DN8-dir.png,C:\Users\LENOVO\OneDrive\medtech project\Imagens e Matrizes da Tese de Thiago Alves Elias da Silva\Desenvolvimento da Metodologia\SAUDAΓòá├╝VEIS\51\Segmentadas\PAC_15_DN8-dir.png,640,480,307200,48181,15.683919270833332,259019,84.31608072916667,2,232,149.62921068470973,20.911815251682246,240,307,
51,0,Healthy,4,9,PAC_15_DN9-dir.png,C:\Users\LENOVO\OneDrive\medtech project\Imagens e Matrizes da Tese de Thiago Alves Elias da Silva\Desenvolvimento da Metodologia\SAUDAΓòá├╝VEIS\51\Segmentadas\PAC_15_DN9-dir.png,640,480,307200,51113,16.638346354166668,256087,83.36165364583333,1,207,146.14270342183005,24.137031082270642,245,316,
51,0,Healthy,4,10,PAC_15_DN10-dir.png,C:\Users\LENOVO\OneDrive\medtech project\Imagens e Matrizes da Tese de Thiago Alves Elias da Silva\Desenvolvimento da Metodologia\SAUDAΓòá├╝VEIS\51\Segmentadas\PAC_15_DN10-dir.png,640,480,307200,50814,16.541015625,256386,83.458984375,1,206,145.04057936789073,20.527198781630897,233,304,
51,0,Healthy,4,11,PAC_15_DN11-dir.png,C:\Users\LENOVO\OneDrive\medtech project\Imagens e Matrizes da Tese de Thiago Alves Elias da Silva\Desenvolvimento da Metodologia\SAUDAΓòá├╝VEIS\51\Segmentadas\PAC_15_DN11-dir.png,640,480,307200,48816,15.890625,258384,84.109375,1,234,145.6781178302196,20.359891493076432,229,297,
51,0,Healthy,4,12,PAC_15_DN12-dir.png,C:\Users\LENOVO\OneDrive\medtech project\Imagens e Matrizes da Tese de Thiago Alves Elias da Silva\Desenvolvimento da Metodologia\SAUDAΓòá├╝VEIS\51\Segmentadas\PAC_15_DN12-dir.png,640,480,307200,47414,15.434244791666666,259786,84.56575520833334,1,214,145.14706626734718,20.573612650619694,226,294,
51,0,Healthy,4,13,PAC_15_DN13-dir.png,C:\Users\LENOVO\OneDrive\medtech project\Imagens e Matrizes da Tese de Thiago Alves Elias da Silva\Desenvolvimento da Metodologia\SAUDAΓòá├╝VEIS\51\Segmentadas\PAC_15_DN13-dir.png,640,480,307200,50952,16.5859375,256248,83.4140625,1,219,146.45203328623018,21.224698979826748,232,305,
51,0,Healthy,4,14,PAC_15_DN14-dir.png,C:\Users\LENOVO\OneDrive\medtech project\Imagens e Matrizes da Tese de Thiago Alves Elias da Silva\Desenvolvimento da Metodologia\SAUDAΓòá├╝VEIS\51\Segmentadas\PAC_15_DN14-dir.png,640,480,307200,55224,17.9765625,251976,82.0234375,1,209,146.02453643343475,21.297103019127466,235,319,
51,0,Healthy,4,15,PAC_15_DN15-dir.png,C:\Users\LENOVO\OneDrive\medtech project\Imagens e Matrizes da Tese de Thiago Alves Elias da Silva\Desenvolvimento da Metodologia\SAUDAΓòá├╝VEIS\51\Segmentadas\PAC_15_DN15-dir.png,640,480,307200,55491,18.0634765625,251709,81.9365234375,1,215,144.92031140184895,21.196853147488696,231,338,
51,0,Healthy,4,16,PAC_15_DN16-dir.png,C:\Users\LENOVO\OneDrive\medtech project\Imagens e Matrizes da Tese de Thiago Alves Elias da Silva\Desenvolvimento da Metodologia\SAUDAΓòá├╝VEIS\51\Segmentadas\PAC_15_DN16-dir.png,640,480,307200,52901,17.220377604166668,254299,82.77962239583333,1,204,143.57231432298067,20.75196848446835,228,331,
51,0,Healthy,4,17,PAC_15_DN17-dir.png,C:\Users\LENOVO\OneDrive\medtech project\Imagens e Matrizes da Tese de Thiago Alves Elias da Silva\Desenvolvimento da Metodologia\SAUDAΓòá├╝VEIS\51\Segmentadas\PAC_15_DN17-dir.png,640,480,307200,54690,17.802734375,252510,82.197265625,1,212,146.96463704516364,22.140467970685897,233,328,
51,0,Healthy,4,18,PAC_15_DN18-dir.png,C:\Users\LENOVO\OneDrive\medtech project\Imagens e Matrizes da Tese de Thiago Alves Elias da Silva\Desenvolvimento da Metodologia\SAUDAΓòá├╝VEIS\51\Segmentadas\PAC_15_DN18-dir.png,640,480,307200,55006,17.905598958333332,252194,82.09440104166667,1,209,146.45778642329927,21.55246386585018,238,331,
51,0,Healthy,4,19,PAC_15_DN19-dir.png,C:\Users\LENOVO\OneDrive\medtech project\Imagens e Matrizes da Tese de Thiago Alves Elias da Silva\Desenvolvimento da Metodologia\SAUDAΓòá├╝VEIS\51\Segmentadas\PAC_15_DN19-dir.png,640,480,307200,56936,18.533854166666668,250264,81.46614583333334,1,212,146.63014612898692,22.208532273419163,234,341,
66,0,Healthy,4,0,PAC_16_DN0-dir.png,C:\Users\LENOVO\OneDrive\medtech project\Imagens e Matrizes da Tese de Thiago Alves Elias da Silva\Desenvolvimento da Metodologia\SAUDAΓòá├╝VEIS\66\Segmentadas\PAC_16_DN0-dir.png,640,480,307200,61042,19.870442708333332,246158,80.12955729166666,1,240,147.8173880279152,23.90165001906105,226,365,
66,0,Healthy,4,1,PAC_16_DN1-dir.png,C:\Users\LENOVO\OneDrive\medtech project\Imagens e Matrizes da Tese de Thiago Alves Elias da Silva\Desenvolvimento da Metodologia\SAUDAΓòá├╝VEIS\66\Segmentadas\PAC_16_DN1-dir.png,640,480,307200,60098,19.563151041666664,247102,80.43684895833333,1,227,148.075892708576,23.67788346437509,220,371,
66,0,Healthy,4,2,PAC_16_DN2-dir.png,C:\Users\LENOVO\OneDrive\medtech project\Imagens e Matrizes da Tese de Thiago Alves Elias da Silva\Desenvolvimento da Metodologia\SAUDAΓòá├╝VEIS\66\Segmentadas\PAC_16_DN2-dir.png,640,480,307200,61026,19.865234375,246174,80.134765625,1,220,147.1036607347688,23.915129984495852,225,370,
66,0,Healthy,4,3,PAC_16_DN3-dir.png,C:\Users\LENOVO\OneDrive\medtech project\Imagens e Matrizes da Tese de Thiago Alves Elias da Silva\Desenvolvimento da Metodologia\SAUDAΓòá├╝VEIS\66\Segmentadas\PAC_16_DN3-dir.png,640,480,307200,63158,20.559244791666668,244042,79.44075520833334,1,221,147.9487159188068,23.943970749419865,232,377,
66,0,Healthy,4,4,PAC_16_DN4-dir.png,C:\Users\LENOVO\OneDrive\medtech project\Imagens e Matrizes da Tese de Thiago Alves Elias da Silva\Desenvolvimento da Metodologia\SAUDAΓòá├╝VEIS\66\Segmentadas\PAC_16_DN4-dir.png,640,480,307200,62973,20.4990234375,244227,79.5009765625,1,229,149.79240309338923,24.082392978917134,220,383,
66,0,Healthy,4,5,PAC_16_DN5-dir.png,C:\Users\LENOVO\OneDrive\medtech project\Imagens e Matrizes da Tese de Thiago Alves Elias da Silva\Desenvolvimento da Metodologia\SAUDAΓòá├╝VEIS\66\Segmentadas\PAC_16_DN5-dir.png,640,480,307200,58679,19.101236979166668,248521,80.89876302083333,1,205,149.28863818401814,24.47036420165378,218,373,
66,0,Healthy,4,6,PAC_16_DN6-dir.png,C:\Users\LENOVO\OneDrive\medtech project\Imagens e Matrizes da Tese de Thiago Alves Elias da Silva\Desenvolvimento da Metodologia\SAUDAΓòá├╝VEIS\66\Segmentadas\PAC_16_DN6-dir.png,640,480,307200,56880,18.515625,250320,81.484375,1,220,148.6653305203938,24.43419620736559,217,362,
66,0,Healthy,4,7,PAC_16_DN7-dir.png,C:\Users\LENOVO\OneDrive\medtech project\Imagens e Matrizes da Tese de Thiago Alves Elias da Silva\Desenvolvimento da Metodologia\SAUDAΓòá├╝VEIS\66\Segmentadas\PAC_16_DN7-dir.png,640,480,307200,58262,18.965494791666668,248938,81.03450520833333,1,232,148.36401084755073,24.142842277476987,218,357,
66,0,Healthy,4,8,PAC_16_DN8-dir.png,C:\Users\LENOVO\OneDrive\medtech project\Imagens e Matrizes da Tese de Thiago Alves Elias da Silva\Desenvolvimento da Metodologia\SAUDAΓòá├╝VEIS\66\Segmentadas\PAC_16_DN8-dir.png,640,480,307200,59363,19.323893229166668,247837,80.67610677083333,1,220,149.45233562993783,23.771939280927448,218,366,
66,0,Healthy,4,9,PAC_16_DN9-dir.png,C:\Users\LENOVO\OneDrive\medtech project\Imagens e Matrizes da Tese de Thiago Alves Elias da Silva\Desenvolvimento da Metodologia\SAUDAΓòá├╝VEIS\66\Segmentadas\PAC_16_DN9-dir.png,640,480,307200,59332,19.313802083333336,247868,80.68619791666667,1,221,149.81300141576216,24.162989638533798,218,372,
66,0,Healthy,4,10,PAC_16_DN10-dir.png,C:\Users\LENOVO\OneDrive\medtech project\Imagens e Matrizes da Tese de Thiago Alves Elias da Silva\Desenvolvimento da Metodologia\SAUDAΓòá├╝VEIS\66\Segmentadas\PAC_16_DN10-dir.png,640,480,307200,57971,18.870768229166668,249229,81.12923177083333,1,233,150.0391747597937,25.05416121158973,221,362,
66,0,Healthy,4,11,PAC_16_DN11-dir.png,C:\Users\LENOVO\OneDrive\medtech project\Imagens e Matrizes da Tese de Thiago Alves Elias da Silva\Desenvolvimento da Metodologia\SAUDAΓòá├╝VEIS\66\Segmentadas\PAC_16_DN11-dir.png,640,480,307200,56107,18.263997395833336,251093,81.73600260416667,1,222,149.19510934464506,24.491674980878592,212,365,
66,0,Healthy,4,12,PAC_16_DN12-dir.png,C:\Users\LENOVO\OneDrive\medtech project\Imagens e Matrizes da Tese de Thiago Alves Elias da Silva\Desenvolvimento da Metodologia\SAUDAΓòá├╝VEIS\66\Segmentadas\PAC_16_DN12-dir.png,640,480,307200,56144,18.276041666666668,251056,81.72395833333333,1,203,150.12670988885722,24.879922723943626,214,359,
66,0,Healthy,4,13,PAC_16_DN13-dir.png,C:\Users\LENOVO\OneDrive\medtech project\Imagens e Matrizes da Tese de Thiago Alves Elias da Silva\Desenvolvimento da Metodologia\SAUDAΓòá├╝VEIS\66\Segmentadas\PAC_16_DN13-dir.png,640,480,307200,57169,18.609700520833332,250031,81.39029947916666,1,223,150.06025993108153,24.715912660763117,218,358,
66,0,Healthy,4,14,PAC_16_DN14-dir.png,C:\Users\LENOVO\OneDrive\medtech project\Imagens e Matrizes da Tese de Thiago Alves Elias da Silva\Desenvolvimento da Metodologia\SAUDAΓòá├╝VEIS\66\Segmentadas\PAC_16_DN14-dir.png,640,480,307200,55821,18.1708984375,251379,81.8291015625,1,223,150.07180093513193,25.39219046813897,214,356,
66,0,Healthy,4,15,PAC_16_DN15-dir.png,C:\Users\LENOVO\OneDrive\medtech project\Imagens e Matrizes da Tese de Thiago Alves Elias da Silva\Desenvolvimento da Metodologia\SAUDAΓòá├╝VEIS\66\Segmentadas\PAC_16_DN15-dir.png,640,480,307200,56980,18.548177083333332,250220,81.45182291666667,1,223,151.18457353457353,24.894761240942632,214,363,
66,0,Healthy,4,16,PAC_16_DN16-dir.png,C:\Users\LENOVO\OneDrive\medtech project\Imagens e Matrizes da Tese de Thiago Alves Elias da Silva\Desenvolvimento da Metodologia\SAUDAΓòá├╝VEIS\66\Segmentadas\PAC_16_DN16-dir.png,640,480,307200,55202,17.969401041666664,251998,82.03059895833333,1,227,150.43192275642187,25.543512082078937,215,352,
66,0,Healthy,4,17,PAC_16_DN17-dir.png,C:\Users\LENOVO\OneDrive\medtech project\Imagens e Matrizes da Tese de Thiago Alves Elias da Silva\Desenvolvimento da Metodologia\SAUDAΓòá├╝VEIS\66\Segmentadas\PAC_16_DN17-dir.png,640,480,307200,53117,17.290690104166668,254083,82.70930989583334,1,203,150.75634919140765,26.020975213607507,210,337,
66,0,Healthy,4,18,PAC_16_DN18-dir.png,C:\Users\LENOVO\OneDrive\medtech project\Imagens e Matrizes da Tese de Thiago Alves Elias da Silva\Desenvolvimento da Metodologia\SAUDAΓòá├╝VEIS\66\Segmentadas\PAC_16_DN18-dir.png,640,480,307200,57378,18.677734375,249822,81.322265625,1,227,151.49574749904144,26.006601619549073,218,357,
66,0,Healthy,4,19,PAC_16_DN19-dir.png,C:\Users\LENOVO\OneDrive\medtech project\Imagens e Matrizes da Tese de Thiago Alves Elias da Silva\Desenvolvimento da Metodologia\SAUDAΓòá├╝VEIS\66\Segmentadas\PAC_16_DN19-dir.png,640,480,307200,55113,17.9404296875,252087,82.0595703125,1,215,151.56434960898517,26.107503983877344,216,347,
137,0,Healthy,4,0,PAC_45_DN0-dir.png,C:\Users\LENOVO\OneDrive\medtech project\Imagens e Matrizes da Tese de Thiago Alves Elias da Silva\Desenvolvimento da Metodologia\SAUDAΓòá├╝VEIS\137\Segmentadas\PAC_45_DN0-dir.png,640,480,307200,33995,11.066080729166666,273205,88.93391927083333,1,190,151.89854390351522,20.90553141279169,202,224,
137,0,Healthy,4,1,PAC_45_DN1-dir.png,C:\Users\LENOVO\OneDrive\medtech project\Imagens e Matrizes da Tese de Thiago Alves Elias da Silva\Desenvolvimento da Metodologia\SAUDAΓòá├╝VEIS\137\Segmentadas\PAC_45_DN1-dir.png,640,480,307200,36389,11.845377604166666,270811,88.15462239583334,1,192,151.89263238890874,21.132036319094965,203,240,
137,0,Healthy,4,2,PAC_45_DN2-dir.png,C:\Users\LENOVO\OneDrive\medtech project\Imagens e Matrizes da Tese de Thiago Alves Elias da Silva\Desenvolvimento da Metodologia\SAUDAΓòá├╝VEIS\137\Segmentadas\PAC_45_DN2-dir.png,640,480,307200,33576,10.9296875,273624,89.0703125,1,190,149.10987014534192,20.398014014303385,193,228,
137,0,Healthy,4,3,PAC_45_DN3-dir.png,C:\Users\LENOVO\OneDrive\medtech project\Imagens e Matrizes da Tese de Thiago Alves Elias da Silva\Desenvolvimento da Metodologia\SAUDAΓòá├╝VEIS\137\Segmentadas\PAC_45_DN3-dir.png,640,480,307200,34474,11.222005208333332,272726,88.77799479166667,1,192,149.81815281081396,20.57048311956248,192,230,
137,0,Healthy,4,4,PAC_45_DN4-dir.png,C:\Users\LENOVO\OneDrive\medtech project\Imagens e Matrizes da Tese de Thiago Alves Elias da Silva\Desenvolvimento da Metodologia\SAUDAΓòá├╝VEIS\137\Segmentadas\PAC_45_DN4-dir.png,640,480,307200,34522,11.237630208333334,272678,88.76236979166666,1,189,148.80348763107582,19.965179453090105,186,231,
137,0,Healthy,4,5,PAC_45_DN5-dir.png,C:\Users\LENOVO\OneDrive\medtech project\Imagens e Matrizes da Tese de Thiago Alves Elias da Silva\Desenvolvimento da Metodologia\SAUDAΓòá├╝VEIS\137\Segmentadas\PAC_45_DN5-dir.png,640,480,307200,35545,11.570638020833334,271655,88.42936197916667,1,189,147.97431424954283,20.20171003773498,191,237,
137,0,Healthy,4,6,PAC_45_DN6-dir.png,C:\Users\LENOVO\OneDrive\medtech project\Imagens e Matrizes da Tese de Thiago Alves Elias da Silva\Desenvolvimento da Metodologia\SAUDAΓòá├╝VEIS\137\Segmentadas\PAC_45_DN6-dir.png,640,480,307200,33948,11.05078125,273252,88.94921875,1,188,148.37975727583364,19.687006940827853,182,224,
137,0,Healthy,4,7,PAC_45_DN7-dir.png,C:\Users\LENOVO\OneDrive\medtech project\Imagens e Matrizes da Tese de Thiago Alves Elias da Silva\Desenvolvimento da Metodologia\SAUDAΓòá├╝VEIS\137\Segmentadas\PAC_45_DN7-dir.png,640,480,307200,36957,12.0302734375,270243,87.9697265625,1,192,149.2580025434965,20.53557392441763,201,236,
137,0,Healthy,4,8,PAC_45_DN8-dir.png,C:\Users\LENOVO\OneDrive\medtech project\Imagens e Matrizes da Tese de Thiago Alves Elias da Silva\Desenvolvimento da Metodologia\SAUDAΓòá├╝VEIS\137\Segmentadas\PAC_45_DN8-dir.png,640,480,307200,38371,12.490559895833334,268829,87.50944010416667,1,194,149.52935810898856,20.949270923013962,192,243,
137,0,Healthy,4,9,PAC_45_DN9-dir.png,C:\Users\LENOVO\OneDrive\medtech project\Imagens e Matrizes da Tese de Thiago Alves Elias da Silva\Desenvolvimento da Metodologia\SAUDAΓòá├╝VEIS\137\Segmentadas\PAC_45_DN9-dir.png,640,480,307200,41243,13.425455729166666,265957,86.57454427083333,1,205,152.6922629294668,21.297965431024686,201,256,
137,0,Healthy,4,10,PAC_45_DN10-dir.png,C:\Users\LENOVO\OneDrive\medtech project\Imagens e Matrizes da Tese de Thiago Alves Elias da Silva\Desenvolvimento da Metodologia\SAUDAΓòá├╝VEIS\137\Segmentadas\PAC_45_DN10-dir.png,640,480,307200,36222,11.791015625,270978,88.208984375,1,188,148.30713378609684,19.884417089135464,200,228,
137,0,Healthy,4,11,PAC_45_DN11-dir.png,C:\Users\LENOVO\OneDrive\medtech project\Imagens e Matrizes da Tese de Thiago Alves Elias da Silva\Desenvolvimento da Metodologia\SAUDAΓòá├╝VEIS\137\Segmentadas\PAC_45_DN11-dir.png,640,480,307200,39539,12.870768229166666,267661,87.12923177083334,1,193,148.8417511823769,20.59747118569432,200,242,
137,0,Healthy,4,12,PAC_45_DN12-dir.png,C:\Users\LENOVO\OneDrive\medtech project\Imagens e Matrizes da Tese de Thiago Alves Elias da Silva\Desenvolvimento da Metodologia\SAUDAΓòá├╝VEIS\137\Segmentadas\PAC_45_DN12-dir.png,640,480,307200,37562,12.227213541666666,269638,87.77278645833333,1,187,146.61540919013896,20.286004265062573,199,241,
137,0,Healthy,4,13,PAC_45_DN13-dir.png,C:\Users\LENOVO\OneDrive\medtech project\Imagens e Matrizes da Tese de Thiago Alves Elias da Silva\Desenvolvimento da Metodologia\SAUDAΓòá├╝VEIS\137\Segmentadas\PAC_45_DN13-dir.png,640,480,307200,38300,12.467447916666668,268900,87.53255208333334,1,192,147.39558746736293,20.564307499442922,196,242,
137,0,Healthy,4,14,PAC_45_DN14-dir.png,C:\Users\LENOVO\OneDrive\medtech project\Imagens e Matrizes da Tese de Thiago Alves Elias da Silva\Desenvolvimento da Metodologia\SAUDAΓòá├╝VEIS\137\Segmentadas\PAC_45_DN14-dir.png,640,480,307200,41011,13.349934895833334,266189,86.65006510416666,1,192,148.31993855307113,20.686526680366477,203,255,
137,0,Healthy,4,15,PAC_45_DN15-dir.png,C:\Users\LENOVO\OneDrive\medtech project\Imagens e Matrizes da Tese de Thiago Alves Elias da Silva\Desenvolvimento da Metodologia\SAUDAΓòá├╝VEIS\137\Segmentadas\PAC_45_DN15-dir.png,640,480,307200,37457,12.193033854166666,269743,87.80696614583333,1,189,146.20535547427718,20.58701525341626,200,234,
137,0,Healthy,4,16,PAC_45_DN16-dir.png,C:\Users\LENOVO\OneDrive\medtech project\Imagens e Matrizes da Tese de Thiago Alves Elias da Silva\Desenvolvimento da Metodologia\SAUDAΓòá├╝VEIS\137\Segmentadas\PAC_45_DN16-dir.png,640,480,307200,36670,11.936848958333334,270530,88.06315104166667,1,187,145.659585492228,20.326250660937568,204,228,
137,0,Healthy,4,17,PAC_45_DN17-dir.png,C:\Users\LENOVO\OneDrive\medtech project\Imagens e Matrizes da Tese de Thiago Alves Elias da Silva\Desenvolvimento da Metodologia\SAUDAΓòá├╝VEIS\137\Segmentadas\PAC_45_DN17-dir.png,640,480,307200,36625,11.922200520833332,270575,88.07779947916666,1,187,145.5701023890785,19.65098631441812,202,223,
137,0,Healthy,4,18,PAC_45_DN18-dir.png,C:\Users\LENOVO\OneDrive\medtech project\Imagens e Matrizes da Tese de Thiago Alves Elias da Silva\Desenvolvimento da Metodologia\SAUDAΓòá├╝VEIS\137\Segmentadas\PAC_45_DN18-dir.png,640,480,307200,36930,12.021484375,270270,87.978515625,1,187,145.41421608448417,20.219396906920853,200,230,
137,0,Healthy,4,19,PAC_45_DN19-dir.png,C:\Users\LENOVO\OneDrive\medtech project\Imagens e Matrizes da Tese de Thiago Alves Elias da Silva\Desenvolvimento da Metodologia\SAUDAΓòá├╝VEIS\137\Segmentadas\PAC_45_DN19-dir.png,640,480,307200,34624,11.270833333333332,272576,88.72916666666667,1,187,144.10400300369685,20.12480301879443,190,226,
166,0,Healthy,4,0,PAC_42_DN0-dir.png,C:\Users\LENOVO\OneDrive\medtech project\Imagens e Matrizes da Tese de Thiago Alves Elias da Silva\Desenvolvimento da Metodologia\SAUDAΓòá├╝VEIS\166\Segmentadas\PAC_42_DN0-dir.png,640,480,307200,36466,11.870442708333332,270734,88.12955729166667,1,202,135.17934514342127,25.53392825000344,205,238,
166,0,Healthy,4,1,PAC_42_DN1-dir.png,C:\Users\LENOVO\OneDrive\medtech project\Imagens e Matrizes da Tese de Thiago Alves Elias da Silva\Desenvolvimento da Metodologia\SAUDAΓòá├╝VEIS\166\Segmentadas\PAC_42_DN1-dir.png,640,480,307200,32670,10.634765625,274530,89.365234375,1,198,135.01303948576677,25.34240234774107,194,227,
166,0,Healthy,4,2,PAC_42_DN2-dir.png,C:\Users\LENOVO\OneDrive\medtech project\Imagens e Matrizes da Tese de Thiago Alves Elias da Silva\Desenvolvimento da Metodologia\SAUDAΓòá├╝VEIS\166\Segmentadas\PAC_42_DN2-dir.png,640,480,307200,31826,10.360026041666668,275374,89.63997395833333,1,199,133.72381072079432,24.97082083757358,189,224,
166,0,Healthy,4,3,PAC_42_DN3-dir.png,C:\Users\LENOVO\OneDrive\medtech project\Imagens e Matrizes da Tese de Thiago Alves Elias da Silva\Desenvolvimento da Metodologia\SAUDAΓòá├╝VEIS\166\Segmentadas\PAC_42_DN3-dir.png,640,480,307200,27429,8.9287109375,279771,91.0712890625,1,193,130.400524991797,24.153449186460023,181,207,
166,0,Healthy,4,4,PAC_42_DN4-dir.png,C:\Users\LENOVO\OneDrive\medtech project\Imagens e Matrizes da Tese de Thiago Alves Elias da Silva\Desenvolvimento da Metodologia\SAUDAΓòá├╝VEIS\166\Segmentadas\PAC_42_DN4-dir.png,640,480,307200,30767,10.015299479166668,276433,89.98470052083334,1,198,133.00315272857281,24.884233992246443,182,218,
166,0,Healthy,4,5,PAC_42_DN5-dir.png,C:\Users\LENOVO\OneDrive\medtech project\Imagens e Matrizes da Tese de Thiago Alves Elias da Silva\Desenvolvimento da Metodologia\SAUDAΓòá├╝VEIS\166\Segmentadas\PAC_42_DN5-dir.png,640,480,307200,30041,9.778971354166668,277159,90.22102864583333,1,199,131.6935521454013,24.762259517054428,179,221,
166,0,Healthy,4,6,PAC_42_DN6-dir.png,C:\Users\LENOVO\OneDrive\medtech project\Imagens e Matrizes da Tese de Thiago Alves Elias da Silva\Desenvolvimento da Metodologia\SAUDAΓòá├╝VEIS\166\Segmentadas\PAC_42_DN6-dir.png,640,480,307200,32619,10.6181640625,274581,89.3818359375,1,202,134.83184646984887,25.409650672112715,187,227,
166,0,Healthy,4,7,PAC_42_DN7-dir.png,C:\Users\LENOVO\OneDrive\medtech project\Imagens e Matrizes da Tese de Thiago Alves Elias da Silva\Desenvolvimento da Metodologia\SAUDAΓòá├╝VEIS\166\Segmentadas\PAC_42_DN7-dir.png,640,480,307200,30788,10.022135416666666,276412,89.97786458333333,1,203,133.29098999610238,25.643106746782795,181,227,
166,0,Healthy,4,8,PAC_42_DN8-dir.png,C:\Users\LENOVO\OneDrive\medtech project\Imagens e Matrizes da Tese de Thiago Alves Elias da Silva\Desenvolvimento da Metodologia\SAUDAΓòá├╝VEIS\166\Segmentadas\PAC_42_DN8-dir.png,640,480,307200,31189,10.152669270833334,276011,89.84733072916666,1,204,132.68604315624097,25.245150732988428,182,224,
166,0,Healthy,4,9,PAC_42_DN9-dir.png,C:\Users\LENOVO\OneDrive\medtech project\Imagens e Matrizes da Tese de Thiago Alves Elias da Silva\Desenvolvimento da Metodologia\SAUDAΓòá├╝VEIS\166\Segmentadas\PAC_42_DN9-dir.png,640,480,307200,33515,10.909830729166666,273685,89.09016927083333,1,201,130.6062360137252,25.162538606971694,194,231,
166,0,Healthy,4,10,PAC_42_DN10-dir.png,C:\Users\LENOVO\OneDrive\medtech project\Imagens e Matrizes da Tese de Thiago Alves Elias da Silva\Desenvolvimento da Metodologia\SAUDAΓòá├╝VEIS\166\Segmentadas\PAC_42_DN10-dir.png,640,480,307200,31523,10.261393229166666,275677,89.73860677083333,1,198,129.9223741395172,24.372322851261295,195,216,
166,0,Healthy,4,11,PAC_42_DN11-dir.png,C:\Users\LENOVO\OneDrive\medtech project\Imagens e Matrizes da Tese de Thiago Alves Elias da Silva\Desenvolvimento da Metodologia\SAUDAΓòá├╝VEIS\166\Segmentadas\PAC_42_DN11-dir.png,640,480,307200,32096,10.447916666666666,275104,89.55208333333333,1,204,131.46915503489532,25.3460837477872,197,223,
166,0,Healthy,4,12,PAC_42_DN12-dir.png,C:\Users\LENOVO\OneDrive\medtech project\Imagens e Matrizes da Tese de Thiago Alves Elias da Silva\Desenvolvimento da Metodologia\SAUDAΓòá├╝VEIS\166\Segmentadas\PAC_42_DN12-dir.png,640,480,307200,33334,10.850911458333332,273866,89.14908854166667,1,204,132.20759584808303,24.799658921853847,198,229,
166,0,Healthy,4,13,PAC_42_DN13-dir.png,C:\Users\LENOVO\OneDrive\medtech project\Imagens e Matrizes da Tese de Thiago Alves Elias da Silva\Desenvolvimento da Metodologia\SAUDAΓòá├╝VEIS\166\Segmentadas\PAC_42_DN13-dir.png,640,480,307200,32349,10.5302734375,274851,89.4697265625,1,204,131.33358063618658,26.265090862826813,204,221,
166,0,Healthy,4,14,PAC_42_DN14-dir.png,C:\Users\LENOVO\OneDrive\medtech project\Imagens e Matrizes da Tese de Thiago Alves Elias da Silva\Desenvolvimento da Metodologia\SAUDAΓòá├╝VEIS\166\Segmentadas\PAC_42_DN14-dir.png,640,480,307200,32534,10.590494791666668,274666,89.40950520833333,1,204,131.34634536177538,25.745078019827172,202,220,
166,0,Healthy,4,15,PAC_42_DN15-dir.png,C:\Users\LENOVO\OneDrive\medtech project\Imagens e Matrizes da Tese de Thiago Alves Elias da Silva\Desenvolvimento da Metodologia\SAUDAΓòá├╝VEIS\166\Segmentadas\PAC_42_DN15-dir.png,640,480,307200,32517,10.5849609375,274683,89.4150390625,1,203,128.83144201494602,25.272068873196556,195,223,
166,0,Healthy,4,16,PAC_42_DN16-dir.png,C:\Users\LENOVO\OneDrive\medtech project\Imagens e Matrizes da Tese de Thiago Alves Elias da Silva\Desenvolvimento da Metodologia\SAUDAΓòá├╝VEIS\166\Segmentadas\PAC_42_DN16-dir.png,640,480,307200,32110,10.452473958333334,275090,89.54752604166667,1,201,128.5803799439427,25.301102989784432,194,224,
166,0,Healthy,4,17,PAC_42_DN17-dir.png,C:\Users\LENOVO\OneDrive\medtech project\Imagens e Matrizes da Tese de Thiago Alves Elias da Silva\Desenvolvimento da Metodologia\SAUDAΓòá├╝VEIS\166\Segmentadas\PAC_42_DN17-dir.png,640,480,307200,31717,10.324544270833332,275483,89.67545572916666,1,198,126.70079137371125,24.186954119334306,189,218,
166,0,Healthy,4,18,PAC_42_DN18-dir.png,C:\Users\LENOVO\OneDrive\medtech project\Imagens e Matrizes da Tese de Thiago Alves Elias da Silva\Desenvolvimento da Metodologia\SAUDAΓòá├╝VEIS\166\Segmentadas\PAC_42_DN18-dir.png,640,480,307200,31435,10.232747395833334,275765,89.76725260416667,1,199,127.61762366788611,24.915107550816327,193,216,
166,0,Healthy,4,19,PAC_42_DN19-dir.png,C:\Users\LENOVO\OneDrive\medtech project\Imagens e Matrizes da Tese de Thiago Alves Elias da Silva\Desenvolvimento da Metodologia\SAUDAΓòá├╝VEIS\166\Segmentadas\PAC_42_DN19-dir.png,640,480,307200,32499,10.5791015625,274701,89.4208984375,1,198,128.38075017692853,24.83175585564058,191,219,
138,1,Sick,4,0,PAC_04_DN0-dir.png,C:\Users\LENOVO\OneDrive\medtech project\Imagens e Matrizes da Tese de Thiago Alves Elias da Silva\Desenvolvimento da Metodologia\DOENTES\138\Segmentadas\PAC_04_DN0-dir.png,640,480,307200,47764,15.548177083333334,259436,84.45182291666666,1,207,155.07386316053933,19.431943801049485,251,235,
138,1,Sick,4,1,PAC_04_DN1-dir.png,C:\Users\LENOVO\OneDrive\medtech project\Imagens e Matrizes da Tese de Thiago Alves Elias da Silva\Desenvolvimento da Metodologia\DOENTES\138\Segmentadas\PAC_04_DN1-dir.png,640,480,307200,49209,16.0185546875,257991,83.9814453125,1,216,160.99729724237437,18.590204321980444,247,241,
138,1,Sick,4,2,PAC_04_DN2-dir.png,C:\Users\LENOVO\OneDrive\medtech project\Imagens e Matrizes da Tese de Thiago Alves Elias da Silva\Desenvolvimento da Metodologia\DOENTES\138\Segmentadas\PAC_04_DN2-dir.png,640,480,307200,49997,16.275065104166668,257203,83.72493489583334,1,219,164.28003680220814,19.746589572952374,246,249,
138,1,Sick,4,3,PAC_04_DN3-dir.png,C:\Users\LENOVO\OneDrive\medtech project\Imagens e Matrizes da Tese de Thiago Alves Elias da Silva\Desenvolvimento da Metodologia\DOENTES\138\Segmentadas\PAC_04_DN3-dir.png,640,480,307200,52190,16.988932291666668,255010,83.01106770833333,1,221,168.08896340295075,19.942368557161668,253,253,
138,1,Sick,4,4,PAC_04_DN4-dir.png,C:\Users\LENOVO\OneDrive\medtech project\Imagens e Matrizes da Tese de Thiago Alves Elias da Silva\Desenvolvimento da Metodologia\DOENTES\138\Segmentadas\PAC_04_DN4-dir.png,640,480,307200,48996,15.94921875,258204,84.05078125,1,223,170.33937464282798,19.74331303591767,246,243,
138,1,Sick,4,5,PAC_04_DN5-dir.png,C:\Users\LENOVO\OneDrive\medtech project\Imagens e Matrizes da Tese de Thiago Alves Elias da Silva\Desenvolvimento da Metodologia\DOENTES\138\Segmentadas\PAC_04_DN5-dir.png,640,480,307200,48620,15.826822916666666,258580,84.17317708333333,1,229,172.61353352529824,20.163581487593806,241,246,
138,1,Sick,4,6,PAC_04_DN6-dir.png,C:\Users\LENOVO\OneDrive\medtech project\Imagens e Matrizes da Tese de Thiago Alves Elias da Silva\Desenvolvimento da Metodologia\DOENTES\138\Segmentadas\PAC_04_DN6-dir.png,640,480,307200,51495,16.7626953125,255705,83.2373046875,1,226,171.38281386542383,19.992081445457742,248,253,
138,1,Sick,4,7,PAC_04_DN7-dir.png,C:\Users\LENOVO\OneDrive\medtech project\Imagens e Matrizes da Tese de Thiago Alves Elias da Silva\Desenvolvimento da Metodologia\DOENTES\138\Segmentadas\PAC_04_DN7-dir.png,640,480,307200,48479,15.780924479166666,258721,84.21907552083333,1,227,168.91229192021288,19.979840427284635,242,249,
138,1,Sick,4,8,PAC_04_DN8-dir.png,C:\Users\LENOVO\OneDrive\medtech project\Imagens e Matrizes da Tese de Thiago Alves Elias da Silva\Desenvolvimento da Metodologia\DOENTES\138\Segmentadas\PAC_04_DN8-dir.png,640,480,307200,47908,15.595052083333332,259292,84.40494791666666,1,227,169.61716206061618,20.97970994320537,243,246,
138,1,Sick,4,9,PAC_04_DN9-dir.png,C:\Users\LENOVO\OneDrive\medtech project\Imagens e Matrizes da Tese de Thiago Alves Elias da Silva\Desenvolvimento da Metodologia\DOENTES\138\Segmentadas\PAC_04_DN9-dir.png,640,480,307200,48043,15.638997395833334,259157,84.36100260416667,1,229,170.9212580396728,20.988242416596485,242,244,
138,1,Sick,4,10,PAC_04_DN10-dir.png,C:\Users\LENOVO\OneDrive\medtech project\Imagens e Matrizes da Tese de Thiago Alves Elias da Silva\Desenvolvimento da Metodologia\DOENTES\138\Segmentadas\PAC_04_DN10-dir.png,640,480,307200,47182,15.358723958333334,260018,84.64127604166667,1,227,172.01956254503835,21.095055734751412,244,241,
138,1,Sick,4,11,PAC_04_DN11-dir.png,C:\Users\LENOVO\OneDrive\medtech project\Imagens e Matrizes da Tese de Thiago Alves Elias da Silva\Desenvolvimento da Metodologia\DOENTES\138\Segmentadas\PAC_04_DN11-dir.png,640,480,307200,46223,15.046549479166666,260977,84.95345052083333,1,224,170.99824762564091,21.27443490568863,239,239,
138,1,Sick,4,12,PAC_04_DN12-dir.png,C:\Users\LENOVO\OneDrive\medtech project\Imagens e Matrizes da Tese de Thiago Alves Elias da Silva\Desenvolvimento da Metodologia\DOENTES\138\Segmentadas\PAC_04_DN12-dir.png,640,480,307200,46719,15.208007812499998,260481,84.7919921875,1,223,172.37892506260837,21.556783083957605,237,244,
138,1,Sick,4,13,PAC_04_DN13-dir.png,C:\Users\LENOVO\OneDrive\medtech project\Imagens e Matrizes da Tese de Thiago Alves Elias da Silva\Desenvolvimento da Metodologia\DOENTES\138\Segmentadas\PAC_04_DN13-dir.png,640,480,307200,46080,15.0,261120,85.0,1,222,172.38567708333332,20.204265992569553,232,243,
138,1,Sick,4,14,PAC_04_DN14-dir.png,C:\Users\LENOVO\OneDrive\medtech project\Imagens e Matrizes da Tese de Thiago Alves Elias da Silva\Desenvolvimento da Metodologia\DOENTES\138\Segmentadas\PAC_04_DN14-dir.png,640,480,307200,46503,15.1376953125,260697,84.8623046875,1,221,172.3475474700557,21.143311212057917,238,243,
138,1,Sick,4,15,PAC_04_DN15-dir.png,C:\Users\LENOVO\OneDrive\medtech project\Imagens e Matrizes da Tese de Thiago Alves Elias da Silva\Desenvolvimento da Metodologia\DOENTES\138\Segmentadas\PAC_04_DN15-dir.png,640,480,307200,45165,14.702148437500002,262035,85.2978515625,1,223,172.43498284069523,21.657840810507153,232,243,
138,1,Sick,4,16,PAC_04_DN16-dir.png,C:\Users\LENOVO\OneDrive\medtech project\Imagens e Matrizes da Tese de Thiago Alves Elias da Silva\Desenvolvimento da Metodologia\DOENTES\138\Segmentadas\PAC_04_DN16-dir.png,640,480,307200,45556,14.829427083333332,261644,85.17057291666667,1,223,173.14514004741417,21.068461430263792,232,247,
138,1,Sick,4,17,PAC_04_DN17-dir.png,C:\Users\LENOVO\OneDrive\medtech project\Imagens e Matrizes da Tese de Thiago Alves Elias da Silva\Desenvolvimento da Metodologia\DOENTES\138\Segmentadas\PAC_04_DN17-dir.png,640,480,307200,47272,15.388020833333332,259928,84.61197916666666,1,222,172.86715180233543,21.015087433597284,237,250,
138,1,Sick,4,18,PAC_04_DN18-dir.png,C:\Users\LENOVO\OneDrive\medtech project\Imagens e Matrizes da Tese de Thiago Alves Elias da Silva\Desenvolvimento da Metodologia\DOENTES\138\Segmentadas\PAC_04_DN18-dir.png,640,480,307200,47386,15.425130208333334,259814,84.57486979166666,1,221,173.47343097117292,20.981821731008772,236,253,
138,1,Sick,4,19,PAC_04_DN19-dir.png,C:\Users\LENOVO\OneDrive\medtech project\Imagens e Matrizes da Tese de Thiago Alves Elias da Silva\Desenvolvimento da Metodologia\DOENTES\138\Segmentadas\PAC_04_DN19-dir.png,640,480,307200,46234,15.050130208333334,260966,84.94986979166667,1,220,173.21953540684345,21.39002255139836,234,252,
198,1,Sick,4,0,PAC_52_DN0-dir.png,C:\Users\LENOVO\OneDrive\medtech project\Imagens e Matrizes da Tese de Thiago Alves Elias da Silva\Desenvolvimento da Metodologia\DOENTES\198\Segmentadas\PAC_52_DN0-dir.png,640,480,307200,44626,14.526692708333332,262574,85.47330729166667,114,234,166.12940886478734,14.018388203061036,203,269,
198,1,Sick,4,1,PAC_52_DN1-dir.png,C:\Users\LENOVO\OneDrive\medtech project\Imagens e Matrizes da Tese de Thiago Alves Elias da Silva\Desenvolvimento da Metodologia\DOENTES\198\Segmentadas\PAC_52_DN1-dir.png,640,480,307200,45147,14.6962890625,262053,85.3037109375,112,228,164.08454603849646,13.508466418443135,203,268,
198,1,Sick,4,2,PAC_52_DN2-dir.png,C:\Users\LENOVO\OneDrive\medtech project\Imagens e Matrizes da Tese de Thiago Alves Elias da Silva\Desenvolvimento da Metodologia\DOENTES\198\Segmentadas\PAC_52_DN2-dir.png,640,480,307200,44915,14.620768229166666,262285,85.37923177083333,105,230,166.39810753645776,13.771772810822219,205,268,
198,1,Sick,4,3,PAC_52_DN3-dir.png,C:\Users\LENOVO\OneDrive\medtech project\Imagens e Matrizes da Tese de Thiago Alves Elias da Silva\Desenvolvimento da Metodologia\DOENTES\198\Segmentadas\PAC_52_DN3-dir.png,640,480,307200,45751,14.892903645833332,261449,85.10709635416667,112,233,167.75893423094578,14.230333017047517,205,270,
198,1,Sick,4,4,PAC_52_DN4-dir.png,C:\Users\LENOVO\OneDrive\medtech project\Imagens e Matrizes da Tese de Thiago Alves Elias da Silva\Desenvolvimento da Metodologia\DOENTES\198\Segmentadas\PAC_52_DN4-dir.png,640,480,307200,45843,14.9228515625,261357,85.0771484375,123,237,169.9783827410946,14.318184097766132,204,272,
198,1,Sick,4,5,PAC_52_DN5-dir.png,C:\Users\LENOVO\OneDrive\medtech project\Imagens e Matrizes da Tese de Thiago Alves Elias da Silva\Desenvolvimento da Metodologia\DOENTES\198\Segmentadas\PAC_52_DN5-dir.png,640,480,307200,46317,15.077148437499998,260883,84.9228515625,126,235,171.1783146576851,14.065652123754385,206,272,
198,1,Sick,4,6,PAC_52_DN6-dir.png,C:\Users\LENOVO\OneDrive\medtech project\Imagens e Matrizes da Tese de Thiago Alves Elias da Silva\Desenvolvimento da Metodologia\DOENTES\198\Segmentadas\PAC_52_DN6-dir.png,640,480,307200,46619,15.175455729166668,260581,84.82454427083333,116,237,171.08157618138526,14.507011884075885,208,272,
198,1,Sick,4,7,PAC_52_DN7-dir.png,C:\Users\LENOVO\OneDrive\medtech project\Imagens e Matrizes da Tese de Thiago Alves Elias da Silva\Desenvolvimento da Metodologia\DOENTES\198\Segmentadas\PAC_52_DN7-dir.png,640,480,307200,46065,14.995117187500002,261135,85.0048828125,109,233,172.60277868229676,14.247424902162058,204,272,
198,1,Sick,4,8,PAC_52_DN8-dir.png,C:\Users\LENOVO\OneDrive\medtech project\Imagens e Matrizes da Tese de Thiago Alves Elias da Silva\Desenvolvimento da Metodologia\DOENTES\198\Segmentadas\PAC_52_DN8-dir.png,640,480,307200,45933,14.952148437500002,261267,85.0478515625,121,237,172.92806914418827,14.983412580884615,204,271,
198,1,Sick,4,9,PAC_52_DN9-dir.png,C:\Users\LENOVO\OneDrive\medtech project\Imagens e Matrizes da Tese de Thiago Alves Elias da Silva\Desenvolvimento da Metodologia\DOENTES\198\Segmentadas\PAC_52_DN9-dir.png,640,480,307200,45575,14.835611979166666,261625,85.16438802083334,110,238,173.18512342292925,14.759585978225052,201,272,
198,1,Sick,4,10,PAC_52_DN10-dir.png,C:\Users\LENOVO\OneDrive\medtech project\Imagens e Matrizes da Tese de Thiago Alves Elias da Silva\Desenvolvimento da Metodologia\DOENTES\198\Segmentadas\PAC_52_DN10-dir.png,640,480,307200,45740,14.889322916666666,261460,85.11067708333333,127,236,172.47046348928728,14.912750987792908,206,269,
198,1,Sick,4,11,PAC_52_DN11-dir.png,C:\Users\LENOVO\OneDrive\medtech project\Imagens e Matrizes da Tese de Thiago Alves Elias da Silva\Desenvolvimento da Metodologia\DOENTES\198\Segmentadas\PAC_52_DN11-dir.png,640,480,307200,46291,15.068684895833334,260909,84.93131510416667,123,239,173.59458642068654,15.281115419405472,207,273,
198,1,Sick,4,12,PAC_52_DN12-dir.png,C:\Users\LENOVO\OneDrive\medtech project\Imagens e Matrizes da Tese de Thiago Alves Elias da Silva\Desenvolvimento da Metodologia\DOENTES\198\Segmentadas\PAC_52_DN12-dir.png,640,480,307200,46141,15.019856770833334,261059,84.98014322916667,111,235,173.2560629375176,15.387986708557612,206,271,
198,1,Sick,4,13,PAC_52_DN13-dir.png,C:\Users\LENOVO\OneDrive\medtech project\Imagens e Matrizes da Tese de Thiago Alves Elias da Silva\Desenvolvimento da Metodologia\DOENTES\198\Segmentadas\PAC_52_DN13-dir.png,640,480,307200,45817,14.914388020833332,261383,85.08561197916666,114,232,172.0325206800969,14.990192968843909,204,272,
198,1,Sick,4,14,PAC_52_DN14-dir.png,C:\Users\LENOVO\OneDrive\medtech project\Imagens e Matrizes da Tese de Thiago Alves Elias da Silva\Desenvolvimento da Metodologia\DOENTES\198\Segmentadas\PAC_52_DN14-dir.png,640,480,307200,45886,14.936848958333334,261314,85.06315104166666,110,233,172.43812927690362,15.265149763509779,202,274,
198,1,Sick,4,15,PAC_52_DN15-dir.png,C:\Users\LENOVO\OneDrive\medtech project\Imagens e Matrizes da Tese de Thiago Alves Elias da Silva\Desenvolvimento da Metodologia\DOENTES\198\Segmentadas\PAC_52_DN15-dir.png,640,480,307200,46103,15.007486979166668,261097,84.99251302083334,110,231,171.32815651909854,15.292405745034443,204,272,
198,1,Sick,4,16,PAC_52_DN16-dir.png,C:\Users\LENOVO\OneDrive\medtech project\Imagens e Matrizes da Tese de Thiago Alves Elias da Silva\Desenvolvimento da Metodologia\DOENTES\198\Segmentadas\PAC_52_DN16-dir.png,640,480,307200,46545,15.1513671875,260655,84.8486328125,113,232,172.31681168761415,15.060180273172218,202,274,
198,1,Sick,4,17,PAC_52_DN17-dir.png,C:\Users\LENOVO\OneDrive\medtech project\Imagens e Matrizes da Tese de Thiago Alves Elias da Silva\Desenvolvimento da Metodologia\DOENTES\198\Segmentadas\PAC_52_DN17-dir.png,640,480,307200,46048,14.989583333333334,261152,85.01041666666667,117,231,171.44056202223766,15.315242903101597,203,272,
198,1,Sick,4,18,PAC_52_DN18-dir.png,C:\Users\LENOVO\OneDrive\medtech project\Imagens e Matrizes da Tese de Thiago Alves Elias da Silva\Desenvolvimento da Metodologia\DOENTES\198\Segmentadas\PAC_52_DN18-dir.png,640,480,307200,45634,14.854817708333334,261566,85.14518229166667,117,231,171.76585440680194,15.226979953004848,201,272,
198,1,Sick,4,19,PAC_52_DN19-dir.png,C:\Users\LENOVO\OneDrive\medtech project\Imagens e Matrizes da Tese de Thiago Alves Elias da Silva\Desenvolvimento da Metodologia\DOENTES\198\Segmentadas\PAC_52_DN19-dir.png,640,480,307200,46367,15.093424479166668,260833,84.90657552083334,110,232,171.29557659542348,15.675942048776752,205,274,
213,1,Sick,4,0,PAC_08_DN0-dir.png,C:\Users\LENOVO\OneDrive\medtech project\Imagens e Matrizes da Tese de Thiago Alves Elias da Silva\Desenvolvimento da Metodologia\DOENTES\213\Segmentadas\PAC_08_DN0-dir.png,640,480,307200,66854,21.762369791666668,240346,78.23763020833333,63,207,150.85966434319562,25.99441471925424,237,367,
213,1,Sick,4,1,PAC_08_DN1-dir.png,C:\Users\LENOVO\OneDrive\medtech project\Imagens e Matrizes da Tese de Thiago Alves Elias da Silva\Desenvolvimento da Metodologia\DOENTES\213\Segmentadas\PAC_08_DN1-dir.png,640,480,307200,68293,22.230794270833336,238907,77.76920572916667,75,211,153.9772597484369,25.089000550231386,241,370,
213,1,Sick,4,2,PAC_08_DN2-dir.png,C:\Users\LENOVO\OneDrive\medtech project\Imagens e Matrizes da Tese de Thiago Alves Elias da Silva\Desenvolvimento da Metodologia\DOENTES\213\Segmentadas\PAC_08_DN2-dir.png,640,480,307200,69024,22.46875,238176,77.53125,79,211,156.1550620074177,25.08178248520701,239,372,
213,1,Sick,4,3,PAC_08_DN3-dir.png,C:\Users\LENOVO\OneDrive\medtech project\Imagens e Matrizes da Tese de Thiago Alves Elias da Silva\Desenvolvimento da Metodologia\DOENTES\213\Segmentadas\PAC_08_DN3-dir.png,640,480,307200,68425,22.273763020833336,238775,77.72623697916666,82,209,157.93289002557546,25.094855148590053,236,365,
213,1,Sick,4,4,PAC_08_DN4-dir.png,C:\Users\LENOVO\OneDrive\medtech project\Imagens e Matrizes da Tese de Thiago Alves Elias da Silva\Desenvolvimento da Metodologia\DOENTES\213\Segmentadas\PAC_08_DN4-dir.png,640,480,307200,67662,22.025390625,239538,77.974609375,69,209,158.55678224113979,25.36486994046858,238,364,
213,1,Sick,4,5,PAC_08_DN5-dir.png,C:\Users\LENOVO\OneDrive\medtech project\Imagens e Matrizes da Tese de Thiago Alves Elias da Silva\Desenvolvimento da Metodologia\DOENTES\213\Segmentadas\PAC_08_DN5-dir.png,640,480,307200,68350,22.249348958333336,238850,77.75065104166666,54,213,159.68291148500367,25.275247538286262,238,359,
213,1,Sick,4,6,PAC_08_DN6-dir.png,C:\Users\LENOVO\OneDrive\medtech project\Imagens e Matrizes da Tese de Thiago Alves Elias da Silva\Desenvolvimento da Metodologia\DOENTES\213\Segmentadas\PAC_08_DN6-dir.png,640,480,307200,67271,21.898111979166668,239929,78.10188802083333,4,207,158.00462309167398,25.120189915771853,309,389,
213,1,Sick,4,7,PAC_08_DN7-dir.png,C:\Users\LENOVO\OneDrive\medtech project\Imagens e Matrizes da Tese de Thiago Alves Elias da Silva\Desenvolvimento da Metodologia\DOENTES\213\Segmentadas\PAC_08_DN7-dir.png,640,480,307200,66778,21.737630208333332,240422,78.26236979166666,82,211,157.44429303063885,25.832120907993577,238,363,
213,1,Sick,4,8,PAC_08_DN8-dir.png,C:\Users\LENOVO\OneDrive\medtech project\Imagens e Matrizes da Tese de Thiago Alves Elias da Silva\Desenvolvimento da Metodologia\DOENTES\213\Segmentadas\PAC_08_DN8-dir.png,640,480,307200,66575,21.671549479166664,240625,78.32845052083334,84,214,160.05434472399548,25.90441987952266,237,359,
213,1,Sick,4,9,PAC_08_DN9-dir.png,C:\Users\LENOVO\OneDrive\medtech project\Imagens e Matrizes da Tese de Thiago Alves Elias da Silva\Desenvolvimento da Metodologia\DOENTES\213\Segmentadas\PAC_08_DN9-dir.png,640,480,307200,67927,22.111653645833336,239273,77.88834635416667,82,212,158.580078613806,26.38035938516581,238,368,
213,1,Sick,4,10,PAC_08_DN10-dir.png,C:\Users\LENOVO\OneDrive\medtech project\Imagens e Matrizes da Tese de Thiago Alves Elias da Silva\Desenvolvimento da Metodologia\DOENTES\213\Segmentadas\PAC_08_DN10-dir.png,640,480,307200,67680,22.03125,239520,77.96875,84,215,162.32408392434988,26.644056666768808,235,372,
213,1,Sick,4,11,PAC_08_DN11-dir.png,C:\Users\LENOVO\OneDrive\medtech project\Imagens e Matrizes da Tese de Thiago Alves Elias da Silva\Desenvolvimento da Metodologia\DOENTES\213\Segmentadas\PAC_08_DN11-dir.png,640,480,307200,67300,21.907552083333336,239900,78.09244791666666,85,212,161.07578008915306,26.435243012472185,243,367,
213,1,Sick,4,12,PAC_08_DN12-dir.png,C:\Users\LENOVO\OneDrive\medtech project\Imagens e Matrizes da Tese de Thiago Alves Elias da Silva\Desenvolvimento da Metodologia\DOENTES\213\Segmentadas\PAC_08_DN12-dir.png,640,480,307200,65844,21.43359375,241356,78.56640625,85,219,162.42558167790534,26.602531983806013,238,360,
213,1,Sick,4,13,PAC_08_DN13-dir.png,C:\Users\LENOVO\OneDrive\medtech project\Imagens e Matrizes da Tese de Thiago Alves Elias da Silva\Desenvolvimento da Metodologia\DOENTES\213\Segmentadas\PAC_08_DN13-dir.png,640,480,307200,67569,21.9951171875,239631,78.0048828125,85,215,162.5583773623999,26.48630025126896,239,368,
213,1,Sick,4,14,PAC_08_DN14-dir.png,C:\Users\LENOVO\OneDrive\medtech project\Imagens e Matrizes da Tese de Thiago Alves Elias da Silva\Desenvolvimento da Metodologia\DOENTES\213\Segmentadas\PAC_08_DN14-dir.png,640,480,307200,64719,21.0673828125,242481,78.9326171875,86,217,161.71122854185015,26.869839786459693,238,355,
213,1,Sick,4,15,PAC_08_DN15-dir.png,C:\Users\LENOVO\OneDrive\medtech project\Imagens e Matrizes da Tese de Thiago Alves Elias da Silva\Desenvolvimento da Metodologia\DOENTES\213\Segmentadas\PAC_08_DN15-dir.png,640,480,307200,68972,22.451822916666668,238228,77.54817708333334,88,222,164.82655280403642,26.8656813211211,249,366,
213,1,Sick,4,16,PAC_08_DN16-dir.png,C:\Users\LENOVO\OneDrive\medtech project\Imagens e Matrizes da Tese de Thiago Alves Elias da Silva\Desenvolvimento da Metodologia\DOENTES\213\Segmentadas\PAC_08_DN16-dir.png,640,480,307200,64997,21.157877604166668,242203,78.84212239583334,87,221,162.27708971183284,26.998173248279116,238,359,
213,1,Sick,4,17,PAC_08_DN17-dir.png,C:\Users\LENOVO\OneDrive\medtech project\Imagens e Matrizes da Tese de Thiago Alves Elias da Silva\Desenvolvimento da Metodologia\DOENTES\213\Segmentadas\PAC_08_DN17-dir.png,640,480,307200,68151,22.1845703125,239049,77.8154296875,86,221,163.86126395797567,27.252288484409732,243,368,
213,1,Sick,4,18,PAC_08_DN18-dir.png,C:\Users\LENOVO\OneDrive\medtech project\Imagens e Matrizes da Tese de Thiago Alves Elias da Silva\Desenvolvimento da Metodologia\DOENTES\213\Segmentadas\PAC_08_DN18-dir.png,640,480,307200,65644,21.368489583333332,241556,78.63151041666666,86,219,162.22754554871733,26.79742765528106,241,358,
213,1,Sick,4,19,PAC_08_DN19-dir.png,C:\Users\LENOVO\OneDrive\medtech project\Imagens e Matrizes da Tese de Thiago Alves Elias da Silva\Desenvolvimento da Metodologia\DOENTES\213\Segmentadas\PAC_08_DN19-dir.png,640,480,307200,66557,21.665690104166664,240643,78.33430989583333,89,220,162.86327508751896,26.919782073346322,241,360,
261,1,Sick,4,0,PAC_49_DN0-esq.png,C:\Users\LENOVO\OneDrive\medtech project\Imagens e Matrizes da Tese de Thiago Alves Elias da Silva\Desenvolvimento da Metodologia\DOENTES\261\Segmentadas\PAC_49_DN0-esq.png,640,480,307200,52377,17.0498046875,254823,82.9501953125,80,230,176.41943983045994,14.996080036105873,226,292,
261,1,Sick,4,1,PAC_49_DN1-esq.png,C:\Users\LENOVO\OneDrive\medtech project\Imagens e Matrizes da Tese de Thiago Alves Elias da Silva\Desenvolvimento da Metodologia\DOENTES\261\Segmentadas\PAC_49_DN1-esq.png,640,480,307200,52004,16.928385416666668,255196,83.07161458333333,98,247,180.5666487193293,14.355095396947025,221,290,
261,1,Sick,4,2,PAC_49_DN2-esq.png,C:\Users\LENOVO\OneDrive\medtech project\Imagens e Matrizes da Tese de Thiago Alves Elias da Silva\Desenvolvimento da Metodologia\DOENTES\261\Segmentadas\PAC_49_DN2-esq.png,640,480,307200,52925,17.228190104166664,254275,82.77180989583334,87,246,181.6454416627303,14.216990183514612,224,292,
261,1,Sick,4,3,PAC_49_DN3-esq.png,C:\Users\LENOVO\OneDrive\medtech project\Imagens e Matrizes da Tese de Thiago Alves Elias da Silva\Desenvolvimento da Metodologia\DOENTES\261\Segmentadas\PAC_49_DN3-esq.png,640,480,307200,51957,16.9130859375,255243,83.0869140625,81,243,183.1438112285159,14.353327285577985,223,289,
261,1,Sick,4,4,PAC_49_DN4-esq.png,C:\Users\LENOVO\OneDrive\medtech project\Imagens e Matrizes da Tese de Thiago Alves Elias da Silva\Desenvolvimento da Metodologia\DOENTES\261\Segmentadas\PAC_49_DN4-esq.png,640,480,307200,50758,16.522786458333332,256442,83.47721354166666,108,249,185.16261476023485,13.654035161241696,219,285,
261,1,Sick,4,5,PAC_49_DN5-esq.png,C:\Users\LENOVO\OneDrive\medtech project\Imagens e Matrizes da Tese de Thiago Alves Elias da Silva\Desenvolvimento da Metodologia\DOENTES\261\Segmentadas\PAC_49_DN5-esq.png,640,480,307200,52387,17.053059895833332,254813,82.94694010416667,109,249,185.13686601637812,13.247014610250568,219,294,
261,1,Sick,4,6,PAC_49_DN6-esq.png,C:\Users\LENOVO\OneDrive\medtech project\Imagens e Matrizes da Tese de Thiago Alves Elias da Silva\Desenvolvimento da Metodologia\DOENTES\261\Segmentadas\PAC_49_DN6-esq.png,640,480,307200,53846,17.527994791666668,253354,82.47200520833333,82,244,183.8926568361624,13.871437306731883,228,289,
261,1,Sick,4,7,PAC_49_DN7-esq.png,C:\Users\LENOVO\OneDrive\medtech project\Imagens e Matrizes da Tese de Thiago Alves Elias da Silva\Desenvolvimento da Metodologia\DOENTES\261\Segmentadas\PAC_49_DN7-esq.png,640,480,307200,55078,17.929036458333332,252122,82.07096354166666,71,241,185.48658266458477,14.993031040614662,231,290,
261,1,Sick,4,8,PAC_49_DN8-esq.png,C:\Users\LENOVO\OneDrive\medtech project\Imagens e Matrizes da Tese de Thiago Alves Elias da Silva\Desenvolvimento da Metodologia\DOENTES\261\Segmentadas\PAC_49_DN8-esq.png,640,480,307200,54399,17.7080078125,252801,82.2919921875,108,251,186.48590966745712,13.304759187185292,226,292,
261,1,Sick,4,9,PAC_49_DN9-esq.png,C:\Users\LENOVO\OneDrive\medtech project\Imagens e Matrizes da Tese de Thiago Alves Elias da Silva\Desenvolvimento da Metodologia\DOENTES\261\Segmentadas\PAC_49_DN9-esq.png,640,480,307200,55722,18.138671875,251478,81.861328125,103,236,186.39894476149456,13.396215447377337,230,294,
261,1,Sick,4,10,PAC_49_DN10-esq.png,C:\Users\LENOVO\OneDrive\medtech project\Imagens e Matrizes da Tese de Thiago Alves Elias da Silva\Desenvolvimento da Metodologia\DOENTES\261\Segmentadas\PAC_49_DN10-esq.png,640,480,307200,55739,18.144205729166664,251461,81.85579427083334,100,240,186.81657367372935,13.750037813680649,228,296,
261,1,Sick,4,11,PAC_49_DN11-esq.png,C:\Users\LENOVO\OneDrive\medtech project\Imagens e Matrizes da Tese de Thiago Alves Elias da Silva\Desenvolvimento da Metodologia\DOENTES\261\Segmentadas\PAC_49_DN11-esq.png,640,480,307200,55281,17.9951171875,251919,82.0048828125,92,238,186.7424250646696,13.448562379569285,229,294,
261,1,Sick,4,12,PAC_49_DN12-esq.png,C:\Users\LENOVO\OneDrive\medtech project\Imagens e Matrizes da Tese de Thiago Alves Elias da Silva\Desenvolvimento da Metodologia\DOENTES\261\Segmentadas\PAC_49_DN12-esq.png,640,480,307200,57074,18.578776041666668,250126,81.42122395833333,105,243,187.50560675614116,13.653226802764594,234,295,
261,1,Sick,4,13,PAC_49_DN13-esq.png,C:\Users\LENOVO\OneDrive\medtech project\Imagens e Matrizes da Tese de Thiago Alves Elias da Silva\Desenvolvimento da Metodologia\DOENTES\261\Segmentadas\PAC_49_DN13-esq.png,640,480,307200,58747,19.123372395833332,248453,80.87662760416666,112,250,187.42242157046317,13.74228556514375,238,295,
261,1,Sick,4,14,PAC_49_DN14-esq.png,C:\Users\LENOVO\OneDrive\medtech project\Imagens e Matrizes da Tese de Thiago Alves Elias da Silva\Desenvolvimento da Metodologia\DOENTES\261\Segmentadas\PAC_49_DN14-esq.png,640,480,307200,57935,18.859049479166668,249265,81.14095052083333,99,240,187.49945628721844,13.52969285729946,236,296,
261,1,Sick,4,15,PAC_49_DN15-esq.png,C:\Users\LENOVO\OneDrive\medtech project\Imagens e Matrizes da Tese de Thiago Alves Elias da Silva\Desenvolvimento da Metodologia\DOENTES\261\Segmentadas\PAC_49_DN15-esq.png,640,480,307200,58984,19.200520833333336,248216,80.79947916666667,108,244,187.53938356164383,13.389590574972752,239,296,
261,1,Sick,4,16,PAC_49_DN16-esq.png,C:\Users\LENOVO\OneDrive\medtech project\Imagens e Matrizes da Tese de Thiago Alves Elias da Silva\Desenvolvimento da Metodologia\DOENTES\261\Segmentadas\PAC_49_DN16-esq.png,640,480,307200,57541,18.730794270833336,249659,81.26920572916667,101,247,188.45423263412175,13.989094657034565,235,295,
261,1,Sick,4,17,PAC_49_DN17-esq.png,C:\Users\LENOVO\OneDrive\medtech project\Imagens e Matrizes da Tese de Thiago Alves Elias da Silva\Desenvolvimento da Metodologia\DOENTES\261\Segmentadas\PAC_49_DN17-esq.png,640,480,307200,58935,19.1845703125,248265,80.8154296875,108,244,186.63919572410282,13.434511246738493,237,298,
261,1,Sick,4,18,PAC_49_DN18-esq.png,C:\Users\LENOVO\OneDrive\medtech project\Imagens e Matrizes da Tese de Thiago Alves Elias da Silva\Desenvolvimento da Metodologia\DOENTES\261\Segmentadas\PAC_49_DN18-esq.png,640,480,307200,58576,19.067708333333332,248624,80.93229166666667,86,242,186.42997131931168,13.676966866618441,238,298,
261,1,Sick,4,19,PAC_49_DN19-esq.png,C:\Users\LENOVO\OneDrive\medtech project\Imagens e Matrizes da Tese de Thiago Alves Elias da Silva\Desenvolvimento da Metodologia\DOENTES\261\Segmentadas\PAC_49_DN19-esq.png,640,480,307200,58034,18.891276041666664,249166,81.10872395833333,85,243,188.02960333597545,13.9368929179712,234,298,
270,1,Sick,4,0,PAC_30_DN0-esq.png,C:\Users\LENOVO\OneDrive\medtech project\Imagens e Matrizes da Tese de Thiago Alves Elias da Silva\Desenvolvimento da Metodologia\DOENTES\270\Segmentadas\PAC_30_DN0-esq.png,640,480,307200,56314,18.331380208333332,250886,81.66861979166666,71,253,133.2044251873424,22.646076370148325,248,323,
270,1,Sick,4,1,PAC_30_DN1-esq.png,C:\Users\LENOVO\OneDrive\medtech project\Imagens e Matrizes da Tese de Thiago Alves Elias da Silva\Desenvolvimento da Metodologia\DOENTES\270\Segmentadas\PAC_30_DN1-esq.png,640,480,307200,56166,18.283203125,251034,81.716796875,69,253,139.6697290175551,22.91159843925387,245,327,
270,1,Sick,4,2,PAC_30_DN2-esq.png,C:\Users\LENOVO\OneDrive\medtech project\Imagens e Matrizes da Tese de Thiago Alves Elias da Silva\Desenvolvimento da Metodologia\DOENTES\270\Segmentadas\PAC_30_DN2-esq.png,640,480,307200,52077,16.9521484375,255123,83.0478515625,87,242,142.3774795015074,21.98912421124095,241,314,
270,1,Sick,4,3,PAC_30_DN3-esq.png,C:\Users\LENOVO\OneDrive\medtech project\Imagens e Matrizes da Tese de Thiago Alves Elias da Silva\Desenvolvimento da Metodologia\DOENTES\270\Segmentadas\PAC_30_DN3-esq.png,640,480,307200,55959,18.2158203125,251241,81.7841796875,77,208,147.3510784681642,21.344272152582757,240,332,
270,1,Sick,4,4,PAC_30_DN4-esq.png,C:\Users\LENOVO\OneDrive\medtech project\Imagens e Matrizes da Tese de Thiago Alves Elias da Silva\Desenvolvimento da Metodologia\DOENTES\270\Segmentadas\PAC_30_DN4-esq.png,640,480,307200,59764,19.454427083333332,247436,80.54557291666666,80,244,149.30893179840706,22.022190222471806,241,339,
270,1,Sick,4,5,PAC_30_DN5-esq.png,C:\Users\LENOVO\OneDrive\medtech project\Imagens e Matrizes da Tese de Thiago Alves Elias da Silva\Desenvolvimento da Metodologia\DOENTES\270\Segmentadas\PAC_30_DN5-esq.png,640,480,307200,54655,17.791341145833332,252545,82.20865885416667,73,220,150.96000365931755,22.46696171358369,248,324,
270,1,Sick,4,6,PAC_30_DN6-esq.png,C:\Users\LENOVO\OneDrive\medtech project\Imagens e Matrizes da Tese de Thiago Alves Elias da Silva\Desenvolvimento da Metodologia\DOENTES\270\Segmentadas\PAC_30_DN6-esq.png,640,480,307200,55781,18.157877604166668,251419,81.84212239583334,80,213,154.43025402914972,22.208062513659527,244,325,
270,1,Sick,4,7,PAC_30_DN7-esq.png,C:\Users\LENOVO\OneDrive\medtech project\Imagens e Matrizes da Tese de Thiago Alves Elias da Silva\Desenvolvimento da Metodologia\DOENTES\270\Segmentadas\PAC_30_DN7-esq.png,640,480,307200,54607,17.775716145833336,252593,82.22428385416667,89,233,160.1634222718699,22.347413323723966,243,322,
270,1,Sick,4,8,PAC_30_DN8-esq.png,C:\Users\LENOVO\OneDrive\medtech project\Imagens e Matrizes da Tese de Thiago Alves Elias da Silva\Desenvolvimento da Metodologia\DOENTES\270\Segmentadas\PAC_30_DN8-esq.png,640,480,307200,56592,18.421875,250608,81.578125,81,222,162.51632739609838,22.666242150972035,247,326,
270,1,Sick,4,9,PAC_30_DN9-esq.png,C:\Users\LENOVO\OneDrive\medtech project\Imagens e Matrizes da Tese de Thiago Alves Elias da Silva\Desenvolvimento da Metodologia\DOENTES\270\Segmentadas\PAC_30_DN9-esq.png,640,480,307200,53772,17.50390625,253428,82.49609375,85,221,162.74092464479654,22.20284857423556,240,315,
270,1,Sick,4,10,PAC_30_DN10-esq.png,C:\Users\LENOVO\OneDrive\medtech project\Imagens e Matrizes da Tese de Thiago Alves Elias da Silva\Desenvolvimento da Metodologia\DOENTES\270\Segmentadas\PAC_30_DN10-esq.png,640,480,307200,54140,17.623697916666668,253060,82.37630208333333,95,224,165.51523827114886,22.049743285384388,239,324,
270,1,Sick,4,11,PAC_30_DN11-esq.png,C:\Users\LENOVO\OneDrive\medtech project\Imagens e Matrizes da Tese de Thiago Alves Elias da Silva\Desenvolvimento da Metodologia\DOENTES\270\Segmentadas\PAC_30_DN11-esq.png,640,480,307200,55744,18.145833333333332,251456,81.85416666666666,96,251,168.18681831228474,22.480049387071542,241,324,
270,1,Sick,4,12,PAC_30_DN12-esq.png,C:\Users\LENOVO\OneDrive\medtech project\Imagens e Matrizes da Tese de Thiago Alves Elias da Silva\Desenvolvimento da Metodologia\DOENTES\270\Segmentadas\PAC_30_DN12-esq.png,640,480,307200,56244,18.30859375,250956,81.69140625,86,231,169.45498186473225,22.25186569446069,240,328,
270,1,Sick,4,13,PAC_30_DN13-esq.png,C:\Users\LENOVO\OneDrive\medtech project\Imagens e Matrizes da Tese de Thiago Alves Elias da Silva\Desenvolvimento da Metodologia\DOENTES\270\Segmentadas\PAC_30_DN13-esq.png,640,480,307200,54988,17.899739583333332,252212,82.10026041666667,87,222,166.78342547464902,21.458771277352213,244,322,
270,1,Sick,4,14,PAC_30_DN14-esq.png,C:\Users\LENOVO\OneDrive\medtech project\Imagens e Matrizes da Tese de Thiago Alves Elias da Silva\Desenvolvimento da Metodologia\DOENTES\270\Segmentadas\PAC_30_DN14-esq.png,640,480,307200,54302,17.676432291666664,252898,82.32356770833333,99,229,166.54447350005523,21.59326064577822,237,319,
270,1,Sick,4,15,PAC_30_DN15-esq.png,C:\Users\LENOVO\OneDrive\medtech project\Imagens e Matrizes da Tese de Thiago Alves Elias da Silva\Desenvolvimento da Metodologia\DOENTES\270\Segmentadas\PAC_30_DN15-esq.png,640,480,307200,54349,17.691731770833332,252851,82.30826822916667,91,241,168.40514084895767,22.20461725800527,240,319,
270,1,Sick,4,16,PAC_30_DN16-esq.png,C:\Users\LENOVO\OneDrive\medtech project\Imagens e Matrizes da Tese de Thiago Alves Elias da Silva\Desenvolvimento da Metodologia\DOENTES\270\Segmentadas\PAC_30_DN16-esq.png,640,480,307200,58588,19.071614583333332,248612,80.92838541666667,98,255,169.35493616440226,22.918111747820063,241,332,
270,1,Sick,4,17,PAC_30_DN17-esq.png,C:\Users\LENOVO\OneDrive\medtech project\Imagens e Matrizes da Tese de Thiago Alves Elias da Silva\Desenvolvimento da Metodologia\DOENTES\270\Segmentadas\PAC_30_DN17-esq.png,640,480,307200,58728,19.1171875,248472,80.8828125,95,254,170.1597534395859,22.490495500161025,244,328,
270,1,Sick,4,18,PAC_30_DN18-esq.png,C:\Users\LENOVO\OneDrive\medtech project\Imagens e Matrizes da Tese de Thiago Alves Elias da Silva\Desenvolvimento da Metodologia\DOENTES\270\Segmentadas\PAC_30_DN18-esq.png,640,480,307200,54937,17.883138020833332,252263,82.11686197916667,98,237,171.51579081493347,22.105850593404984,247,317,
270,1,Sick,4,19,PAC_30_DN19-esq.png,C:\Users\LENOVO\OneDrive\medtech project\Imagens e Matrizes da Tese de Thiago Alves Elias da Silva\Desenvolvimento da Metodologia\DOENTES\270\Segmentadas\PAC_30_DN19-esq.png,640,480,307200,56109,18.2646484375,251091,81.7353515625,90,228,170.30194799408295,21.80164779397101,242,327,
280,1,Sick,4,0,PAC_64_DN0-esq.png,C:\Users\LENOVO\OneDrive\medtech project\Imagens e Matrizes da Tese de Thiago Alves Elias da Silva\12 Novos Casos de Testes\DOENTES\280\Segmentadas\PAC_64_DN0-esq.png,640,480,307200,51972,16.91796875,255228,83.08203125,1,213,129.39384668667745,18.98427620070935,242,283,
280,1,Sick,4,1,PAC_64_DN1-esq.png,C:\Users\LENOVO\OneDrive\medtech project\Imagens e Matrizes da Tese de Thiago Alves Elias da Silva\12 Novos Casos de Testes\DOENTES\280\Segmentadas\PAC_64_DN1-esq.png,640,480,307200,51037,16.613606770833332,256163,83.38639322916667,1,222,135.29762721163078,19.575478191058128,241,277,
280,1,Sick,4,2,PAC_64_DN2-esq.png,C:\Users\LENOVO\OneDrive\medtech project\Imagens e Matrizes da Tese de Thiago Alves Elias da Silva\12 Novos Casos de Testes\DOENTES\280\Segmentadas\PAC_64_DN2-esq.png,640,480,307200,51466,16.753255208333336,255734,83.24674479166667,1,234,142.91318540395602,20.984194491533252,237,283,
280,1,Sick,4,3,PAC_64_DN3-esq.png,C:\Users\LENOVO\OneDrive\medtech project\Imagens e Matrizes da Tese de Thiago Alves Elias da Silva\12 Novos Casos de Testes\DOENTES\280\Segmentadas\PAC_64_DN3-esq.png,640,480,307200,51936,16.90625,255264,83.09375,1,241,147.60002695625386,21.29205922506406,240,286,
280,1,Sick,4,4,PAC_64_DN4-esq.png,C:\Users\LENOVO\OneDrive\medtech project\Imagens e Matrizes da Tese de Thiago Alves Elias da Silva\12 Novos Casos de Testes\DOENTES\280\Segmentadas\PAC_64_DN4-esq.png,640,480,307200,50057,16.294596354166664,257143,83.70540364583333,1,250,152.4038795772819,22.185461306478782,235,276,
280,1,Sick,4,5,PAC_64_DN5-esq.png,C:\Users\LENOVO\OneDrive\medtech project\Imagens e Matrizes da Tese de Thiago Alves Elias da Silva\12 Novos Casos de Testes\DOENTES\280\Segmentadas\PAC_64_DN5-esq.png,640,480,307200,51109,16.637044270833336,256091,83.36295572916667,1,253,155.23291396818564,22.361262264288534,241,279,
280,1,Sick,4,6,PAC_64_DN6-esq.png,C:\Users\LENOVO\OneDrive\medtech project\Imagens e Matrizes da Tese de Thiago Alves Elias da Silva\12 Novos Casos de Testes\DOENTES\280\Segmentadas\PAC_64_DN6-esq.png,640,480,307200,50804,16.537760416666668,256396,83.46223958333333,1,255,157.33560349578772,22.634325506506563,238,279,
280,1,Sick,4,7,PAC_64_DN7-esq.png,C:\Users\LENOVO\OneDrive\medtech project\Imagens e Matrizes da Tese de Thiago Alves Elias da Silva\12 Novos Casos de Testes\DOENTES\280\Segmentadas\PAC_64_DN7-esq.png,640,480,307200,48648,15.8359375,258552,84.1640625,1,255,158.25639286301595,22.61020854434827,228,279,
280,1,Sick,4,8,PAC_64_DN8-esq.png,C:\Users\LENOVO\OneDrive\medtech project\Imagens e Matrizes da Tese de Thiago Alves Elias da Silva\12 Novos Casos de Testes\DOENTES\280\Segmentadas\PAC_64_DN8-esq.png,640,480,307200,48725,15.861002604166666,258475,84.13899739583334,1,255,158.7025141097999,23.12231599590092,230,277,
280,1,Sick,4,9,PAC_64_DN9-esq.png,C:\Users\LENOVO\OneDrive\medtech project\Imagens e Matrizes da Tese de Thiago Alves Elias da Silva\12 Novos Casos de Testes\DOENTES\280\Segmentadas\PAC_64_DN9-esq.png,640,480,307200,46709,15.204752604166666,260491,84.79524739583333,1,255,160.30889122010748,23.321126815618616,224,272,
280,1,Sick,4,10,PAC_64_DN10-esq.png,C:\Users\LENOVO\OneDrive\medtech project\Imagens e Matrizes da Tese de Thiago Alves Elias da Silva\12 Novos Casos de Testes\DOENTES\280\Segmentadas\PAC_64_DN10-esq.png,640,480,307200,49053,15.9677734375,258147,84.0322265625,1,255,160.7786679713779,22.700539564678557,234,277,
280,1,Sick,4,11,PAC_64_DN11-esq.png,C:\Users\LENOVO\OneDrive\medtech project\Imagens e Matrizes da Tese de Thiago Alves Elias da Silva\12 Novos Casos de Testes\DOENTES\280\Segmentadas\PAC_64_DN11-esq.png,640,480,307200,46992,15.296874999999998,260208,84.703125,1,249,159.26959908069458,23.08514804939203,231,271,
280,1,Sick,4,12,PAC_64_DN12-esq.png,C:\Users\LENOVO\OneDrive\medtech project\Imagens e Matrizes da Tese de Thiago Alves Elias da Silva\12 Novos Casos de Testes\DOENTES\280\Segmentadas\PAC_64_DN12-esq.png,640,480,307200,47459,15.448893229166666,259741,84.55110677083333,1,253,160.61448829516004,23.377325564572576,232,277,
280,1,Sick,4,13,PAC_64_DN13-esq.png,C:\Users\LENOVO\OneDrive\medtech project\Imagens e Matrizes da Tese de Thiago Alves Elias da Silva\12 Novos Casos de Testes\DOENTES\280\Segmentadas\PAC_64_DN13-esq.png,640,480,307200,47321,15.403971354166668,259879,84.59602864583333,1,253,160.62350753365314,23.366889065984804,229,275,
280,1,Sick,4,14,PAC_64_DN14-esq.png,C:\Users\LENOVO\OneDrive\medtech project\Imagens e Matrizes da Tese de Thiago Alves Elias da Silva\12 Novos Casos de Testes\DOENTES\280\Segmentadas\PAC_64_DN14-esq.png,640,480,307200,47143,15.346028645833334,260057,84.65397135416667,1,247,156.67891309420276,22.551706941581557,233,275,
280,1,Sick,4,15,PAC_64_DN15-esq.png,C:\Users\LENOVO\OneDrive\medtech project\Imagens e Matrizes da Tese de Thiago Alves Elias da Silva\12 Novos Casos de Testes\DOENTES\280\Segmentadas\PAC_64_DN15-esq.png,640,480,307200,47120,15.338541666666666,260080,84.66145833333333,1,249,155.95222835314092,23.287681672935523,231,275,
280,1,Sick,4,16,PAC_64_DN16-esq.png,C:\Users\LENOVO\OneDrive\medtech project\Imagens e Matrizes da Tese de Thiago Alves Elias da Silva\12 Novos Casos de Testes\DOENTES\280\Segmentadas\PAC_64_DN16-esq.png,640,480,307200,45842,14.922526041666668,261358,85.07747395833334,1,255,160.7901487718686,23.831408359850947,222,275,
280,1,Sick,4,17,PAC_64_DN17-esq.png,C:\Users\LENOVO\OneDrive\medtech project\Imagens e Matrizes da Tese de Thiago Alves Elias da Silva\12 Novos Casos de Testes\DOENTES\280\Segmentadas\PAC_64_DN17-esq.png,640,480,307200,47430,15.439453125,259770,84.560546875,1,255,161.51825848619018,23.63711426420332,230,280,
280,1,Sick,4,18,PAC_64_DN18-esq.png,C:\Users\LENOVO\OneDrive\medtech project\Imagens e Matrizes da Tese de Thiago Alves Elias da Silva\12 Novos Casos de Testes\DOENTES\280\Segmentadas\PAC_64_DN18-esq.png,640,480,307200,45467,14.800455729166668,261733,85.19954427083334,1,255,163.84731783491324,23.03282366025494,227,272,
280,1,Sick,4,19,PAC_64_DN19-esq.png,C:\Users\LENOVO\OneDrive\medtech project\Imagens e Matrizes da Tese de Thiago Alves Elias da Silva\12 Novos Casos de Testes\DOENTES\280\Segmentadas\PAC_64_DN19-esq.png,640,480,307200,47986,15.620442708333334,259214,84.37955729166666,1,255,160.79341891384988,23.29374895763347,233,281,
550,1,Sick,4,0,PAC_31_DN0-dir.png,C:\Users\LENOVO\OneDrive\medtech project\Imagens e Matrizes da Tese de Thiago Alves Elias da Silva\Desenvolvimento da Metodologia\DOENTES\550\Segmentadas\PAC_31_DN0-dir.png,640,480,307200,47467,15.451497395833332,259733,84.54850260416666,112,230,172.18785682684813,13.276467993014592,225,274,
550,1,Sick,4,1,PAC_31_DN1-dir.png,C:\Users\LENOVO\OneDrive\medtech project\Imagens e Matrizes da Tese de Thiago Alves Elias da Silva\Desenvolvimento da Metodologia\DOENTES\550\Segmentadas\PAC_31_DN1-dir.png,640,480,307200,46154,15.024088541666666,261046,84.97591145833333,122,253,173.78771070763096,13.937040777574373,215,271,
550,1,Sick,4,2,PAC_31_DN2-dir.png,C:\Users\LENOVO\OneDrive\medtech project\Imagens e Matrizes da Tese de Thiago Alves Elias da Silva\Desenvolvimento da Metodologia\DOENTES\550\Segmentadas\PAC_31_DN2-dir.png,640,480,307200,42574,13.858723958333332,264626,86.14127604166667,113,228,174.74815615164184,13.444038966516542,211,258,
550,1,Sick,4,3,PAC_31_DN3-dir.png,C:\Users\LENOVO\OneDrive\medtech project\Imagens e Matrizes da Tese de Thiago Alves Elias da Silva\Desenvolvimento da Metodologia\DOENTES\550\Segmentadas\PAC_31_DN3-dir.png,640,480,307200,46602,15.169921875,260598,84.830078125,119,227,175.3024548302648,12.9750050217533,212,276,
550,1,Sick,4,4,PAC_31_DN4-dir.png,C:\Users\LENOVO\OneDrive\medtech project\Imagens e Matrizes da Tese de Thiago Alves Elias da Silva\Desenvolvimento da Metodologia\DOENTES\550\Segmentadas\PAC_31_DN4-dir.png,640,480,307200,43255,14.080403645833334,263945,85.91959635416667,127,225,176.4391862212461,13.089118415979161,208,265,
550,1,Sick,4,5,PAC_31_DN5-dir.png,C:\Users\LENOVO\OneDrive\medtech project\Imagens e Matrizes da Tese de Thiago Alves Elias da Silva\Desenvolvimento da Metodologia\DOENTES\550\Segmentadas\PAC_31_DN5-dir.png,640,480,307200,47115,15.336914062500002,260085,84.6630859375,107,231,176.34952775124694,12.949381019530357,217,270,
550,1,Sick,4,6,PAC_31_DN6-dir.png,C:\Users\LENOVO\OneDrive\medtech project\Imagens e Matrizes da Tese de Thiago Alves Elias da Silva\Desenvolvimento da Metodologia\DOENTES\550\Segmentadas\PAC_31_DN6-dir.png,640,480,307200,45825,14.9169921875,261375,85.0830078125,120,222,178.86551009274413,12.75124900117831,215,269,
550,1,Sick,4,7,PAC_31_DN7-dir.png,C:\Users\LENOVO\OneDrive\medtech project\Imagens e Matrizes da Tese de Thiago Alves Elias da Silva\Desenvolvimento da Metodologia\DOENTES\550\Segmentadas\PAC_31_DN7-dir.png,640,480,307200,47316,15.40234375,259884,84.59765625,140,233,179.49397666751204,12.856469536011355,221,275,
550,1,Sick,4,8,PAC_31_DN8-dir.png,C:\Users\LENOVO\OneDrive\medtech project\Imagens e Matrizes da Tese de Thiago Alves Elias da Silva\Desenvolvimento da Metodologia\DOENTES\550\Segmentadas\PAC_31_DN8-dir.png,640,480,307200,46220,15.045572916666666,260980,84.95442708333333,113,249,180.72425356988316,13.352518786163039,215,276,
550,1,Sick,4,9,PAC_31_DN9-dir.png,C:\Users\LENOVO\OneDrive\medtech project\Imagens e Matrizes da Tese de Thiago Alves Elias da Silva\Desenvolvimento da Metodologia\DOENTES\550\Segmentadas\PAC_31_DN9-dir.png,640,480,307200,46002,14.974609375,261198,85.025390625,134,232,181.11219077431417,13.179883027768621,221,272,
550,1,Sick,4,10,PAC_31_DN10-dir.png,C:\Users\LENOVO\OneDrive\medtech project\Imagens e Matrizes da Tese de Thiago Alves Elias da Silva\Desenvolvimento da Metodologia\DOENTES\550\Segmentadas\PAC_31_DN10-dir.png,640,480,307200,46814,15.238932291666666,260386,84.76106770833334,123,226,181.95866621096252,12.93002074202034,213,276,
550,1,Sick,4,11,PAC_31_DN11-dir.png,C:\Users\LENOVO\OneDrive\medtech project\Imagens e Matrizes da Tese de Thiago Alves Elias da Silva\Desenvolvimento da Metodologia\DOENTES\550\Segmentadas\PAC_31_DN11-dir.png,640,480,307200,44670,14.541015625,262530,85.458984375,134,234,182.60496977837474,12.903453459701577,214,266,
550,1,Sick,4,12,PAC_31_DN12-dir.png,C:\Users\LENOVO\OneDrive\medtech project\Imagens e Matrizes da Tese de Thiago Alves Elias da Silva\Desenvolvimento da Metodologia\DOENTES\550\Segmentadas\PAC_31_DN12-dir.png,640,480,307200,46619,15.175455729166668,260581,84.82454427083333,128,243,184.41408009609816,13.371845445699373,216,279,
550,1,Sick,4,13,PAC_31_DN13-dir.png,C:\Users\LENOVO\OneDrive\medtech project\Imagens e Matrizes da Tese de Thiago Alves Elias da Silva\Desenvolvimento da Metodologia\DOENTES\550\Segmentadas\PAC_31_DN13-dir.png,640,480,307200,44078,14.348307291666668,263122,85.65169270833334,127,234,183.7561822224239,13.108125948680948,211,261,
550,1,Sick,4,14,PAC_31_DN14-dir.png,C:\Users\LENOVO\OneDrive\medtech project\Imagens e Matrizes da Tese de Thiago Alves Elias da Silva\Desenvolvimento da Metodologia\DOENTES\550\Segmentadas\PAC_31_DN14-dir.png,640,480,307200,44447,14.468424479166666,262753,85.53157552083334,121,239,184.4965464485792,13.210106861763347,207,268,
550,1,Sick,4,15,PAC_31_DN15-dir.png,C:\Users\LENOVO\OneDrive\medtech project\Imagens e Matrizes da Tese de Thiago Alves Elias da Silva\Desenvolvimento da Metodologia\DOENTES\550\Segmentadas\PAC_31_DN15-dir.png,640,480,307200,46480,15.130208333333334,260720,84.86979166666667,112,233,185.0855851979346,13.39061436121571,218,271,
550,1,Sick,4,16,PAC_31_DN16-dir.png,C:\Users\LENOVO\OneDrive\medtech project\Imagens e Matrizes da Tese de Thiago Alves Elias da Silva\Desenvolvimento da Metodologia\DOENTES\550\Segmentadas\PAC_31_DN16-dir.png,640,480,307200,46265,15.060221354166666,260935,84.93977864583333,138,232,185.36734032205771,12.99274798033694,217,273,
550,1,Sick,4,17,PAC_31_DN17-dir.png,C:\Users\LENOVO\OneDrive\medtech project\Imagens e Matrizes da Tese de Thiago Alves Elias da Silva\Desenvolvimento da Metodologia\DOENTES\550\Segmentadas\PAC_31_DN17-dir.png,640,480,307200,42976,13.989583333333332,264224,86.01041666666667,130,230,186.70862807148177,13.408288146026193,213,260,
550,1,Sick,4,18,PAC_31_DN18-dir.png,C:\Users\LENOVO\OneDrive\medtech project\Imagens e Matrizes da Tese de Thiago Alves Elias da Silva\Desenvolvimento da Metodologia\DOENTES\550\Segmentadas\PAC_31_DN18-dir.png,640,480,307200,45270,14.736328125,261930,85.263671875,116,241,187.0742876076872,13.51942794577123,220,266,
550,1,Sick,4,19,PAC_31_DN19-dir.png,C:\Users\LENOVO\OneDrive\medtech project\Imagens e Matrizes da Tese de Thiago Alves Elias da Silva\Desenvolvimento da Metodologia\DOENTES\550\Segmentadas\PAC_31_DN19-dir.png,640,480,307200,43819,14.263997395833334,263381,85.73600260416666,124,236,187.7741847143933,13.438611675037613,209,265,
226,0,Healthy,5,0,PAC_37_DN0-dir.png,C:\Users\LENOVO\OneDrive\medtech project\Imagens e Matrizes da Tese de Thiago Alves Elias da Silva\Desenvolvimento da Metodologia\SAUDAΓòá├╝VEIS\226\Segmentadas\PAC_37_DN0-dir.png,640,480,307200,44033,14.333658854166668,263167,85.66634114583334,1,218,135.92251266095883,24.983567198538168,219,265,
226,0,Healthy,5,1,PAC_37_DN1-dir.png,C:\Users\LENOVO\OneDrive\medtech project\Imagens e Matrizes da Tese de Thiago Alves Elias da Silva\Desenvolvimento da Metodologia\SAUDAΓòá├╝VEIS\226\Segmentadas\PAC_37_DN1-dir.png,640,480,307200,41857,13.625325520833334,265343,86.37467447916667,1,204,129.3622810999355,24.383944191683476,214,263,
226,0,Healthy,5,2,PAC_37_DN2-dir.png,C:\Users\LENOVO\OneDrive\medtech project\Imagens e Matrizes da Tese de Thiago Alves Elias da Silva\Desenvolvimento da Metodologia\SAUDAΓòá├╝VEIS\226\Segmentadas\PAC_37_DN2-dir.png,640,480,307200,38773,12.621419270833334,268427,87.37858072916667,1,198,127.02661645990767,23.48011115682587,208,247,
226,0,Healthy,5,3,PAC_37_DN3-dir.png,C:\Users\LENOVO\OneDrive\medtech project\Imagens e Matrizes da Tese de Thiago Alves Elias da Silva\Desenvolvimento da Metodologia\SAUDAΓòá├╝VEIS\226\Segmentadas\PAC_37_DN3-dir.png,640,480,307200,40415,13.155924479166666,266785,86.84407552083333,1,211,123.43313126314487,23.31468613480004,208,253,
226,0,Healthy,5,4,PAC_37_DN4-dir.png,C:\Users\LENOVO\OneDrive\medtech project\Imagens e Matrizes da Tese de Thiago Alves Elias da Silva\Desenvolvimento da Metodologia\SAUDAΓòá├╝VEIS\226\Segmentadas\PAC_37_DN4-dir.png,640,480,307200,38408,12.502604166666668,268792,87.49739583333334,1,215,124.22583836700687,23.431300775238633,204,240,
226,0,Healthy,5,5,PAC_37_DN5-dir.png,C:\Users\LENOVO\OneDrive\medtech project\Imagens e Matrizes da Tese de Thiago Alves Elias da Silva\Desenvolvimento da Metodologia\SAUDAΓòá├╝VEIS\226\Segmentadas\PAC_37_DN5-dir.png,640,480,307200,37530,12.216796875,269670,87.783203125,1,203,125.06413535837996,22.80118581942569,203,236,
226,0,Healthy,5,6,PAC_37_DN6-dir.png,C:\Users\LENOVO\OneDrive\medtech project\Imagens e Matrizes da Tese de Thiago Alves Elias da Silva\Desenvolvimento da Metodologia\SAUDAΓòá├╝VEIS\226\Segmentadas\PAC_37_DN6-dir.png,640,480,307200,36733,11.957356770833332,270467,88.04264322916666,1,203,123.76481637764408,22.701340553995458,203,232,
226,0,Healthy,5,7,PAC_37_DN7-dir.png,C:\Users\LENOVO\OneDrive\medtech project\Imagens e Matrizes da Tese de Thiago Alves Elias da Silva\Desenvolvimento da Metodologia\SAUDAΓòá├╝VEIS\226\Segmentadas\PAC_37_DN7-dir.png,640,480,307200,36338,11.828776041666666,270862,88.17122395833333,1,224,125.02771203698607,23.867583486208925,207,230,
226,0,Healthy,5,8,PAC_37_DN8-dir.png,C:\Users\LENOVO\OneDrive\medtech project\Imagens e Matrizes da Tese de Thiago Alves Elias da Silva\Desenvolvimento da Metodologia\SAUDAΓòá├╝VEIS\226\Segmentadas\PAC_37_DN8-dir.png,640,480,307200,37205,12.111002604166666,269995,87.88899739583333,1,201,126.40986426555571,23.899401099792453,212,233,
226,0,Healthy,5,9,PAC_37_DN9-dir.png,C:\Users\LENOVO\OneDrive\medtech project\Imagens e Matrizes da Tese de Thiago Alves Elias da Silva\Desenvolvimento da Metodologia\SAUDAΓòá├╝VEIS\226\Segmentadas\PAC_37_DN9-dir.png,640,480,307200,36291,11.8134765625,270909,88.1865234375,1,214,126.40979857264887,23.769895855005366,207,229,
226,0,Healthy,5,10,PAC_37_DN10-dir.png,C:\Users\LENOVO\OneDrive\medtech project\Imagens e Matrizes da Tese de Thiago Alves Elias da Silva\Desenvolvimento da Metodologia\SAUDAΓòá├╝VEIS\226\Segmentadas\PAC_37_DN10-dir.png,640,480,307200,35606,11.590494791666666,271594,88.40950520833334,1,214,127.43638712576532,23.911083519867542,201,227,
226,0,Healthy,5,11,PAC_37_DN11-dir.png,C:\Users\LENOVO\OneDrive\medtech project\Imagens e Matrizes da Tese de Thiago Alves Elias da Silva\Desenvolvimento da Metodologia\SAUDAΓòá├╝VEIS\226\Segmentadas\PAC_37_DN11-dir.png,640,480,307200,35377,11.515950520833334,271823,88.48404947916667,1,194,125.81694321169121,23.291154886089956,202,227,
226,0,Healthy,5,12,PAC_37_DN12-dir.png,C:\Users\LENOVO\OneDrive\medtech project\Imagens e Matrizes da Tese de Thiago Alves Elias da Silva\Desenvolvimento da Metodologia\SAUDAΓòá├╝VEIS\226\Segmentadas\PAC_37_DN12-dir.png,640,480,307200,36029,11.728190104166666,271171,88.27180989583333,1,202,127.19645285742041,24.22686881489602,210,225,
226,0,Healthy,5,13,PAC_37_DN13-dir.png,C:\Users\LENOVO\OneDrive\medtech project\Imagens e Matrizes da Tese de Thiago Alves Elias da Silva\Desenvolvimento da Metodologia\SAUDAΓòá├╝VEIS\226\Segmentadas\PAC_37_DN13-dir.png,640,480,307200,36017,11.724283854166668,271183,88.27571614583334,1,196,126.11197490074132,23.699681744038866,206,229,
226,0,Healthy,5,14,PAC_37_DN14-dir.png,C:\Users\LENOVO\OneDrive\medtech project\Imagens e Matrizes da Tese de Thiago Alves Elias da Silva\Desenvolvimento da Metodologia\SAUDAΓòá├╝VEIS\226\Segmentadas\PAC_37_DN14-dir.png,640,480,307200,35833,11.664388020833332,271367,88.33561197916666,1,213,126.82072391371082,24.03206395560247,212,224,
226,0,Healthy,5,15,PAC_37_DN15-dir.png,C:\Users\LENOVO\OneDrive\medtech project\Imagens e Matrizes da Tese de Thiago Alves Elias da Silva\Desenvolvimento da Metodologia\SAUDAΓòá├╝VEIS\226\Segmentadas\PAC_37_DN15-dir.png,640,480,307200,34590,11.259765625,272610,88.740234375,1,199,125.85143104943626,23.719033008581675,208,223,
226,0,Healthy,5,16,PAC_37_DN16-dir.png,C:\Users\LENOVO\OneDrive\medtech project\Imagens e Matrizes da Tese de Thiago Alves Elias da Silva\Desenvolvimento da Metodologia\SAUDAΓòá├╝VEIS\226\Segmentadas\PAC_37_DN16-dir.png,640,480,307200,35438,11.535807291666666,271762,88.46419270833333,1,201,126.45733393532366,23.80363743332113,211,221,
226,0,Healthy,5,17,PAC_37_DN17-dir.png,C:\Users\LENOVO\OneDrive\medtech project\Imagens e Matrizes da Tese de Thiago Alves Elias da Silva\Desenvolvimento da Metodologia\SAUDAΓòá├╝VEIS\226\Segmentadas\PAC_37_DN17-dir.png,640,480,307200,35452,11.540364583333334,271748,88.45963541666667,1,200,126.61878032268983,23.915784830883023,212,227,
226,0,Healthy,5,18,PAC_37_DN18-dir.png,C:\Users\LENOVO\OneDrive\medtech project\Imagens e Matrizes da Tese de Thiago Alves Elias da Silva\Desenvolvimento da Metodologia\SAUDAΓòá├╝VEIS\226\Segmentadas\PAC_37_DN18-dir.png,640,480,307200,37588,12.235677083333334,269612,87.76432291666667,1,194,132.85806640417155,25.62377278693344,215,236,
226,0,Healthy,5,19,PAC_37_DN19-dir.png,C:\Users\LENOVO\OneDrive\medtech project\Imagens e Matrizes da Tese de Thiago Alves Elias da Silva\Desenvolvimento da Metodologia\SAUDAΓòá├╝VEIS\226\Segmentadas\PAC_37_DN19-dir.png,640,480,307200,36619,11.920247395833334,270581,88.07975260416666,1,218,126.69067970179415,24.489258589390047,214,231,
850,0,Healthy,5,0,PAC_41_DN0-dir.png,C:\Users\LENOVO\OneDrive\medtech project\Imagens e Matrizes da Tese de Thiago Alves Elias da Silva\Desenvolvimento da Metodologia\SAUDAΓòá├╝VEIS\850\Segmentadas\PAC_41_DN0-dir.png,640,480,307200,55210,17.972005208333332,251990,82.02799479166667,1,212,126.04495562398117,20.096086166896704,260,272,
850,0,Healthy,5,1,PAC_41_DN1-dir.png,C:\Users\LENOVO\OneDrive\medtech project\Imagens e Matrizes da Tese de Thiago Alves Elias da Silva\Desenvolvimento da Metodologia\SAUDAΓòá├╝VEIS\850\Segmentadas\PAC_41_DN1-dir.png,640,480,307200,56367,18.3486328125,250833,81.6513671875,1,229,128.0455585715046,20.517591944830723,266,273,
850,0,Healthy,5,2,PAC_41_DN2-dir.png,C:\Users\LENOVO\OneDrive\medtech project\Imagens e Matrizes da Tese de Thiago Alves Elias da Silva\Desenvolvimento da Metodologia\SAUDAΓòá├╝VEIS\850\Segmentadas\PAC_41_DN2-dir.png,640,480,307200,58684,19.102864583333336,248516,80.89713541666667,1,239,131.96419807784065,21.394476734061815,266,279,
850,0,Healthy,5,3,PAC_41_DN3-dir.png,C:\Users\LENOVO\OneDrive\medtech project\Imagens e Matrizes da Tese de Thiago Alves Elias da Silva\Desenvolvimento da Metodologia\SAUDAΓòá├╝VEIS\850\Segmentadas\PAC_41_DN3-dir.png,640,480,307200,55095,17.9345703125,252105,82.0654296875,1,238,134.0005626644886,21.462105249693746,262,259,
850,0,Healthy,5,4,PAC_41_DN4-dir.png,C:\Users\LENOVO\OneDrive\medtech project\Imagens e Matrizes da Tese de Thiago Alves Elias da Silva\Desenvolvimento da Metodologia\SAUDAΓòá├╝VEIS\850\Segmentadas\PAC_41_DN4-dir.png,640,480,307200,56407,18.361653645833336,250793,81.63834635416667,1,249,133.71788962362828,21.83091115501811,270,265,
850,0,Healthy,5,5,PAC_41_DN5-dir.png,C:\Users\LENOVO\OneDrive\medtech project\Imagens e Matrizes da Tese de Thiago Alves Elias da Silva\Desenvolvimento da Metodologia\SAUDAΓòá├╝VEIS\850\Segmentadas\PAC_41_DN5-dir.png,640,480,307200,55880,18.190104166666668,251320,81.80989583333333,1,250,136.0899248389406,21.41758234142091,266,264,
850,0,Healthy,5,6,PAC_41_DN6-dir.png,C:\Users\LENOVO\OneDrive\medtech project\Imagens e Matrizes da Tese de Thiago Alves Elias da Silva\Desenvolvimento da Metodologia\SAUDAΓòá├╝VEIS\850\Segmentadas\PAC_41_DN6-dir.png,640,480,307200,56513,18.396158854166668,250687,81.60384114583333,1,222,135.92392900748501,20.972734026286332,263,266,
850,0,Healthy,5,7,PAC_41_DN7-dir.png,C:\Users\LENOVO\OneDrive\medtech project\Imagens e Matrizes da Tese de Thiago Alves Elias da Silva\Desenvolvimento da Metodologia\SAUDAΓòá├╝VEIS\850\Segmentadas\PAC_41_DN7-dir.png,640,480,307200,57793,18.812825520833336,249407,81.18717447916667,1,227,133.2480923295209,20.835195132820676,269,268,
850,0,Healthy,5,8,PAC_41_DN8-dir.png,C:\Users\LENOVO\OneDrive\medtech project\Imagens e Matrizes da Tese de Thiago Alves Elias da Silva\Desenvolvimento da Metodologia\SAUDAΓòá├╝VEIS\850\Segmentadas\PAC_41_DN8-dir.png,640,480,307200,57540,18.73046875,249660,81.26953125,1,240,134.82215849843587,21.000094819089483,270,264,
850,0,Healthy,5,9,PAC_41_DN9-dir.png,C:\Users\LENOVO\OneDrive\medtech project\Imagens e Matrizes da Tese de Thiago Alves Elias da Silva\Desenvolvimento da Metodologia\SAUDAΓòá├╝VEIS\850\Segmentadas\PAC_41_DN9-dir.png,640,480,307200,56232,18.3046875,250968,81.6953125,1,222,135.15556978233033,21.08786766206569,266,267,
850,0,Healthy,5,10,PAC_41_DN10-dir.png,C:\Users\LENOVO\OneDrive\medtech project\Imagens e Matrizes da Tese de Thiago Alves Elias da Silva\Desenvolvimento da Metodologia\SAUDAΓòá├╝VEIS\850\Segmentadas\PAC_41_DN10-dir.png,640,480,307200,56247,18.3095703125,250953,81.6904296875,1,224,132.5774707984426,20.891453448496794,262,269,
850,0,Healthy,5,11,PAC_41_DN11-dir.png,C:\Users\LENOVO\OneDrive\medtech project\Imagens e Matrizes da Tese de Thiago Alves Elias da Silva\Desenvolvimento da Metodologia\SAUDAΓòá├╝VEIS\850\Segmentadas\PAC_41_DN11-dir.png,640,480,307200,59703,19.4345703125,247497,80.5654296875,1,224,133.33757097633284,20.855400608194948,270,281,
850,0,Healthy,5,12,PAC_41_DN12-dir.png,C:\Users\LENOVO\OneDrive\medtech project\Imagens e Matrizes da Tese de Thiago Alves Elias da Silva\Desenvolvimento da Metodologia\SAUDAΓòá├╝VEIS\850\Segmentadas\PAC_41_DN12-dir.png,640,480,307200,56355,18.3447265625,250845,81.6552734375,1,238,133.65014639339898,21.185818402003072,267,265,
850,0,Healthy,5,13,PAC_41_DN13-dir.png,C:\Users\LENOVO\OneDrive\medtech project\Imagens e Matrizes da Tese de Thiago Alves Elias da Silva\Desenvolvimento da Metodologia\SAUDAΓòá├╝VEIS\850\Segmentadas\PAC_41_DN13-dir.png,640,480,307200,59385,19.3310546875,247815,80.6689453125,1,232,137.54811821166962,21.706871236011526,266,286,
850,0,Healthy,5,14,PAC_41_DN14-dir.png,C:\Users\LENOVO\OneDrive\medtech project\Imagens e Matrizes da Tese de Thiago Alves Elias da Silva\Desenvolvimento da Metodologia\SAUDAΓòá├╝VEIS\850\Segmentadas\PAC_41_DN14-dir.png,640,480,307200,57215,18.624674479166668,249985,81.37532552083333,1,227,138.02142794721664,21.440351636739305,259,285,
850,0,Healthy,5,15,PAC_41_DN15-dir.png,C:\Users\LENOVO\OneDrive\medtech project\Imagens e Matrizes da Tese de Thiago Alves Elias da Silva\Desenvolvimento da Metodologia\SAUDAΓòá├╝VEIS\850\Segmentadas\PAC_41_DN15-dir.png,640,480,307200,58649,19.091471354166668,248551,80.90852864583333,1,227,135.84794284642535,21.034139581906032,264,285,
850,0,Healthy,5,16,PAC_41_DN16-dir.png,C:\Users\LENOVO\OneDrive\medtech project\Imagens e Matrizes da Tese de Thiago Alves Elias da Silva\Desenvolvimento da Metodologia\SAUDAΓòá├╝VEIS\850\Segmentadas\PAC_41_DN16-dir.png,640,480,307200,58447,19.025716145833332,248753,80.97428385416666,1,226,136.75499170188377,20.988637216669446,264,287,
850,0,Healthy,5,17,PAC_41_DN17-dir.png,C:\Users\LENOVO\OneDrive\medtech project\Imagens e Matrizes da Tese de Thiago Alves Elias da Silva\Desenvolvimento da Metodologia\SAUDAΓòá├╝VEIS\850\Segmentadas\PAC_41_DN17-dir.png,640,480,307200,59808,19.46875,247392,80.53125,1,229,136.50590222043874,21.19115949428477,269,287,
850,0,Healthy,5,18,PAC_41_DN18-dir.png,C:\Users\LENOVO\OneDrive\medtech project\Imagens e Matrizes da Tese de Thiago Alves Elias da Silva\Desenvolvimento da Metodologia\SAUDAΓòá├╝VEIS\850\Segmentadas\PAC_41_DN18-dir.png,640,480,307200,59497,19.367513020833332,247703,80.63248697916666,1,219,134.8904650654655,20.27911492952833,265,285,
850,0,Healthy,5,19,PAC_41_DN19-dir.png,C:\Users\LENOVO\OneDrive\medtech project\Imagens e Matrizes da Tese de Thiago Alves Elias da Silva\Desenvolvimento da Metodologia\SAUDAΓòá├╝VEIS\850\Segmentadas\PAC_41_DN19-dir.png,640,480,307200,57805,18.816731770833332,249395,81.18326822916667,1,220,136.07437072917568,21.01475391293452,269,274,
950,0,Healthy,5,0,PAC_34_DN0-dir.png,C:\Users\LENOVO\OneDrive\medtech project\Imagens e Matrizes da Tese de Thiago Alves Elias da Silva\Desenvolvimento da Metodologia\SAUDAΓòá├╝VEIS\950\Segmentadas\PAC_34_DN0-dir.png,640,480,307200,46240,15.052083333333332,260960,84.94791666666667,1,239,110.65676903114186,25.57335080160087,217,253,
950,0,Healthy,5,1,PAC_34_DN1-dir.png,C:\Users\LENOVO\OneDrive\medtech project\Imagens e Matrizes da Tese de Thiago Alves Elias da Silva\Desenvolvimento da Metodologia\SAUDAΓòá├╝VEIS\950\Segmentadas\PAC_34_DN1-dir.png,640,480,307200,43215,14.067382812500002,263985,85.9326171875,1,219,109.97834085387018,24.21142924717349,216,244,
950,0,Healthy,5,2,PAC_34_DN2-dir.png,C:\Users\LENOVO\OneDrive\medtech project\Imagens e Matrizes da Tese de Thiago Alves Elias da Silva\Desenvolvimento da Metodologia\SAUDAΓòá├╝VEIS\950\Segmentadas\PAC_34_DN2-dir.png,640,480,307200,43178,14.055338541666668,264022,85.94466145833334,1,235,112.52063550882394,24.569783906304554,214,243,
950,0,Healthy,5,3,PAC_34_DN3-dir.png,C:\Users\LENOVO\OneDrive\medtech project\Imagens e Matrizes da Tese de Thiago Alves Elias da Silva\Desenvolvimento da Metodologia\SAUDAΓòá├╝VEIS\950\Segmentadas\PAC_34_DN3-dir.png,640,480,307200,45487,14.806966145833334,261713,85.19303385416667,1,236,115.23092312089169,24.85853853958185,215,259,
950,0,Healthy,5,4,PAC_34_DN4-dir.png,C:\Users\LENOVO\OneDrive\medtech project\Imagens e Matrizes da Tese de Thiago Alves Elias da Silva\Desenvolvimento da Metodologia\SAUDAΓòá├╝VEIS\950\Segmentadas\PAC_34_DN4-dir.png,640,480,307200,42064,13.692708333333334,265136,86.30729166666666,1,251,113.09366679345759,23.973418100256453,215,243,
950,0,Healthy,5,5,PAC_34_DN5-dir.png,C:\Users\LENOVO\OneDrive\medtech project\Imagens e Matrizes da Tese de Thiago Alves Elias da Silva\Desenvolvimento da Metodologia\SAUDAΓòá├╝VEIS\950\Segmentadas\PAC_34_DN5-dir.png,640,480,307200,42369,13.791992187499998,264831,86.2080078125,1,236,114.67344048714862,23.90646317194553,213,252,
950,0,Healthy,5,6,PAC_34_DN6-dir.png,C:\Users\LENOVO\OneDrive\medtech project\Imagens e Matrizes da Tese de Thiago Alves Elias da Silva\Desenvolvimento da Metodologia\SAUDAΓòá├╝VEIS\950\Segmentadas\PAC_34_DN6-dir.png,640,480,307200,40996,13.345052083333334,266204,86.65494791666667,1,227,113.884257000683,24.16983027794478,212,237,
950,0,Healthy,5,7,PAC_34_DN7-dir.png,C:\Users\LENOVO\OneDrive\medtech project\Imagens e Matrizes da Tese de Thiago Alves Elias da Silva\Desenvolvimento da Metodologia\SAUDAΓòá├╝VEIS\950\Segmentadas\PAC_34_DN7-dir.png,640,480,307200,42727,13.908528645833334,264473,86.09147135416667,1,247,115.37753645236033,24.393529473725735,215,247,
950,0,Healthy,5,8,PAC_34_DN8-dir.png,C:\Users\LENOVO\OneDrive\medtech project\Imagens e Matrizes da Tese de Thiago Alves Elias da Silva\Desenvolvimento da Metodologia\SAUDAΓòá├╝VEIS\950\Segmentadas\PAC_34_DN8-dir.png,640,480,307200,41171,13.402018229166668,266029,86.59798177083333,1,228,116.04335576012241,23.76105805852162,214,241,
950,0,Healthy,5,9,PAC_34_DN9-dir.png,C:\Users\LENOVO\OneDrive\medtech project\Imagens e Matrizes da Tese de Thiago Alves Elias da Silva\Desenvolvimento da Metodologia\SAUDAΓòá├╝VEIS\950\Segmentadas\PAC_34_DN9-dir.png,640,480,307200,41859,13.6259765625,265341,86.3740234375,1,209,116.03731575049571,23.614786282616404,204,248,
950,0,Healthy,5,10,PAC_34_DN10-dir.png,C:\Users\LENOVO\OneDrive\medtech project\Imagens e Matrizes da Tese de Thiago Alves Elias da Silva\Desenvolvimento da Metodologia\SAUDAΓòá├╝VEIS\950\Segmentadas\PAC_34_DN10-dir.png,640,480,307200,43958,14.309244791666668,263242,85.69075520833334,1,232,120.14896037126348,24.071704144732355,220,252,
950,0,Healthy,5,11,PAC_34_DN11-dir.png,C:\Users\LENOVO\OneDrive\medtech project\Imagens e Matrizes da Tese de Thiago Alves Elias da Silva\Desenvolvimento da Metodologia\SAUDAΓòá├╝VEIS\950\Segmentadas\PAC_34_DN11-dir.png,640,480,307200,38733,12.608398437500002,268467,87.3916015625,1,226,115.7381302765084,24.706530347548494,207,233,
950,0,Healthy,5,12,PAC_34_DN12-dir.png,C:\Users\LENOVO\OneDrive\medtech project\Imagens e Matrizes da Tese de Thiago Alves Elias da Silva\Desenvolvimento da Metodologia\SAUDAΓòá├╝VEIS\950\Segmentadas\PAC_34_DN12-dir.png,640,480,307200,41601,13.541992187499998,265599,86.4580078125,1,217,117.37338044758539,24.208191182163855,215,241,
950,0,Healthy,5,13,PAC_34_DN13-dir.png,C:\Users\LENOVO\OneDrive\medtech project\Imagens e Matrizes da Tese de Thiago Alves Elias da Silva\Desenvolvimento da Metodologia\SAUDAΓòá├╝VEIS\950\Segmentadas\PAC_34_DN13-dir.png,640,480,307200,39409,12.828450520833334,267791,87.17154947916667,1,217,117.03948336674364,24.424152620686428,206,240,
950,0,Healthy,5,14,PAC_34_DN14-dir.png,C:\Users\LENOVO\OneDrive\medtech project\Imagens e Matrizes da Tese de Thiago Alves Elias da Silva\Desenvolvimento da Metodologia\SAUDAΓòá├╝VEIS\950\Segmentadas\PAC_34_DN14-dir.png,640,480,307200,39186,12.755859375,268014,87.244140625,1,219,117.29421221864952,24.24209240625549,215,230,
950,0,Healthy,5,15,PAC_34_DN15-dir.png,C:\Users\LENOVO\OneDrive\medtech project\Imagens e Matrizes da Tese de Thiago Alves Elias da Silva\Desenvolvimento da Metodologia\SAUDAΓòá├╝VEIS\950\Segmentadas\PAC_34_DN15-dir.png,640,480,307200,37849,12.320638020833332,269351,87.67936197916667,1,210,117.55718777246426,24.38244326383288,208,230,
950,0,Healthy,5,16,PAC_34_DN16-dir.png,C:\Users\LENOVO\OneDrive\medtech project\Imagens e Matrizes da Tese de Thiago Alves Elias da Silva\Desenvolvimento da Metodologia\SAUDAΓòá├╝VEIS\950\Segmentadas\PAC_34_DN16-dir.png,640,480,307200,38650,12.581380208333334,268550,87.41861979166666,1,203,118.00005174644244,24.54240778886501,205,229,
950,0,Healthy,5,17,PAC_34_DN17-dir.png,C:\Users\LENOVO\OneDrive\medtech project\Imagens e Matrizes da Tese de Thiago Alves Elias da Silva\Desenvolvimento da Metodologia\SAUDAΓòá├╝VEIS\950\Segmentadas\PAC_34_DN17-dir.png,640,480,307200,40615,13.221028645833332,266585,86.77897135416667,1,211,120.0008125076942,24.764126706136803,206,251,
950,0,Healthy,5,18,PAC_34_DN18-dir.png,C:\Users\LENOVO\OneDrive\medtech project\Imagens e Matrizes da Tese de Thiago Alves Elias da Silva\Desenvolvimento da Metodologia\SAUDAΓòá├╝VEIS\950\Segmentadas\PAC_34_DN18-dir.png,640,480,307200,38311,12.471028645833334,268889,87.52897135416666,1,205,119.30388139176738,24.855484376071466,209,235,
950,0,Healthy,5,19,PAC_34_DN19-dir.png,C:\Users\LENOVO\OneDrive\medtech project\Imagens e Matrizes da Tese de Thiago Alves Elias da Silva\Desenvolvimento da Metodologia\SAUDAΓòá├╝VEIS\950\Segmentadas\PAC_34_DN19-dir.png,640,480,307200,41408,13.479166666666668,265792,86.52083333333334,1,220,120.88961070324575,25.787816993249947,218,243,
181,1,Sick,5,0,PAC_02_DN0-dir.png,C:\Users\LENOVO\OneDrive\medtech project\Imagens e Matrizes da Tese de Thiago Alves Elias da Silva\Desenvolvimento da Metodologia\DOENTES\181\Segmentadas\PAC_02_DN0-dir.png,640,480,307200,74335,24.197591145833332,232865,75.80240885416667,75,249,163.5299253379969,26.20212454900605,266,355,
181,1,Sick,5,1,PAC_02_DN1-dir.png,C:\Users\LENOVO\OneDrive\medtech project\Imagens e Matrizes da Tese de Thiago Alves Elias da Silva\Desenvolvimento da Metodologia\DOENTES\181\Segmentadas\PAC_02_DN1-dir.png,640,480,307200,75242,24.492838541666668,231958,75.50716145833334,80,253,167.65032827410224,26.460969966462592,263,366,
181,1,Sick,5,2,PAC_02_DN2-dir.png,C:\Users\LENOVO\OneDrive\medtech project\Imagens e Matrizes da Tese de Thiago Alves Elias da Silva\Desenvolvimento da Metodologia\DOENTES\181\Segmentadas\PAC_02_DN2-dir.png,640,480,307200,74690,24.313151041666668,232510,75.68684895833333,81,255,168.28635694202706,26.49056180498872,264,367,
181,1,Sick,5,3,PAC_02_DN3-dir.png,C:\Users\LENOVO\OneDrive\medtech project\Imagens e Matrizes da Tese de Thiago Alves Elias da Silva\Desenvolvimento da Metodologia\DOENTES\181\Segmentadas\PAC_02_DN3-dir.png,640,480,307200,74330,24.195963541666668,232870,75.80403645833333,83,255,168.73158886048702,26.830283107149437,263,370,
181,1,Sick,5,4,PAC_02_DN4-dir.png,C:\Users\LENOVO\OneDrive\medtech project\Imagens e Matrizes da Tese de Thiago Alves Elias da Silva\Desenvolvimento da Metodologia\DOENTES\181\Segmentadas\PAC_02_DN4-dir.png,640,480,307200,73442,23.906901041666668,233758,76.09309895833334,84,255,170.54404836469595,26.65581553594617,264,368,
181,1,Sick,5,5,PAC_02_DN5-dir.png,C:\Users\LENOVO\OneDrive\medtech project\Imagens e Matrizes da Tese de Thiago Alves Elias da Silva\Desenvolvimento da Metodologia\DOENTES\181\Segmentadas\PAC_02_DN5-dir.png,640,480,307200,74915,24.386393229166668,232285,75.61360677083333,89,255,171.864659947941,26.42180773546807,262,377,
181,1,Sick,5,6,PAC_02_DN6-dir.png,C:\Users\LENOVO\OneDrive\medtech project\Imagens e Matrizes da Tese de Thiago Alves Elias da Silva\Desenvolvimento da Metodologia\DOENTES\181\Segmentadas\PAC_02_DN6-dir.png,640,480,307200,74549,24.267252604166668,232651,75.73274739583333,88,252,171.7420890957625,26.647508100210803,260,375,
181,1,Sick,5,7,PAC_02_DN7-dir.png,C:\Users\LENOVO\OneDrive\medtech project\Imagens e Matrizes da Tese de Thiago Alves Elias da Silva\Desenvolvimento da Metodologia\DOENTES\181\Segmentadas\PAC_02_DN7-dir.png,640,480,307200,73754,24.008463541666668,233446,75.99153645833333,89,247,170.16091330639694,25.950941585191227,263,375,
181,1,Sick,5,8,PAC_02_DN8-dir.png,C:\Users\LENOVO\OneDrive\medtech project\Imagens e Matrizes da Tese de Thiago Alves Elias da Silva\Desenvolvimento da Metodologia\DOENTES\181\Segmentadas\PAC_02_DN8-dir.png,640,480,307200,75642,24.623046875,231558,75.376953125,90,255,169.20950001322018,25.74636725938146,260,381,
181,1,Sick,5,9,PAC_02_DN9-dir.png,C:\Users\LENOVO\OneDrive\medtech project\Imagens e Matrizes da Tese de Thiago Alves Elias da Silva\Desenvolvimento da Metodologia\DOENTES\181\Segmentadas\PAC_02_DN9-dir.png,640,480,307200,73668,23.98046875,233532,76.01953125,90,243,169.1477032089917,25.769893091168765,259,370,
181,1,Sick,5,10,PAC_02_DN10-dir.png,C:\Users\LENOVO\OneDrive\medtech project\Imagens e Matrizes da Tese de Thiago Alves Elias da Silva\Desenvolvimento da Metodologia\DOENTES\181\Segmentadas\PAC_02_DN10-dir.png,640,480,307200,74750,24.332682291666664,232450,75.66731770833334,91,243,170.25682943143812,25.833683487314502,260,378,
181,1,Sick,5,11,PAC_02_DN11-dir.png,C:\Users\LENOVO\OneDrive\medtech project\Imagens e Matrizes da Tese de Thiago Alves Elias da Silva\Desenvolvimento da Metodologia\DOENTES\181\Segmentadas\PAC_02_DN11-dir.png,640,480,307200,74650,24.300130208333336,232550,75.69986979166666,90,240,169.3272873409243,26.08233593897044,260,374,
181,1,Sick,5,12,PAC_02_DN12-dir.png,C:\Users\LENOVO\OneDrive\medtech project\Imagens e Matrizes da Tese de Thiago Alves Elias da Silva\Desenvolvimento da Metodologia\DOENTES\181\Segmentadas\PAC_02_DN12-dir.png,640,480,307200,75099,24.4462890625,232101,75.5537109375,91,244,170.1217326462403,25.874467157960424,260,380,
181,1,Sick,5,13,PAC_02_DN13-dir.png,C:\Users\LENOVO\OneDrive\medtech project\Imagens e Matrizes da Tese de Thiago Alves Elias da Silva\Desenvolvimento da Metodologia\DOENTES\181\Segmentadas\PAC_02_DN13-dir.png,640,480,307200,78137,25.435221354166664,229063,74.56477864583333,92,249,172.06172491905244,26.06641113641625,263,391,
181,1,Sick,5,14,PAC_02_DN14-dir.png,C:\Users\LENOVO\OneDrive\medtech project\Imagens e Matrizes da Tese de Thiago Alves Elias da Silva\Desenvolvimento da Metodologia\DOENTES\181\Segmentadas\PAC_02_DN14-dir.png,640,480,307200,75994,24.737630208333332,231206,75.26236979166666,95,248,172.0102113324736,25.658685890832743,260,383,
181,1,Sick,5,15,PAC_02_DN15-dir.png,C:\Users\LENOVO\OneDrive\medtech project\Imagens e Matrizes da Tese de Thiago Alves Elias da Silva\Desenvolvimento da Metodologia\DOENTES\181\Segmentadas\PAC_02_DN15-dir.png,640,480,307200,74589,24.2802734375,232611,75.7197265625,95,248,172.847551247503,25.782763784766487,259,378,
181,1,Sick,5,16,PAC_02_DN16-dir.png,C:\Users\LENOVO\OneDrive\medtech project\Imagens e Matrizes da Tese de Thiago Alves Elias da Silva\Desenvolvimento da Metodologia\DOENTES\181\Segmentadas\PAC_02_DN16-dir.png,640,480,307200,77289,25.1591796875,229911,74.8408203125,95,249,173.36944455226487,25.72114674348777,260,386,
181,1,Sick,5,17,PAC_02_DN17-dir.png,C:\Users\LENOVO\OneDrive\medtech project\Imagens e Matrizes da Tese de Thiago Alves Elias da Silva\Desenvolvimento da Metodologia\DOENTES\181\Segmentadas\PAC_02_DN17-dir.png,640,480,307200,74954,24.399088541666668,232246,75.60091145833333,97,244,173.84805347279664,25.84136688545637,261,376,
181,1,Sick,5,18,PAC_02_DN18-dir.png,C:\Users\LENOVO\OneDrive\medtech project\Imagens e Matrizes da Tese de Thiago Alves Elias da Silva\Desenvolvimento da Metodologia\DOENTES\181\Segmentadas\PAC_02_DN18-dir.png,640,480,307200,73564,23.946614583333332,233636,76.05338541666666,98,242,173.84580773204286,25.73161019263383,258,373,
181,1,Sick,5,19,PAC_02_DN19-dir.png,C:\Users\LENOVO\OneDrive\medtech project\Imagens e Matrizes da Tese de Thiago Alves Elias da Silva\Desenvolvimento da Metodologia\DOENTES\181\Segmentadas\PAC_02_DN19-dir.png,640,480,307200,74565,24.2724609375,232635,75.7275390625,97,244,173.57477368738685,25.826428133214815,259,377,
192,1,Sick,5,0,PAC_03_DN0-esq.png,C:\Users\LENOVO\OneDrive\medtech project\Imagens e Matrizes da Tese de Thiago Alves Elias da Silva\Desenvolvimento da Metodologia\DOENTES\192\Segmentadas\PAC_03_DN0-esq.png,640,480,307200,50958,16.587890625,256242,83.412109375,2,255,198.45135209388124,19.45560999480717,234,274,
192,1,Sick,5,1,PAC_03_DN1-esq.png,C:\Users\LENOVO\OneDrive\medtech project\Imagens e Matrizes da Tese de Thiago Alves Elias da Silva\Desenvolvimento da Metodologia\DOENTES\192\Segmentadas\PAC_03_DN1-esq.png,640,480,307200,51704,16.830729166666668,255496,83.16927083333333,2,255,199.23456599102585,19.241604578008534,234,277,
192,1,Sick,5,2,PAC_03_DN2-esq.png,C:\Users\LENOVO\OneDrive\medtech project\Imagens e Matrizes da Tese de Thiago Alves Elias da Silva\Desenvolvimento da Metodologia\DOENTES\192\Segmentadas\PAC_03_DN2-esq.png,640,480,307200,52288,17.020833333333332,254912,82.97916666666667,2,255,199.5687729498164,18.818834629307982,237,275,
192,1,Sick,5,3,PAC_03_DN3-esq.png,C:\Users\LENOVO\OneDrive\medtech project\Imagens e Matrizes da Tese de Thiago Alves Elias da Silva\Desenvolvimento da Metodologia\DOENTES\192\Segmentadas\PAC_03_DN3-esq.png,640,480,307200,53213,17.321940104166668,253987,82.67805989583333,2,255,202.09835942344915,18.69762377449343,235,281,
192,1,Sick,5,4,PAC_03_DN4-esq.png,C:\Users\LENOVO\OneDrive\medtech project\Imagens e Matrizes da Tese de Thiago Alves Elias da Silva\Desenvolvimento da Metodologia\DOENTES\192\Segmentadas\PAC_03_DN4-esq.png,640,480,307200,53097,17.2841796875,254103,82.7158203125,2,255,201.82042299941617,18.564185301241096,240,275,
192,1,Sick,5,5,PAC_03_DN5-esq.png,C:\Users\LENOVO\OneDrive\medtech project\Imagens e Matrizes da Tese de Thiago Alves Elias da Silva\Desenvolvimento da Metodologia\DOENTES\192\Segmentadas\PAC_03_DN5-esq.png,640,480,307200,53006,17.254557291666668,254194,82.74544270833334,2,255,201.26300796136286,18.7693621649923,242,281,
192,1,Sick,5,6,PAC_03_DN6-esq.png,C:\Users\LENOVO\OneDrive\medtech project\Imagens e Matrizes da Tese de Thiago Alves Elias da Silva\Desenvolvimento da Metodologia\DOENTES\192\Segmentadas\PAC_03_DN6-esq.png,640,480,307200,51878,16.887369791666668,255322,83.11263020833334,2,255,203.16436639808782,18.585555307916366,239,277,
192,1,Sick,5,7,PAC_03_DN7-esq.png,C:\Users\LENOVO\OneDrive\medtech project\Imagens e Matrizes da Tese de Thiago Alves Elias da Silva\Desenvolvimento da Metodologia\DOENTES\192\Segmentadas\PAC_03_DN7-esq.png,640,480,307200,51070,16.624348958333332,256130,83.37565104166667,2,255,204.27830428823185,18.896905519302123,237,271,
192,1,Sick,5,8,PAC_03_DN8-esq.png,C:\Users\LENOVO\OneDrive\medtech project\Imagens e Matrizes da Tese de Thiago Alves Elias da Silva\Desenvolvimento da Metodologia\DOENTES\192\Segmentadas\PAC_03_DN8-esq.png,640,480,307200,51665,16.818033854166668,255535,83.18196614583333,2,255,205.10558405109842,18.01189701086899,236,274,
192,1,Sick,5,9,PAC_03_DN9-esq.png,C:\Users\LENOVO\OneDrive\medtech project\Imagens e Matrizes da Tese de Thiago Alves Elias da Silva\Desenvolvimento da Metodologia\DOENTES\192\Segmentadas\PAC_03_DN9-esq.png,640,480,307200,52664,17.143229166666664,254536,82.85677083333334,2,255,205.28716010937262,18.606935990280995,241,276,
192,1,Sick,5,10,PAC_03_DN10-esq.png,C:\Users\LENOVO\OneDrive\medtech project\Imagens e Matrizes da Tese de Thiago Alves Elias da Silva\Desenvolvimento da Metodologia\DOENTES\192\Segmentadas\PAC_03_DN10-esq.png,640,480,307200,51614,16.801432291666664,255586,83.19856770833334,2,255,206.29222691517805,18.791129489102953,240,273,
192,1,Sick,5,11,PAC_03_DN11-esq.png,C:\Users\LENOVO\OneDrive\medtech project\Imagens e Matrizes da Tese de Thiago Alves Elias da Silva\Desenvolvimento da Metodologia\DOENTES\192\Segmentadas\PAC_03_DN11-esq.png,640,480,307200,51623,16.804361979166664,255577,83.19563802083333,2,255,205.90112934157256,18.61717011247183,239,272,
192,1,Sick,5,12,PAC_03_DN12-esq.png,C:\Users\LENOVO\OneDrive\medtech project\Imagens e Matrizes da Tese de Thiago Alves Elias da Silva\Desenvolvimento da Metodologia\DOENTES\192\Segmentadas\PAC_03_DN12-esq.png,640,480,307200,51212,16.670572916666668,255988,83.32942708333333,2,255,206.80084745762713,18.654622994230365,239,267,
192,1,Sick,5,13,PAC_03_DN13-esq.png,C:\Users\LENOVO\OneDrive\medtech project\Imagens e Matrizes da Tese de Thiago Alves Elias da Silva\Desenvolvimento da Metodologia\DOENTES\192\Segmentadas\PAC_03_DN13-esq.png,640,480,307200,51535,16.775716145833332,255665,83.22428385416667,2,255,207.06762394489184,18.87748067971162,240,269,
192,1,Sick,5,14,PAC_03_DN14-esq.png,C:\Users\LENOVO\OneDrive\medtech project\Imagens e Matrizes da Tese de Thiago Alves Elias da Silva\Desenvolvimento da Metodologia\DOENTES\192\Segmentadas\PAC_03_DN14-esq.png,640,480,307200,52387,17.053059895833332,254813,82.94694010416667,2,255,207.18172447362895,19.106528277398578,241,276,
192,1,Sick,5,15,PAC_03_DN15-esq.png,C:\Users\LENOVO\OneDrive\medtech project\Imagens e Matrizes da Tese de Thiago Alves Elias da Silva\Desenvolvimento da Metodologia\DOENTES\192\Segmentadas\PAC_03_DN15-esq.png,640,480,307200,52232,17.002604166666664,254968,82.99739583333333,2,255,208.50170393628426,18.986832427845517,243,270,
192,1,Sick,5,16,PAC_03_DN16-esq.png,C:\Users\LENOVO\OneDrive\medtech project\Imagens e Matrizes da Tese de Thiago Alves Elias da Silva\Desenvolvimento da Metodologia\DOENTES\192\Segmentadas\PAC_03_DN16-esq.png,640,480,307200,50269,16.363606770833332,256931,83.63639322916666,2,255,208.48668165270843,18.92515726172493,238,264,
192,1,Sick,5,17,PAC_03_DN17-esq.png,C:\Users\LENOVO\OneDrive\medtech project\Imagens e Matrizes da Tese de Thiago Alves Elias da Silva\Desenvolvimento da Metodologia\DOENTES\192\Segmentadas\PAC_03_DN17-esq.png,640,480,307200,50800,16.536458333333336,256400,83.46354166666666,2,255,207.42220472440945,19.02610026259145,239,264,
192,1,Sick,5,18,PAC_03_DN18-esq.png,C:\Users\LENOVO\OneDrive\medtech project\Imagens e Matrizes da Tese de Thiago Alves Elias da Silva\Desenvolvimento da Metodologia\DOENTES\192\Segmentadas\PAC_03_DN18-esq.png,640,480,307200,50351,16.390299479166668,256849,83.60970052083333,2,255,209.21465313499235,19.103784426933224,238,261,
192,1,Sick,5,19,PAC_03_DN19-esq.png,C:\Users\LENOVO\OneDrive\medtech project\Imagens e Matrizes da Tese de Thiago Alves Elias da Silva\Desenvolvimento da Metodologia\DOENTES\192\Segmentadas\PAC_03_DN19-esq.png,640,480,307200,51247,16.681966145833332,255953,83.31803385416666,2,249,206.24791695123616,18.5150852880849,239,262,
204,1,Sick,5,0,PAC_06_DN0-dir.png,C:\Users\LENOVO\OneDrive\medtech project\Imagens e Matrizes da Tese de Thiago Alves Elias da Silva\Desenvolvimento da Metodologia\DOENTES\204\Segmentadas\PAC_06_DN0-dir.png,640,480,307200,52676,17.147135416666668,254524,82.85286458333333,58,228,128.49253929683348,21.093115209118434,260,284,
204,1,Sick,5,1,PAC_06_DN1-dir.png,C:\Users\LENOVO\OneDrive\medtech project\Imagens e Matrizes da Tese de Thiago Alves Elias da Silva\Desenvolvimento da Metodologia\DOENTES\204\Segmentadas\PAC_06_DN1-dir.png,640,480,307200,53886,17.541015625,253314,82.458984375,64,235,136.26453995471923,22.6541378439934,269,281,
204,1,Sick,5,2,PAC_06_DN2-dir.png,C:\Users\LENOVO\OneDrive\medtech project\Imagens e Matrizes da Tese de Thiago Alves Elias da Silva\Desenvolvimento da Metodologia\DOENTES\204\Segmentadas\PAC_06_DN2-dir.png,640,480,307200,52737,17.1669921875,254463,82.8330078125,73,238,144.98173957563,23.754258029784904,265,279,
204,1,Sick,5,3,PAC_06_DN3-dir.png,C:\Users\LENOVO\OneDrive\medtech project\Imagens e Matrizes da Tese de Thiago Alves Elias da Silva\Desenvolvimento da Metodologia\DOENTES\204\Segmentadas\PAC_06_DN3-dir.png,640,480,307200,55891,18.193684895833336,251309,81.80631510416667,77,245,151.5029790127212,24.667616062560956,272,286,
204,1,Sick,5,4,PAC_06_DN4-dir.png,C:\Users\LENOVO\OneDrive\medtech project\Imagens e Matrizes da Tese de Thiago Alves Elias da Silva\Desenvolvimento da Metodologia\DOENTES\204\Segmentadas\PAC_06_DN4-dir.png,640,480,307200,54425,17.716471354166664,252775,82.28352864583334,81,241,152.5100229673863,24.32496832881619,256,296,
204,1,Sick,5,5,PAC_06_DN5-dir.png,C:\Users\LENOVO\OneDrive\medtech project\Imagens e Matrizes da Tese de Thiago Alves Elias da Silva\Desenvolvimento da Metodologia\DOENTES\204\Segmentadas\PAC_06_DN5-dir.png,640,480,307200,54762,17.826171875,252438,82.173828125,83,242,154.38952193126622,24.898905971257143,260,291,
204,1,Sick,5,6,PAC_06_DN6-dir.png,C:\Users\LENOVO\OneDrive\medtech project\Imagens e Matrizes da Tese de Thiago Alves Elias da Silva\Desenvolvimento da Metodologia\DOENTES\204\Segmentadas\PAC_06_DN6-dir.png,640,480,307200,54670,17.796223958333332,252530,82.20377604166667,85,242,156.48143405889886,25.431492906505248,258,296,
204,1,Sick,5,7,PAC_06_DN7-dir.png,C:\Users\LENOVO\OneDrive\medtech project\Imagens e Matrizes da Tese de Thiago Alves Elias da Silva\Desenvolvimento da Metodologia\DOENTES\204\Segmentadas\PAC_06_DN7-dir.png,640,480,307200,53342,17.363932291666668,253858,82.63606770833334,86,238,155.25728319148138,24.933106502906345,339,376,
204,1,Sick,5,8,PAC_06_DN8-dir.png,C:\Users\LENOVO\OneDrive\medtech project\Imagens e Matrizes da Tese de Thiago Alves Elias da Silva\Desenvolvimento da Metodologia\DOENTES\204\Segmentadas\PAC_06_DN8-dir.png,640,480,307200,53060,17.272135416666668,254140,82.72786458333333,91,242,159.68955898982284,25.599229492621713,254,293,
204,1,Sick,5,9,PAC_06_DN9-dir.png,C:\Users\LENOVO\OneDrive\medtech project\Imagens e Matrizes da Tese de Thiago Alves Elias da Silva\Desenvolvimento da Metodologia\DOENTES\204\Segmentadas\PAC_06_DN9-dir.png,640,480,307200,54527,17.749674479166664,252673,82.25032552083333,87,237,155.59029471637905,25.188895984845946,257,300,
204,1,Sick,5,10,PAC_06_DN10-dir.png,C:\Users\LENOVO\OneDrive\medtech project\Imagens e Matrizes da Tese de Thiago Alves Elias da Silva\Desenvolvimento da Metodologia\DOENTES\204\Segmentadas\PAC_06_DN10-dir.png,640,480,307200,54498,17.740234375,252702,82.259765625,88,239,158.59666409776506,25.761823193430395,257,295,
204,1,Sick,5,11,PAC_06_DN11-dir.png,C:\Users\LENOVO\OneDrive\medtech project\Imagens e Matrizes da Tese de Thiago Alves Elias da Silva\Desenvolvimento da Metodologia\DOENTES\204\Segmentadas\PAC_06_DN11-dir.png,640,480,307200,53929,17.555013020833332,253271,82.44498697916667,89,237,157.57735170316528,25.413056954344736,257,293,
204,1,Sick,5,12,PAC_06_DN12-dir.png,C:\Users\LENOVO\OneDrive\medtech project\Imagens e Matrizes da Tese de Thiago Alves Elias da Silva\Desenvolvimento da Metodologia\DOENTES\204\Segmentadas\PAC_06_DN12-dir.png,640,480,307200,52074,16.951171875,255126,83.048828125,95,235,159.23303375964974,25.43213005524167,259,283,
204,1,Sick,5,13,PAC_06_DN13-dir.png,C:\Users\LENOVO\OneDrive\medtech project\Imagens e Matrizes da Tese de Thiago Alves Elias da Silva\Desenvolvimento da Metodologia\DOENTES\204\Segmentadas\PAC_06_DN13-dir.png,640,480,307200,56162,18.281901041666668,251038,81.71809895833333,93,234,159.3585342402336,25.35864978284095,259,299,
204,1,Sick,5,14,PAC_06_DN14-dir.png,C:\Users\LENOVO\OneDrive\medtech project\Imagens e Matrizes da Tese de Thiago Alves Elias da Silva\Desenvolvimento da Metodologia\DOENTES\204\Segmentadas\PAC_06_DN14-dir.png,640,480,307200,51982,16.921223958333336,255218,83.07877604166667,94,235,159.08856912008002,25.867121309291036,259,284,
204,1,Sick,5,15,PAC_06_DN15-dir.png,C:\Users\LENOVO\OneDrive\medtech project\Imagens e Matrizes da Tese de Thiago Alves Elias da Silva\Desenvolvimento da Metodologia\DOENTES\204\Segmentadas\PAC_06_DN15-dir.png,640,480,307200,53748,17.49609375,253452,82.50390625,93,237,159.87437672099426,26.198667295043748,259,297,
204,1,Sick,5,16,PAC_06_DN16-dir.png,C:\Users\LENOVO\OneDrive\medtech project\Imagens e Matrizes da Tese de Thiago Alves Elias da Silva\Desenvolvimento da Metodologia\DOENTES\204\Segmentadas\PAC_06_DN16-dir.png,640,480,307200,52582,17.116536458333336,254618,82.88346354166667,97,234,161.61656080027385,25.567944988601507,256,288,
204,1,Sick,5,17,PAC_06_DN17-dir.png,C:\Users\LENOVO\OneDrive\medtech project\Imagens e Matrizes da Tese de Thiago Alves Elias da Silva\Desenvolvimento da Metodologia\DOENTES\204\Segmentadas\PAC_06_DN17-dir.png,640,480,307200,51337,16.711263020833332,255863,83.28873697916667,95,233,160.0448993903033,25.88217630745413,255,284,
204,1,Sick,5,18,PAC_06_DN18-dir.png,C:\Users\LENOVO\OneDrive\medtech project\Imagens e Matrizes da Tese de Thiago Alves Elias da Silva\Desenvolvimento da Metodologia\DOENTES\204\Segmentadas\PAC_06_DN18-dir.png,640,480,307200,55811,18.167643229166668,251389,81.83235677083334,96,233,161.62951747863323,25.815140974225216,260,299,
204,1,Sick,5,19,PAC_06_DN19-dir.png,C:\Users\LENOVO\OneDrive\medtech project\Imagens e Matrizes da Tese de Thiago Alves Elias da Silva\Desenvolvimento da Metodologia\DOENTES\204\Segmentadas\PAC_06_DN19-dir.png,640,480,307200,52182,16.986328125,255018,83.013671875,97,230,161.13473994864128,26.15861086772854,262,282,
250,1,Sick,5,0,PAC_56_DN0-esq.png,C:\Users\LENOVO\OneDrive\medtech project\Imagens e Matrizes da Tese de Thiago Alves Elias da Silva\Desenvolvimento da Metodologia\DOENTES\250\Segmentadas\PAC_56_DN0-esq.png,640,480,307200,18067,5.881184895833334,289133,94.11881510416666,1,237,131.4539768638955,28.74011026799944,163,162,
250,1,Sick,5,1,PAC_56_DN1-esq.png,C:\Users\LENOVO\OneDrive\medtech project\Imagens e Matrizes da Tese de Thiago Alves Elias da Silva\Desenvolvimento da Metodologia\DOENTES\250\Segmentadas\PAC_56_DN1-esq.png,640,480,307200,17593,5.726888020833333,289607,94.27311197916667,1,236,133.8815437958279,29.607847460299052,157,163,
250,1,Sick,5,2,PAC_56_DN2-esq.png,C:\Users\LENOVO\OneDrive\medtech project\Imagens e Matrizes da Tese de Thiago Alves Elias da Silva\Desenvolvimento da Metodologia\DOENTES\250\Segmentadas\PAC_56_DN2-esq.png,640,480,307200,16510,5.374348958333333,290690,94.62565104166667,1,235,136.4442156268928,29.680832101226905,149,158,
250,1,Sick,5,3,PAC_56_DN3-esq.png,C:\Users\LENOVO\OneDrive\medtech project\Imagens e Matrizes da Tese de Thiago Alves Elias da Silva\Desenvolvimento da Metodologia\DOENTES\250\Segmentadas\PAC_56_DN3-esq.png,640,480,307200,16510,5.374348958333333,290690,94.62565104166667,1,235,136.4442156268928,29.680832101226905,149,158,
250,1,Sick,5,4,PAC_56_DN4-esq.png,C:\Users\LENOVO\OneDrive\medtech project\Imagens e Matrizes da Tese de Thiago Alves Elias da Silva\Desenvolvimento da Metodologia\DOENTES\250\Segmentadas\PAC_56_DN4-esq.png,640,480,307200,15609,5.0810546875,291591,94.9189453125,1,243,140.81978345826127,31.50994974980427,148,146,
250,1,Sick,5,5,PAC_56_DN5-esq.png,C:\Users\LENOVO\OneDrive\medtech project\Imagens e Matrizes da Tese de Thiago Alves Elias da Silva\Desenvolvimento da Metodologia\DOENTES\250\Segmentadas\PAC_56_DN5-esq.png,640,480,307200,16231,5.283528645833333,290969,94.71647135416667,1,244,140.52091676421662,30.194574329549248,160,148,
250,1,Sick,5,6,PAC_56_DN6-esq.png,C:\Users\LENOVO\OneDrive\medtech project\Imagens e Matrizes da Tese de Thiago Alves Elias da Silva\Desenvolvimento da Metodologia\DOENTES\250\Segmentadas\PAC_56_DN6-esq.png,640,480,307200,16426,5.347005208333333,290774,94.65299479166667,1,245,142.55363448191892,30.02018806919057,159,155,
250,1,Sick,5,7,PAC_56_DN7-esq.png,C:\Users\LENOVO\OneDrive\medtech project\Imagens e Matrizes da Tese de Thiago Alves Elias da Silva\Desenvolvimento da Metodologia\DOENTES\250\Segmentadas\PAC_56_DN7-esq.png,640,480,307200,16280,5.299479166666667,290920,94.70052083333333,1,248,144.37776412776412,31.633818123251093,161,151,
250,1,Sick,5,8,PAC_56_DN8-esq.png,C:\Users\LENOVO\OneDrive\medtech project\Imagens e Matrizes da Tese de Thiago Alves Elias da Silva\Desenvolvimento da Metodologia\DOENTES\250\Segmentadas\PAC_56_DN8-esq.png,640,480,307200,17441,5.677408854166666,289759,94.32259114583333,1,254,146.06874605813886,31.50555686147376,162,158,
250,1,Sick,5,9,PAC_56_DN9-esq.png,C:\Users\LENOVO\OneDrive\medtech project\Imagens e Matrizes da Tese de Thiago Alves Elias da Silva\Desenvolvimento da Metodologia\DOENTES\250\Segmentadas\PAC_56_DN9-esq.png,640,480,307200,16169,5.263346354166667,291031,94.73665364583333,1,249,146.68111818912735,32.178701816604764,158,147,
250,1,Sick,5,10,PAC_56_DN10-esq.png,C:\Users\LENOVO\OneDrive\medtech project\Imagens e Matrizes da Tese de Thiago Alves Elias da Silva\Desenvolvimento da Metodologia\DOENTES\250\Segmentadas\PAC_56_DN10-esq.png,640,480,307200,15626,5.086588541666667,291574,94.91341145833333,1,252,146.6677972609753,31.7849516619971,159,144,
250,1,Sick,5,11,PAC_56_DN11-esq.png,C:\Users\LENOVO\OneDrive\medtech project\Imagens e Matrizes da Tese de Thiago Alves Elias da Silva\Desenvolvimento da Metodologia\DOENTES\250\Segmentadas\PAC_56_DN11-esq.png,640,480,307200,15154,4.932942708333334,292046,95.06705729166667,1,249,149.0931767190181,32.53241592549047,154,142,VERY_SMALL_ROI
250,1,Sick,5,12,PAC_56_DN12-esq.png,C:\Users\LENOVO\OneDrive\medtech project\Imagens e Matrizes da Tese de Thiago Alves Elias da Silva\Desenvolvimento da Metodologia\DOENTES\250\Segmentadas\PAC_56_DN12-esq.png,640,480,307200,15886,5.171223958333333,291314,94.82877604166666,1,251,149.89462419740653,31.7247220353897,157,148,
250,1,Sick,5,13,PAC_56_DN13-esq.png,C:\Users\LENOVO\OneDrive\medtech project\Imagens e Matrizes da Tese de Thiago Alves Elias da Silva\Desenvolvimento da Metodologia\DOENTES\250\Segmentadas\PAC_56_DN13-esq.png,640,480,307200,15805,5.144856770833333,291395,94.85514322916667,1,245,150.19670990192978,31.635244611161603,152,151,
250,1,Sick,5,14,PAC_56_DN14-esq.png,C:\Users\LENOVO\OneDrive\medtech project\Imagens e Matrizes da Tese de Thiago Alves Elias da Silva\Desenvolvimento da Metodologia\DOENTES\250\Segmentadas\PAC_56_DN14-esq.png,640,480,307200,16300,5.305989583333334,290900,94.69401041666666,1,252,154.3942944785276,30.9751224831444,157,150,
250,1,Sick,5,15,PAC_56_DN15-esq.png,C:\Users\LENOVO\OneDrive\medtech project\Imagens e Matrizes da Tese de Thiago Alves Elias da Silva\Desenvolvimento da Metodologia\DOENTES\250\Segmentadas\PAC_56_DN15-esq.png,640,480,307200,15442,5.026692708333334,291758,94.97330729166666,1,250,151.77120839269526,32.925621240596584,152,143,
250,1,Sick,5,16,PAC_56_DN16-esq.png,C:\Users\LENOVO\OneDrive\medtech project\Imagens e Matrizes da Tese de Thiago Alves Elias da Silva\Desenvolvimento da Metodologia\DOENTES\250\Segmentadas\PAC_56_DN16-esq.png,640,480,307200,16784,5.463541666666667,290416,94.53645833333333,1,252,152.54230219256434,32.4428605696986,157,154,
250,1,Sick,5,17,PAC_56_DN17-esq.png,C:\Users\LENOVO\OneDrive\medtech project\Imagens e Matrizes da Tese de Thiago Alves Elias da Silva\Desenvolvimento da Metodologia\DOENTES\250\Segmentadas\PAC_56_DN17-esq.png,640,480,307200,16252,5.290364583333333,290948,94.70963541666667,1,251,153.0573467880876,31.685893547657084,151,154,
250,1,Sick,5,18,PAC_56_DN18-esq.png,C:\Users\LENOVO\OneDrive\medtech project\Imagens e Matrizes da Tese de Thiago Alves Elias da Silva\Desenvolvimento da Metodologia\DOENTES\250\Segmentadas\PAC_56_DN18-esq.png,640,480,307200,17232,5.609375,289968,94.390625,1,255,154.96518105849583,32.995036264509245,163,155,
250,1,Sick,5,19,PAC_56_DN19-esq.png,C:\Users\LENOVO\OneDrive\medtech project\Imagens e Matrizes da Tese de Thiago Alves Elias da Silva\Desenvolvimento da Metodologia\DOENTES\250\Segmentadas\PAC_56_DN19-esq.png,640,480,307200,15548,5.061197916666667,291652,94.93880208333333,1,252,154.44655261126832,32.18029766941811,158,148,
256,1,Sick,5,0,PAC_62_DN0-dir.png,C:\Users\LENOVO\OneDrive\medtech project\Imagens e Matrizes da Tese de Thiago Alves Elias da Silva\12 Novos Casos de Testes\DOENTES\256\Segmentadas\PAC_62_DN0-dir.png,640,480,307200,21321,6.940429687499999,285879,93.0595703125,136,222,167.36743117114582,9.71887461656183,157,162,
256,1,Sick,5,1,PAC_62_DN1-dir.png,C:\Users\LENOVO\OneDrive\medtech project\Imagens e Matrizes da Tese de Thiago Alves Elias da Silva\12 Novos Casos de Testes\DOENTES\256\Segmentadas\PAC_62_DN1-dir.png,640,480,307200,20896,6.802083333333334,286304,93.19791666666667,144,228,172.9854039050536,9.708028373565094,158,154,
256,1,Sick,5,2,PAC_62_DN2-dir.png,C:\Users\LENOVO\OneDrive\medtech project\Imagens e Matrizes da Tese de Thiago Alves Elias da Silva\12 Novos Casos de Testes\DOENTES\256\Segmentadas\PAC_62_DN2-dir.png,640,480,307200,21703,7.064778645833333,285497,92.93522135416666,152,233,177.81749066949268,9.89929963575375,158,160,
256,1,Sick,5,3,PAC_62_DN3-dir.png,C:\Users\LENOVO\OneDrive\medtech project\Imagens e Matrizes da Tese de Thiago Alves Elias da Silva\12 Novos Casos de Testes\DOENTES\256\Segmentadas\PAC_62_DN3-dir.png,640,480,307200,21749,7.079752604166667,285451,92.92024739583333,155,234,181.11995953836959,10.054465738181262,159,161,
256,1,Sick,5,4,PAC_62_DN4-dir.png,C:\Users\LENOVO\OneDrive\medtech project\Imagens e Matrizes da Tese de Thiago Alves Elias da Silva\12 Novos Casos de Testes\DOENTES\256\Segmentadas\PAC_62_DN4-dir.png,640,480,307200,21364,6.954427083333334,285836,93.04557291666666,155,235,182.45515821007302,10.42074977682143,156,159,
256,1,Sick,5,5,PAC_62_DN5-dir.png,C:\Users\LENOVO\OneDrive\medtech project\Imagens e Matrizes da Tese de Thiago Alves Elias da Silva\12 Novos Casos de Testes\DOENTES\256\Segmentadas\PAC_62_DN5-dir.png,640,480,307200,21089,6.864908854166667,286111,93.13509114583334,161,237,185.809568969605,10.369962378418188,153,161,
256,1,Sick,5,6,PAC_62_DN6-dir.png,C:\Users\LENOVO\OneDrive\medtech project\Imagens e Matrizes da Tese de Thiago Alves Elias da Silva\12 Novos Casos de Testes\DOENTES\256\Segmentadas\PAC_62_DN6-dir.png,640,480,307200,21342,6.947265625,285858,93.052734375,163,240,188.7518508106082,10.787556307812554,158,159,
256,1,Sick,5,7,PAC_62_DN7-dir.png,C:\Users\LENOVO\OneDrive\medtech project\Imagens e Matrizes da Tese de Thiago Alves Elias da Silva\12 Novos Casos de Testes\DOENTES\256\Segmentadas\PAC_62_DN7-dir.png,640,480,307200,21046,6.850911458333334,286154,93.14908854166667,165,241,189.76537109189394,10.683376525924166,157,161,
256,1,Sick,5,8,PAC_62_DN8-dir.png,C:\Users\LENOVO\OneDrive\medtech project\Imagens e Matrizes da Tese de Thiago Alves Elias da Silva\12 Novos Casos de Testes\DOENTES\256\Segmentadas\PAC_62_DN8-dir.png,640,480,307200,20886,6.798828125,286314,93.201171875,166,243,192.07842573972997,10.875584866822443,153,160,
256,1,Sick,5,9,PAC_62_DN9-dir.png,C:\Users\LENOVO\OneDrive\medtech project\Imagens e Matrizes da Tese de Thiago Alves Elias da Silva\12 Novos Casos de Testes\DOENTES\256\Segmentadas\PAC_62_DN9-dir.png,640,480,307200,21500,6.998697916666667,285700,93.00130208333334,166,249,193.5900930232558,11.271983151929973,158,161,
256,1,Sick,5,10,PAC_62_DN10-dir.png,C:\Users\LENOVO\OneDrive\medtech project\Imagens e Matrizes da Tese de Thiago Alves Elias da Silva\12 Novos Casos de Testes\DOENTES\256\Segmentadas\PAC_62_DN10-dir.png,640,480,307200,21092,6.865885416666667,286108,93.13411458333334,167,249,194.63512232125925,11.369928125065048,152,163,
256,1,Sick,5,11,PAC_62_DN11-dir.png,C:\Users\LENOVO\OneDrive\medtech project\Imagens e Matrizes da Tese de Thiago Alves Elias da Silva\12 Novos Casos de Testes\DOENTES\256\Segmentadas\PAC_62_DN11-dir.png,640,480,307200,20942,6.817057291666667,286258,93.18294270833334,169,244,197.36925795053003,10.99177840247319,155,162,
256,1,Sick,5,12,PAC_62_DN12-dir.png,C:\Users\LENOVO\OneDrive\medtech project\Imagens e Matrizes da Tese de Thiago Alves Elias da Silva\12 Novos Casos de Testes\DOENTES\256\Segmentadas\PAC_62_DN12-dir.png,640,480,307200,21419,6.972330729166666,285781,93.02766927083333,169,244,197.31364676222046,11.064574373306911,157,162,
256,1,Sick,5,13,PAC_62_DN13-dir.png,C:\Users\LENOVO\OneDrive\medtech project\Imagens e Matrizes da Tese de Thiago Alves Elias da Silva\12 Novos Casos de Testes\DOENTES\256\Segmentadas\PAC_62_DN13-dir.png,640,480,307200,20828,6.779947916666666,286372,93.22005208333334,169,245,198.39523718071825,11.107663160524222,154,160,
256,1,Sick,5,14,PAC_62_DN14-dir.png,C:\Users\LENOVO\OneDrive\medtech project\Imagens e Matrizes da Tese de Thiago Alves Elias da Silva\12 Novos Casos de Testes\DOENTES\256\Segmentadas\PAC_62_DN14-dir.png,640,480,307200,21146,6.883463541666666,286054,93.11653645833333,167,247,198.65440272391942,11.164632970782696,156,159,
256,1,Sick,5,15,PAC_62_DN15-dir.png,C:\Users\LENOVO\OneDrive\medtech project\Imagens e Matrizes da Tese de Thiago Alves Elias da Silva\12 Novos Casos de Testes\DOENTES\256\Segmentadas\PAC_62_DN15-dir.png,640,480,307200,20933,6.814127604166667,286267,93.18587239583334,168,244,197.32709119571967,11.11333889387993,155,160,
256,1,Sick,5,16,PAC_62_DN16-dir.png,C:\Users\LENOVO\OneDrive\medtech project\Imagens e Matrizes da Tese de Thiago Alves Elias da Silva\12 Novos Casos de Testes\DOENTES\256\Segmentadas\PAC_62_DN16-dir.png,640,480,307200,21424,6.973958333333333,285776,93.02604166666667,170,245,200.51573002240477,11.050968843823464,159,160,
256,1,Sick,5,17,PAC_62_DN17-dir.png,C:\Users\LENOVO\OneDrive\medtech project\Imagens e Matrizes da Tese de Thiago Alves Elias da Silva\12 Novos Casos de Testes\DOENTES\256\Segmentadas\PAC_62_DN17-dir.png,640,480,307200,22354,7.276692708333334,284846,92.72330729166667,170,245,201.1707971727655,10.93830432852176,164,161,
256,1,Sick,5,18,PAC_62_DN18-dir.png,C:\Users\LENOVO\OneDrive\medtech project\Imagens e Matrizes da Tese de Thiago Alves Elias da Silva\12 Novos Casos de Testes\DOENTES\256\Segmentadas\PAC_62_DN18-dir.png,640,480,307200,21286,6.929036458333333,285914,93.07096354166666,170,246,200.4625105703279,10.959059530166511,157,160,
256,1,Sick,5,19,PAC_62_DN19-dir.png,C:\Users\LENOVO\OneDrive\medtech project\Imagens e Matrizes da Tese de Thiago Alves Elias da Silva\12 Novos Casos de Testes\DOENTES\256\Segmentadas\PAC_62_DN19-dir.png,640,480,307200,21324,6.94140625,285876,93.05859375,169,244,199.72547364471956,11.029289722880163,157,161,
400,1,Sick,5,0,PAC_55_DN0-dir.png,C:\Users\LENOVO\OneDrive\medtech project\Imagens e Matrizes da Tese de Thiago Alves Elias da Silva\Desenvolvimento da Metodologia\DOENTES\400\Segmentadas\PAC_55_DN0-dir.png,640,480,307200,30747,10.0087890625,276453,89.9912109375,1,187,132.166715451914,24.792046556615585,179,227,
400,1,Sick,5,1,PAC_55_DN1-dir.png,C:\Users\LENOVO\OneDrive\medtech project\Imagens e Matrizes da Tese de Thiago Alves Elias da Silva\Desenvolvimento da Metodologia\DOENTES\400\Segmentadas\PAC_55_DN1-dir.png,640,480,307200,29513,9.607096354166666,277687,90.39290364583333,1,193,137.63595703588248,25.793262765816294,188,218,
400,1,Sick,5,2,PAC_55_DN2-dir.png,C:\Users\LENOVO\OneDrive\medtech project\Imagens e Matrizes da Tese de Thiago Alves Elias da Silva\Desenvolvimento da Metodologia\DOENTES\400\Segmentadas\PAC_55_DN2-dir.png,640,480,307200,32396,10.545572916666666,274804,89.45442708333333,1,203,144.4089702432399,25.735941810350845,195,237,
400,1,Sick,5,3,PAC_55_DN3-dir.png,C:\Users\LENOVO\OneDrive\medtech project\Imagens e Matrizes da Tese de Thiago Alves Elias da Silva\Desenvolvimento da Metodologia\DOENTES\400\Segmentadas\PAC_55_DN3-dir.png,640,480,307200,30722,10.000651041666666,276478,89.99934895833334,1,207,147.24181368400494,26.880834763650874,190,233,
400,1,Sick,5,4,PAC_55_DN4-dir.png,C:\Users\LENOVO\OneDrive\medtech project\Imagens e Matrizes da Tese de Thiago Alves Elias da Silva\Desenvolvimento da Metodologia\DOENTES\400\Segmentadas\PAC_55_DN4-dir.png,640,480,307200,33781,10.996419270833334,273419,89.00358072916667,1,213,154.06204671264913,26.600038722460905,199,244,
400,1,Sick,5,5,PAC_55_DN5-dir.png,C:\Users\LENOVO\OneDrive\medtech project\Imagens e Matrizes da Tese de Thiago Alves Elias da Silva\Desenvolvimento da Metodologia\DOENTES\400\Segmentadas\PAC_55_DN5-dir.png,640,480,307200,31702,10.319661458333334,275498,89.68033854166667,1,215,152.30723613652137,27.577297448335656,188,240,
400,1,Sick,5,6,PAC_55_DN6-dir.png,C:\Users\LENOVO\OneDrive\medtech project\Imagens e Matrizes da Tese de Thiago Alves Elias da Silva\Desenvolvimento da Metodologia\DOENTES\400\Segmentadas\PAC_55_DN6-dir.png,640,480,307200,35741,11.634440104166668,271459,88.36555989583333,1,216,156.3292017570857,27.151834983598903,188,255,
400,1,Sick,5,7,PAC_55_DN7-dir.png,C:\Users\LENOVO\OneDrive\medtech project\Imagens e Matrizes da Tese de Thiago Alves Elias da Silva\Desenvolvimento da Metodologia\DOENTES\400\Segmentadas\PAC_55_DN7-dir.png,640,480,307200,32004,10.41796875,275196,89.58203125,1,219,155.74425071866017,28.05694038720448,186,243,
400,1,Sick,5,8,PAC_55_DN8-dir.png,C:\Users\LENOVO\OneDrive\medtech project\Imagens e Matrizes da Tese de Thiago Alves Elias da Silva\Desenvolvimento da Metodologia\DOENTES\400\Segmentadas\PAC_55_DN8-dir.png,640,480,307200,31269,10.1787109375,275931,89.8212890625,1,218,157.85010713486201,28.188048359149914,178,245,
400,1,Sick,5,9,PAC_55_DN9-dir.png,C:\Users\LENOVO\OneDrive\medtech project\Imagens e Matrizes da Tese de Thiago Alves Elias da Silva\Desenvolvimento da Metodologia\DOENTES\400\Segmentadas\PAC_55_DN9-dir.png,640,480,307200,33676,10.962239583333332,273524,89.03776041666667,1,217,159.0425822544245,28.00717509891414,185,256,
400,1,Sick,5,10,PAC_55_DN10-dir.png,C:\Users\LENOVO\OneDrive\medtech project\Imagens e Matrizes da Tese de Thiago Alves Elias da Silva\Desenvolvimento da Metodologia\DOENTES\400\Segmentadas\PAC_55_DN10-dir.png,640,480,307200,35803,11.654622395833334,271397,88.34537760416666,1,217,159.0987068122783,28.210760867869393,190,259,
400,1,Sick,5,11,PAC_55_DN11-dir.png,C:\Users\LENOVO\OneDrive\medtech project\Imagens e Matrizes da Tese de Thiago Alves Elias da Silva\Desenvolvimento da Metodologia\DOENTES\400\Segmentadas\PAC_55_DN11-dir.png,640,480,307200,32321,10.521158854166666,274879,89.47884114583333,1,218,158.9115435784784,28.868467026323913,184,257,
400,1,Sick,5,12,PAC_55_DN12-dir.png,C:\Users\LENOVO\OneDrive\medtech project\Imagens e Matrizes da Tese de Thiago Alves Elias da Silva\Desenvolvimento da Metodologia\DOENTES\400\Segmentadas\PAC_55_DN12-dir.png,640,480,307200,33090,10.771484375,274110,89.228515625,1,216,158.78984587488668,28.55065143631077,177,258,
400,1,Sick,5,13,PAC_55_DN13-dir.png,C:\Users\LENOVO\OneDrive\medtech project\Imagens e Matrizes da Tese de Thiago Alves Elias da Silva\Desenvolvimento da Metodologia\DOENTES\400\Segmentadas\PAC_55_DN13-dir.png,640,480,307200,33594,10.935546875,273606,89.064453125,1,216,158.57504316246948,28.934610488407074,184,257,
400,1,Sick,5,14,PAC_55_DN14-dir.png,C:\Users\LENOVO\OneDrive\medtech project\Imagens e Matrizes da Tese de Thiago Alves Elias da Silva\Desenvolvimento da Metodologia\DOENTES\400\Segmentadas\PAC_55_DN14-dir.png,640,480,307200,31831,10.361653645833334,275369,89.63834635416667,1,217,159.46643209449908,29.298338390156964,174,257,
400,1,Sick,5,15,PAC_55_DN15-dir.png,C:\Users\LENOVO\OneDrive\medtech project\Imagens e Matrizes da Tese de Thiago Alves Elias da Silva\Desenvolvimento da Metodologia\DOENTES\400\Segmentadas\PAC_55_DN15-dir.png,640,480,307200,33206,10.809244791666666,273994,89.19075520833334,1,216,160.46259712100223,28.83417723320336,180,248,
400,1,Sick,5,16,PAC_55_DN16-dir.png,C:\Users\LENOVO\OneDrive\medtech project\Imagens e Matrizes da Tese de Thiago Alves Elias da Silva\Desenvolvimento da Metodologia\DOENTES\400\Segmentadas\PAC_55_DN16-dir.png,640,480,307200,31059,10.1103515625,276141,89.8896484375,1,217,159.62139798448115,29.36913937933908,177,241,
400,1,Sick,5,17,PAC_55_DN17-dir.png,C:\Users\LENOVO\OneDrive\medtech project\Imagens e Matrizes da Tese de Thiago Alves Elias da Silva\Desenvolvimento da Metodologia\DOENTES\400\Segmentadas\PAC_55_DN17-dir.png,640,480,307200,32691,10.6416015625,274509,89.3583984375,1,218,160.6301734422318,29.485575901210982,176,248,
400,1,Sick,5,18,PAC_55_DN18-dir.png,C:\Users\LENOVO\OneDrive\medtech project\Imagens e Matrizes da Tese de Thiago Alves Elias da Silva\Desenvolvimento da Metodologia\DOENTES\400\Segmentadas\PAC_55_DN18-dir.png,640,480,307200,32497,10.578450520833334,274703,89.42154947916666,1,217,161.73791426900945,29.48490455737513,171,258,
400,1,Sick,5,19,PAC_55_DN19-dir.png,C:\Users\LENOVO\OneDrive\medtech project\Imagens e Matrizes da Tese de Thiago Alves Elias da Silva\Desenvolvimento da Metodologia\DOENTES\400\Segmentadas\PAC_55_DN19-dir.png,640,480,307200,29903,9.734049479166666,277297,90.26595052083334,1,216,160.4979099087048,29.195735730238525,171,241,
600,1,Sick,5,0,PAC_58_DN0-esq.png,C:\Users\LENOVO\OneDrive\medtech project\Imagens e Matrizes da Tese de Thiago Alves Elias da Silva\Desenvolvimento da Metodologia\DOENTES\600\Segmentadas\PAC_58_DN0-esq.png,640,480,307200,44079,14.3486328125,263121,85.6513671875,1,250,164.30023367136278,31.66285188894064,219,247,
600,1,Sick,5,1,PAC_58_DN1-esq.png,C:\Users\LENOVO\OneDrive\medtech project\Imagens e Matrizes da Tese de Thiago Alves Elias da Silva\Desenvolvimento da Metodologia\DOENTES\600\Segmentadas\PAC_58_DN1-esq.png,640,480,307200,42001,13.672200520833332,265199,86.32779947916667,1,255,167.96319135258685,33.34981790607699,215,239,
600,1,Sick,5,2,PAC_58_DN2-esq.png,C:\Users\LENOVO\OneDrive\medtech project\Imagens e Matrizes da Tese de Thiago Alves Elias da Silva\Desenvolvimento da Metodologia\DOENTES\600\Segmentadas\PAC_58_DN2-esq.png,640,480,307200,43174,14.054036458333332,264026,85.94596354166667,1,255,168.3955621438829,32.79686182109731,218,239,
600,1,Sick,5,3,PAC_58_DN3-esq.png,C:\Users\LENOVO\OneDrive\medtech project\Imagens e Matrizes da Tese de Thiago Alves Elias da Silva\Desenvolvimento da Metodologia\DOENTES\600\Segmentadas\PAC_58_DN3-esq.png,640,480,307200,42075,13.6962890625,265125,86.3037109375,1,255,169.2630065359477,33.5863048121846,212,238,
600,1,Sick,5,4,PAC_58_DN4-esq.png,C:\Users\LENOVO\OneDrive\medtech project\Imagens e Matrizes da Tese de Thiago Alves Elias da Silva\Desenvolvimento da Metodologia\DOENTES\600\Segmentadas\PAC_58_DN4-esq.png,640,480,307200,41770,13.597005208333332,265430,86.40299479166667,1,255,171.09751017476657,33.33562319840162,209,241,
600,1,Sick,5,5,PAC_58_DN5-esq.png,C:\Users\LENOVO\OneDrive\medtech project\Imagens e Matrizes da Tese de Thiago Alves Elias da Silva\Desenvolvimento da Metodologia\DOENTES\600\Segmentadas\PAC_58_DN5-esq.png,640,480,307200,42314,13.774088541666666,264886,86.22591145833334,1,255,172.3064943044855,33.28323087344414,215,237,
600,1,Sick,5,6,PAC_58_DN6-esq.png,C:\Users\LENOVO\OneDrive\medtech project\Imagens e Matrizes da Tese de Thiago Alves Elias da Silva\Desenvolvimento da Metodologia\DOENTES\600\Segmentadas\PAC_58_DN6-esq.png,640,480,307200,43931,14.300455729166666,263269,85.69954427083334,1,255,173.70175957751928,32.58768643220652,216,245,
600,1,Sick,5,7,PAC_58_DN7-esq.png,C:\Users\LENOVO\OneDrive\medtech project\Imagens e Matrizes da Tese de Thiago Alves Elias da Silva\Desenvolvimento da Metodologia\DOENTES\600\Segmentadas\PAC_58_DN7-esq.png,640,480,307200,42093,13.7021484375,265107,86.2978515625,1,255,174.47425937804385,33.781672134465325,211,241,
600,1,Sick,5,8,PAC_58_DN8-esq.png,C:\Users\LENOVO\OneDrive\medtech project\Imagens e Matrizes da Tese de Thiago Alves Elias da Silva\Desenvolvimento da Metodologia\DOENTES\600\Segmentadas\PAC_58_DN8-esq.png,640,480,307200,43103,14.030924479166668,264097,85.96907552083334,1,255,175.82613739182887,33.138966521231694,212,246,
600,1,Sick,5,9,PAC_58_DN9-esq.png,C:\Users\LENOVO\OneDrive\medtech project\Imagens e Matrizes da Tese de Thiago Alves Elias da Silva\Desenvolvimento da Metodologia\DOENTES\600\Segmentadas\PAC_58_DN9-esq.png,640,480,307200,42869,13.954752604166668,264331,86.04524739583333,1,255,177.31717558142248,33.18340559464256,214,241,
600,1,Sick,5,10,PAC_58_DN10-esq.png,C:\Users\LENOVO\OneDrive\medtech project\Imagens e Matrizes da Tese de Thiago Alves Elias da Silva\Desenvolvimento da Metodologia\DOENTES\600\Segmentadas\PAC_58_DN10-esq.png,640,480,307200,42792,13.929687499999998,264408,86.0703125,1,255,178.90925873995138,33.53150058378585,211,244,
600,1,Sick,5,11,PAC_58_DN11-esq.png,C:\Users\LENOVO\OneDrive\medtech project\Imagens e Matrizes da Tese de Thiago Alves Elias da Silva\Desenvolvimento da Metodologia\DOENTES\600\Segmentadas\PAC_58_DN11-esq.png,640,480,307200,42648,13.8828125,264552,86.1171875,1,255,179.1398189833052,33.92184889114731,211,242,
600,1,Sick,5,12,PAC_58_DN12-esq.png,C:\Users\LENOVO\OneDrive\medtech project\Imagens e Matrizes da Tese de Thiago Alves Elias da Silva\Desenvolvimento da Metodologia\DOENTES\600\Segmentadas\PAC_58_DN12-esq.png,640,480,307200,41337,13.4560546875,265863,86.5439453125,1,255,179.34102619928876,34.13604691741127,209,236,
600,1,Sick,5,13,PAC_58_DN13-esq.png,C:\Users\LENOVO\OneDrive\medtech project\Imagens e Matrizes da Tese de Thiago Alves Elias da Silva\Desenvolvimento da Metodologia\DOENTES\600\Segmentadas\PAC_58_DN13-esq.png,640,480,307200,40714,13.253255208333334,266486,86.74674479166666,1,255,181.5671759100064,34.38373329696195,206,236,
600,1,Sick,5,14,PAC_58_DN14-esq.png,C:\Users\LENOVO\OneDrive\medtech project\Imagens e Matrizes da Tese de Thiago Alves Elias da Silva\Desenvolvimento da Metodologia\DOENTES\600\Segmentadas\PAC_58_DN14-esq.png,640,480,307200,41826,13.615234374999998,265374,86.384765625,1,255,180.2142208195859,33.448324076526525,208,245,
600,1,Sick,5,15,PAC_58_DN15-esq.png,C:\Users\LENOVO\OneDrive\medtech project\Imagens e Matrizes da Tese de Thiago Alves Elias da Silva\Desenvolvimento da Metodologia\DOENTES\600\Segmentadas\PAC_58_DN15-esq.png,640,480,307200,41735,13.585611979166668,265465,86.41438802083333,1,255,182.03234695100036,33.989987296424125,209,237,
600,1,Sick,5,16,PAC_58_DN16-esq.png,C:\Users\LENOVO\OneDrive\medtech project\Imagens e Matrizes da Tese de Thiago Alves Elias da Silva\Desenvolvimento da Metodologia\DOENTES\600\Segmentadas\PAC_58_DN16-esq.png,640,480,307200,42688,13.895833333333332,264512,86.10416666666667,1,255,181.65573463268365,33.59866700310226,211,240,
600,1,Sick,5,17,PAC_58_DN17-esq.png,C:\Users\LENOVO\OneDrive\medtech project\Imagens e Matrizes da Tese de Thiago Alves Elias da Silva\Desenvolvimento da Metodologia\DOENTES\600\Segmentadas\PAC_58_DN17-esq.png,640,480,307200,41898,13.638671875,265302,86.361328125,1,255,182.52737600840135,34.409087115762176,210,239,
600,1,Sick,5,18,PAC_58_DN18-esq.png,C:\Users\LENOVO\OneDrive\medtech project\Imagens e Matrizes da Tese de Thiago Alves Elias da Silva\Desenvolvimento da Metodologia\DOENTES\600\Segmentadas\PAC_58_DN18-esq.png,640,480,307200,41667,13.563476562499998,265533,86.4365234375,1,255,184.62313101495187,33.67285496869211,206,242,
600,1,Sick,5,19,PAC_58_DN19-esq.png,C:\Users\LENOVO\OneDrive\medtech project\Imagens e Matrizes da Tese de Thiago Alves Elias da Silva\Desenvolvimento da Metodologia\DOENTES\600\Segmentadas\PAC_58_DN19-esq.png,640,480,307200,43558,14.179036458333332,263642,85.82096354166666,1,255,184.94515358831902,33.54697950723066,212,250,
